# Albion UniqueName	Albion numeric ID used by market_history.AlbionId
# entries=11218
UNIQUE_HIDEOUT	1
T3_2H_TOOL_TRACKING	2
T4_2H_TOOL_TRACKING	3
T5_2H_TOOL_TRACKING	4
T6_2H_TOOL_TRACKING	5
T7_2H_TOOL_TRACKING	6
T8_2H_TOOL_TRACKING	7
T1_FARM_CARROT_SEED	8
T2_FARM_BEAN_SEED	9
T3_FARM_WHEAT_SEED	10
T4_FARM_TURNIP_SEED	11
T5_FARM_CABBAGE_SEED	12
T6_FARM_POTATO_SEED	13
T7_FARM_CORN_SEED	14
T8_FARM_PUMPKIN_SEED	15
T2_FARM_AGARIC_SEED	16
T3_FARM_COMFREY_SEED	17
T4_FARM_BURDOCK_SEED	18
T5_FARM_TEASEL_SEED	19
T6_FARM_FOXGLOVE_SEED	20
T7_FARM_MULLEIN_SEED	21
T8_FARM_YARROW_SEED	22
T3_FARM_OX_BABY	23
T4_FARM_OX_BABY	24
T5_FARM_OX_BABY	25
T6_FARM_OX_BABY	26
T7_FARM_OX_BABY	27
T8_FARM_OX_BABY	28
T3_FARM_OX_GROWN	29
T4_FARM_OX_GROWN	30
T5_FARM_OX_GROWN	31
T6_FARM_OX_GROWN	32
T7_FARM_OX_GROWN	33
T8_FARM_OX_GROWN	34
T3_FARM_HORSE_BABY	35
T4_FARM_HORSE_BABY	36
T5_FARM_HORSE_BABY	37
T6_FARM_HORSE_BABY	38
T7_FARM_HORSE_BABY	39
T8_FARM_HORSE_BABY	40
T3_FARM_HORSE_GROWN	41
T4_FARM_HORSE_GROWN	42
T5_FARM_HORSE_GROWN	43
T6_FARM_HORSE_GROWN	44
T7_FARM_HORSE_GROWN	45
T8_FARM_HORSE_GROWN	46
T6_FARM_DIREWOLF_BABY	47
T7_FARM_DIREBOAR_BABY	48
T8_FARM_DIREBEAR_BABY	49
T7_FARM_SWAMPDRAGON_BABY	50
T8_FARM_MAMMOTH_BABY	51
T5_FARM_COUGAR_BABY	52
T8_FARM_DIREWOLF_BABY	53
T4_FARM_GIANTSTAG_BABY	54
T6_FARM_GIANTSTAG_BABY	55
T6_FARM_GIANTSTAG_MOOSE_BABY	56
T8_FARM_RABBIT_EASTER_BABY	57
T8_FARM_RABBIT_EASTER_BABY_DARK	58
T8_FARM_RABBIT_EASTER_GROWN	59
T8_FARM_RABBIT_EASTER_GROWN_DARK	60
T5_FARM_MOABIRD_FW_BRIDGEWATCH_BABY	61
T5_FARM_DIREBEAR_FW_FORTSTERLING_BABY	62
T5_FARM_DIREBOAR_FW_LYMHURST_BABY	63
T5_FARM_RAM_FW_MARTLOCK_BABY	64
T5_FARM_SWAMPDRAGON_FW_THETFORD_BABY	65
T5_FARM_GREYWOLF_FW_CAERLEON_BABY	66
T5_FARM_OWL_FW_BRECILIEN_BABY	67
T5_FARM_SPIDER_HELL_BABY	68
T8_FARM_MOABIRD_FW_BRIDGEWATCH_BABY	69
T8_FARM_DIREBEAR_FW_FORTSTERLING_BABY	70
T8_FARM_DIREBOAR_FW_LYMHURST_BABY	71
T8_FARM_RAM_FW_MARTLOCK_BABY	72
T8_FARM_SWAMPDRAGON_FW_THETFORD_BABY	73
T8_FARM_GREYWOLF_FW_CAERLEON_BABY	74
T8_FARM_OWL_FW_BRECILIEN_BABY	75
T8_FARM_SPIDER_HELL_BABY	76
T6_FARM_DIREWOLF_GROWN	77
T7_FARM_DIREBOAR_GROWN	78
T8_FARM_DIREBEAR_GROWN	79
T7_FARM_SWAMPDRAGON_GROWN	80
T8_FARM_MAMMOTH_GROWN	81
T5_FARM_COUGAR_GROWN	82
T8_FARM_DIREWOLF_GROWN	83
T4_FARM_GIANTSTAG_GROWN	84
T6_FARM_GIANTSTAG_GROWN	85
T6_FARM_GIANTSTAG_MOOSE_GROWN	86
T5_FARM_MOABIRD_FW_BRIDGEWATCH_GROWN	87
T5_FARM_DIREBEAR_FW_FORTSTERLING_GROWN	88
T5_FARM_DIREBOAR_FW_LYMHURST_GROWN	89
T5_FARM_RAM_FW_MARTLOCK_GROWN	90
T5_FARM_SWAMPDRAGON_FW_THETFORD_GROWN	91
T5_FARM_GREYWOLF_FW_CAERLEON_GROWN	92
T5_FARM_OWL_FW_BRECILIEN_GROWN	93
T5_FARM_SPIDER_HELL_GROWN	94
T8_FARM_MOABIRD_FW_BRIDGEWATCH_GROWN	95
T8_FARM_DIREBEAR_FW_FORTSTERLING_GROWN	96
T8_FARM_DIREBOAR_FW_LYMHURST_GROWN	97
T8_FARM_RAM_FW_MARTLOCK_GROWN	98
T8_FARM_SWAMPDRAGON_FW_THETFORD_GROWN	99
T8_FARM_GREYWOLF_FW_CAERLEON_GROWN	100
T8_FARM_OWL_FW_BRECILIEN_GROWN	101
T8_FARM_SPIDER_HELL_GROWN	102
T3_FARM_CHICKEN_BABY	103
T4_FARM_GOAT_BABY	104
T5_FARM_GOOSE_BABY	105
T6_FARM_SHEEP_BABY	106
T7_FARM_PIG_BABY	107
T8_FARM_COW_BABY	108
T3_FARM_CHICKEN_GROWN	109
T4_FARM_GOAT_GROWN	110
T5_FARM_GOOSE_GROWN	111
T6_FARM_SHEEP_GROWN	112
T7_FARM_PIG_GROWN	113
T8_FARM_COW_GROWN	114
T6_MOUNTUPGRADE_GIANTSTAG_XMAS	115
UNIQUE_MOUNTUPGRADE_RAM_XMAS	116
T5_MOUNTUPGRADE_HORSE_CURSE	117
T8_MOUNTUPGRADE_HORSE_CURSE	118
T8_MOUNTUPGRADE_COUGAR_KEEPER	119
T5_MOUNTUPGRADE_HORSE_MORGANA	120
T8_MOUNTUPGRADE_HORSE_MORGANA	121
T1_CARROT	122
T2_BEAN	123
T3_WHEAT	124
T4_TURNIP	125
T5_CABBAGE	126
T6_POTATO	127
T7_CORN	128
T8_PUMPKIN	129
T2_AGARIC	130
T3_COMFREY	131
T4_BURDOCK	132
T5_TEASEL	133
T6_FOXGLOVE	134
T7_MULLEIN	135
T8_YARROW	136
T3_EGG	137
T4_MILK	138
T5_EGG	139
T6_MILK	140
T8_MILK	141
T1_FISH_FRESHWATER_ALL_COMMON	142
T2_FISH_FRESHWATER_ALL_COMMON	143
T3_FISH_FRESHWATER_ALL_COMMON	144
T4_FISH_FRESHWATER_ALL_COMMON	145
T5_FISH_FRESHWATER_ALL_COMMON	146
T6_FISH_FRESHWATER_ALL_COMMON	147
T7_FISH_FRESHWATER_ALL_COMMON	148
T8_FISH_FRESHWATER_ALL_COMMON	149
T1_FISH_SALTWATER_ALL_COMMON	150
T2_FISH_SALTWATER_ALL_COMMON	151
T3_FISH_SALTWATER_ALL_COMMON	152
T4_FISH_SALTWATER_ALL_COMMON	153
T5_FISH_SALTWATER_ALL_COMMON	154
T6_FISH_SALTWATER_ALL_COMMON	155
T7_FISH_SALTWATER_ALL_COMMON	156
T8_FISH_SALTWATER_ALL_COMMON	157
T3_FISH_FRESHWATER_FOREST_RARE	158
T5_FISH_FRESHWATER_FOREST_RARE	159
T7_FISH_FRESHWATER_FOREST_RARE	160
T3_FISH_FRESHWATER_MOUNTAIN_RARE	161
T5_FISH_FRESHWATER_MOUNTAIN_RARE	162
T7_FISH_FRESHWATER_MOUNTAIN_RARE	163
T3_FISH_FRESHWATER_HIGHLANDS_RARE	164
T5_FISH_FRESHWATER_HIGHLANDS_RARE	165
T7_FISH_FRESHWATER_HIGHLANDS_RARE	166
T3_FISH_FRESHWATER_STEPPE_RARE	167
T5_FISH_FRESHWATER_STEPPE_RARE	168
T7_FISH_FRESHWATER_STEPPE_RARE	169
T3_FISH_FRESHWATER_SWAMP_RARE	170
T5_FISH_FRESHWATER_SWAMP_RARE	171
T7_FISH_FRESHWATER_SWAMP_RARE	172
T3_FISH_SALTWATER_ALL_RARE	173
T5_FISH_SALTWATER_ALL_RARE	174
T7_FISH_SALTWATER_ALL_RARE	175
T3_FISH_FRESHWATER_AVALON_RARE	176
T5_FISH_FRESHWATER_AVALON_RARE	177
T7_FISH_FRESHWATER_AVALON_RARE	178
T1_SEAWEED	179
T8_FISH_SALTWATER_ALL_BOSS_SHARK	180
T1_FISHCHOPS	181
T1_FISHSAUCE_LEVEL1	182
T1_FISHSAUCE_LEVEL2	183
T1_FISHSAUCE_LEVEL3	184
TREASURE_KNOWLEDGE_RARITY1	185
TREASURE_KNOWLEDGE_RARITY2	186
TREASURE_KNOWLEDGE_RARITY3	187
TREASURE_SILVERWARE_RARITY1	188
TREASURE_SILVERWARE_RARITY2	189
TREASURE_SILVERWARE_RARITY3	190
TREASURE_DECORATIVE_RARITY1	191
TREASURE_DECORATIVE_RARITY2	192
TREASURE_DECORATIVE_RARITY3	193
TREASURE_CEREMONIAL_RARITY1	194
TREASURE_CEREMONIAL_RARITY2	195
TREASURE_CEREMONIAL_RARITY3	196
TREASURE_TRIBAL_RARITY1	197
TREASURE_TRIBAL_RARITY2	198
TREASURE_TRIBAL_RARITY3	199
TREASURE_RITUAL_RARITY1	200
TREASURE_RITUAL_RARITY2	201
TREASURE_RITUAL_RARITY3	202
TREASURE_AVALON_RARITY1	203
TREASURE_AVALON_RARITY2	204
TREASURE_AVALON_RARITY3	205
QUESTITEM_TRANSFER_LETTER	207
QUESTITEM_LIGHT_BLUEPRINTS	208
QUESTITEM_LIGHT_MANUSCRIPTS	209
QUESTITEM_LIGHT_SURVEYS	210
QUESTITEM_HEAVY_MORTAR	211
QUESTITEM_HEAVY_CRATE	212
QUESTITEM_HEAVY_BARREL	213
QUESTITEM_LIGHT_FUR	214
QUESTITEM_LIGHT_THEPACKAGE	215
QUESTITEM_LIGHT_PATROLROUTE	216
QUESTITEM_HEAVY_MOONSHINE	217
QUESTITEM_LIGHT_KITTENS	218
QUESTITEM_LIGHT_BEES	219
QUESTITEM_LIGHT_OLDCLOTHES	220
QUESTITEM_HEAVY_FARMTOOLS	221
QUESTITEM_HEAVY_MANURE	222
QUESTITEM_LIGHT_ASSASSINATION	223
QUESTITEM_LIGHT_CASUALTIES	224
QUESTITEM_LIGHT_RINGS	225
QUESTITEM_HEAVY_MEDICAL	226
QUESTITEM_HEAVY_FIREBARREL	227
QUESTITEM_TOKEN_ARENA_UNRANKED	246
QUESTITEM_TOKEN_AVALON	248
QUESTITEM_TOKEN_MISTS	249
QUESTITEM_TOKEN_SMUGGLER	250
QUESTITEM_STANDING_SMUGGLER	251
QUESTITEM_TOKEN_ROYAL_HORSE	433
QUESTITEM_TOKEN_ROYAL_T4	434
QUESTITEM_TOKEN_ROYAL_T5	435
QUESTITEM_TOKEN_ROYAL_T6	436
QUESTITEM_TOKEN_ROYAL_T7	437
QUESTITEM_TOKEN_ROYAL_T8	438
QUESTITEM_TOKEN_KEEPER	439
QUESTITEM_TOKEN_MORGANA	440
QUESTITEM_TOKEN_UNDEAD	441
QUESTITEM_TOKEN_EVENT_HALLOWEEN_2017	442
QUESTITEM_TOKEN_EVENT_EASTER_2018	443
QUESTITEM_TOKEN_ADC_FRAME	444
T4_SKILLBOOK_GATHER_FIBER	445
T5_SKILLBOOK_GATHER_FIBER	446
T6_SKILLBOOK_GATHER_FIBER	447
T7_SKILLBOOK_GATHER_FIBER	448
T8_SKILLBOOK_GATHER_FIBER	449
T4_SKILLBOOK_GATHER_HIDE	455
T5_SKILLBOOK_GATHER_HIDE	456
T6_SKILLBOOK_GATHER_HIDE	457
T7_SKILLBOOK_GATHER_HIDE	458
T8_SKILLBOOK_GATHER_HIDE	459
T4_SKILLBOOK_GATHER_ORE	465
T5_SKILLBOOK_GATHER_ORE	466
T6_SKILLBOOK_GATHER_ORE	467
T7_SKILLBOOK_GATHER_ORE	468
T8_SKILLBOOK_GATHER_ORE	469
T4_SKILLBOOK_GATHER_ROCK	475
T5_SKILLBOOK_GATHER_ROCK	476
T6_SKILLBOOK_GATHER_ROCK	477
T7_SKILLBOOK_GATHER_ROCK	478
T8_SKILLBOOK_GATHER_ROCK	479
T4_SKILLBOOK_GATHER_WOOD	485
T5_SKILLBOOK_GATHER_WOOD	486
T6_SKILLBOOK_GATHER_WOOD	487
T7_SKILLBOOK_GATHER_WOOD	488
T8_SKILLBOOK_GATHER_WOOD	489
T4_SKILLBOOK_STANDARD	495
T1_SKILLBOOK_NONTRADABLE	496
T2_SKILLBOOK_NONTRADABLE	497
T3_SKILLBOOK_NONTRADABLE	498
T4_SKILLBOOK_NONTRADABLE	499
T5_SKILLBOOK_NONTRADABLE	500
T6_SKILLBOOK_NONTRADABLE	501
T7_SKILLBOOK_NONTRADABLE	502
T8_SKILLBOOK_NONTRADABLE	503
T1_LEARNINGPOINTS_NONTRADABLE	505
T2_LEARNINGPOINTS_NONTRADABLE	506
T3_LEARNINGPOINTS_NONTRADABLE	507
T4_LEARNINGPOINTS_NONTRADABLE	508
T5_LEARNINGPOINTS_NONTRADABLE	509
T6_LEARNINGPOINTS_NONTRADABLE	510
T7_LEARNINGPOINTS_NONTRADABLE	511
T8_LEARNINGPOINTS_NONTRADABLE	512
T3_PREMIUMITEM_3_NONTRADABLE	513
T1_SILVERBAG_NONTRADABLE	514
T2_SILVERBAG_NONTRADABLE	515
T3_SILVERBAG_NONTRADABLE	516
T4_SILVERBAG_NONTRADABLE	517
T5_SILVERBAG_NONTRADABLE	518
T6_SILVERBAG_NONTRADABLE	519
T7_SILVERBAG_NONTRADABLE	520
T8_SILVERBAG_NONTRADABLE	521
T3_FOCUSPOTION_NONTRADABLE	523
T4_FOCUSPOTION_NONTRADABLE	524
T5_FOCUSPOTION_NONTRADABLE	525
T6_FOCUSPOTION_NONTRADABLE	526
UNIQUE_FOCUSPOTION_ADC_NONTRADABLE_01	527
T8_FOCUSPOTION_NONTRADABLE	528
T2_POTION_HEAL	530
T2_POTION_HEAL@1	531
T2_POTION_HEAL@2	532
T2_POTION_HEAL@3	533
T4_POTION_HEAL	534
T4_POTION_HEAL@1	535
T4_POTION_HEAL@2	536
T4_POTION_HEAL@3	537
T6_POTION_HEAL	538
T6_POTION_HEAL@1	539
T6_POTION_HEAL@2	540
T6_POTION_HEAL@3	541
T2_POTION_ENERGY	542
T2_POTION_ENERGY@1	543
T2_POTION_ENERGY@2	544
T2_POTION_ENERGY@3	545
T4_POTION_ENERGY	546
T4_POTION_ENERGY@1	547
T4_POTION_ENERGY@2	548
T4_POTION_ENERGY@3	549
T6_POTION_ENERGY	550
T6_POTION_ENERGY@1	551
T6_POTION_ENERGY@2	552
T6_POTION_ENERGY@3	553
T3_POTION_REVIVE	554
T3_POTION_REVIVE@1	555
T3_POTION_REVIVE@2	556
T3_POTION_REVIVE@3	557
T5_POTION_REVIVE	558
T5_POTION_REVIVE@1	559
T5_POTION_REVIVE@2	560
T5_POTION_REVIVE@3	561
T7_POTION_REVIVE	562
T7_POTION_REVIVE@1	563
T7_POTION_REVIVE@2	564
T7_POTION_REVIVE@3	565
T3_POTION_STONESKIN	566
T3_POTION_STONESKIN@1	567
T3_POTION_STONESKIN@2	568
T3_POTION_STONESKIN@3	569
T5_POTION_STONESKIN	570
T5_POTION_STONESKIN@1	571
T5_POTION_STONESKIN@2	572
T5_POTION_STONESKIN@3	573
T7_POTION_STONESKIN	574
T7_POTION_STONESKIN@1	575
T7_POTION_STONESKIN@2	576
T7_POTION_STONESKIN@3	577
T3_POTION_SLOWFIELD	578
T3_POTION_SLOWFIELD@1	579
T3_POTION_SLOWFIELD@2	580
T3_POTION_SLOWFIELD@3	581
T5_POTION_SLOWFIELD	582
T5_POTION_SLOWFIELD@1	583
T5_POTION_SLOWFIELD@2	584
T5_POTION_SLOWFIELD@3	585
T7_POTION_SLOWFIELD	586
T7_POTION_SLOWFIELD@1	587
T7_POTION_SLOWFIELD@2	588
T7_POTION_SLOWFIELD@3	589
T4_POTION_COOLDOWN	590
T4_POTION_COOLDOWN@1	591
T4_POTION_COOLDOWN@2	592
T4_POTION_COOLDOWN@3	593
T6_POTION_COOLDOWN	594
T6_POTION_COOLDOWN@1	595
T6_POTION_COOLDOWN@2	596
T6_POTION_COOLDOWN@3	597
T8_POTION_COOLDOWN	598
T8_POTION_COOLDOWN@1	599
T8_POTION_COOLDOWN@2	600
T8_POTION_COOLDOWN@3	601
T8_POTION_CLEANSE	602
T8_POTION_CLEANSE@1	603
T8_POTION_CLEANSE@2	604
T8_POTION_CLEANSE@3	605
T3_POTION_MOB_RESET	606
T3_POTION_MOB_RESET@1	607
T3_POTION_MOB_RESET@2	608
T3_POTION_MOB_RESET@3	609
T5_POTION_MOB_RESET	610
T5_POTION_MOB_RESET@1	611
T5_POTION_MOB_RESET@2	612
T5_POTION_MOB_RESET@3	613
T7_POTION_MOB_RESET	614
T7_POTION_MOB_RESET@1	615
T7_POTION_MOB_RESET@2	616
T7_POTION_MOB_RESET@3	617
T3_POTION_CLEANSE2	618
T3_POTION_CLEANSE2@1	619
T3_POTION_CLEANSE2@2	620
T3_POTION_CLEANSE2@3	621
T5_POTION_CLEANSE2	622
T5_POTION_CLEANSE2@1	623
T5_POTION_CLEANSE2@2	624
T5_POTION_CLEANSE2@3	625
T7_POTION_CLEANSE2	626
T7_POTION_CLEANSE2@1	627
T7_POTION_CLEANSE2@2	628
T7_POTION_CLEANSE2@3	629
T3_POTION_ACID	630
T3_POTION_ACID@1	631
T3_POTION_ACID@2	632
T3_POTION_ACID@3	633
T5_POTION_ACID	634
T5_POTION_ACID@1	635
T5_POTION_ACID@2	636
T5_POTION_ACID@3	637
T7_POTION_ACID	638
T7_POTION_ACID@1	639
T7_POTION_ACID@2	640
T7_POTION_ACID@3	641
T4_POTION_BERSERK	642
T4_POTION_BERSERK@1	643
T4_POTION_BERSERK@2	644
T4_POTION_BERSERK@3	645
T6_POTION_BERSERK	646
T6_POTION_BERSERK@1	647
T6_POTION_BERSERK@2	648
T6_POTION_BERSERK@3	649
T8_POTION_BERSERK	650
T8_POTION_BERSERK@1	651
T8_POTION_BERSERK@2	652
T8_POTION_BERSERK@3	653
T4_POTION_LAVA	654
T4_POTION_LAVA@1	655
T4_POTION_LAVA@2	656
T4_POTION_LAVA@3	657
T6_POTION_LAVA	658
T6_POTION_LAVA@1	659
T6_POTION_LAVA@2	660
T6_POTION_LAVA@3	661
T8_POTION_LAVA	662
T8_POTION_LAVA@1	663
T8_POTION_LAVA@2	664
T8_POTION_LAVA@3	665
T4_POTION_GATHER	666
T4_POTION_GATHER@1	667
T4_POTION_GATHER@2	668
T4_POTION_GATHER@3	669
T6_POTION_GATHER	670
T6_POTION_GATHER@1	671
T6_POTION_GATHER@2	672
T6_POTION_GATHER@3	673
T8_POTION_GATHER	674
T8_POTION_GATHER@1	675
T8_POTION_GATHER@2	676
T8_POTION_GATHER@3	677
T4_POTION_TORNADO	678
T4_POTION_TORNADO@1	679
T4_POTION_TORNADO@2	680
T4_POTION_TORNADO@3	681
T6_POTION_TORNADO	682
T6_POTION_TORNADO@1	683
T6_POTION_TORNADO@2	684
T6_POTION_TORNADO@3	685
T8_POTION_TORNADO	686
T8_POTION_TORNADO@1	687
T8_POTION_TORNADO@2	688
T8_POTION_TORNADO@3	689
T1_WORM	690
T1_FISHINGBAIT	691
T3_FISHINGBAIT	692
T5_FISHINGBAIT	693
T1_MEAL_GRILLEDFISH	694
T1_MEAL_SEAWEEDSALAD	695
T1_MEAL_SOUP	696
T1_MEAL_SOUP@1	697
T1_MEAL_SOUP@2	698
T1_MEAL_SOUP@3	699
T3_MEAL_SOUP	700
T3_MEAL_SOUP@1	701
T3_MEAL_SOUP@2	702
T3_MEAL_SOUP@3	703
T5_MEAL_SOUP	704
T5_MEAL_SOUP@1	705
T5_MEAL_SOUP@2	706
T5_MEAL_SOUP@3	707
T1_MEAL_SOUP_FISH	708
T1_MEAL_SOUP_FISH@1	709
T1_MEAL_SOUP_FISH@2	710
T1_MEAL_SOUP_FISH@3	711
T3_MEAL_SOUP_FISH	712
T3_MEAL_SOUP_FISH@1	713
T3_MEAL_SOUP_FISH@2	714
T3_MEAL_SOUP_FISH@3	715
T5_MEAL_SOUP_FISH	716
T5_MEAL_SOUP_FISH@1	717
T5_MEAL_SOUP_FISH@2	718
T5_MEAL_SOUP_FISH@3	719
T2_MEAL_SALAD	720
T2_MEAL_SALAD@1	721
T2_MEAL_SALAD@2	722
T2_MEAL_SALAD@3	723
T4_MEAL_SALAD	724
T4_MEAL_SALAD@1	725
T4_MEAL_SALAD@2	726
T4_MEAL_SALAD@3	727
T6_MEAL_SALAD	728
T6_MEAL_SALAD@1	729
T6_MEAL_SALAD@2	730
T6_MEAL_SALAD@3	731
T2_MEAL_SALAD_FISH	732
T2_MEAL_SALAD_FISH@1	733
T2_MEAL_SALAD_FISH@2	734
T2_MEAL_SALAD_FISH@3	735
T4_MEAL_SALAD_FISH	736
T4_MEAL_SALAD_FISH@1	737
T4_MEAL_SALAD_FISH@2	738
T4_MEAL_SALAD_FISH@3	739
T6_MEAL_SALAD_FISH	740
T6_MEAL_SALAD_FISH@1	741
T6_MEAL_SALAD_FISH@2	742
T6_MEAL_SALAD_FISH@3	743
T3_MEAL_PIE	744
T3_MEAL_PIE@1	745
T3_MEAL_PIE@2	746
T3_MEAL_PIE@3	747
T5_MEAL_PIE	748
T5_MEAL_PIE@1	749
T5_MEAL_PIE@2	750
T5_MEAL_PIE@3	751
T7_MEAL_PIE	752
T7_MEAL_PIE@1	753
T7_MEAL_PIE@2	754
T7_MEAL_PIE@3	755
T3_MEAL_PIE_FISH	756
T3_MEAL_PIE_FISH@1	757
T3_MEAL_PIE_FISH@2	758
T3_MEAL_PIE_FISH@3	759
T5_MEAL_PIE_FISH	760
T5_MEAL_PIE_FISH@1	761
T5_MEAL_PIE_FISH@2	762
T5_MEAL_PIE_FISH@3	763
T7_MEAL_PIE_FISH	764
T7_MEAL_PIE_FISH@1	765
T7_MEAL_PIE_FISH@2	766
T7_MEAL_PIE_FISH@3	767
T3_MEAL_OMELETTE	768
T3_MEAL_OMELETTE@1	769
T3_MEAL_OMELETTE@2	770
T3_MEAL_OMELETTE@3	771
T5_MEAL_OMELETTE	772
T5_MEAL_OMELETTE@1	773
T5_MEAL_OMELETTE@2	774
T5_MEAL_OMELETTE@3	775
T7_MEAL_OMELETTE	776
T7_MEAL_OMELETTE@1	777
T7_MEAL_OMELETTE@2	778
T7_MEAL_OMELETTE@3	779
T3_MEAL_OMELETTE_FISH	780
T3_MEAL_OMELETTE_FISH@1	781
T3_MEAL_OMELETTE_FISH@2	782
T3_MEAL_OMELETTE_FISH@3	783
T5_MEAL_OMELETTE_FISH	784
T5_MEAL_OMELETTE_FISH@1	785
T5_MEAL_OMELETTE_FISH@2	786
T5_MEAL_OMELETTE_FISH@3	787
T7_MEAL_OMELETTE_FISH	788
T7_MEAL_OMELETTE_FISH@1	789
T7_MEAL_OMELETTE_FISH@2	790
T7_MEAL_OMELETTE_FISH@3	791
T3_MEAL_OMELETTE_AVALON	792
T3_MEAL_OMELETTE_AVALON@1	793
T3_MEAL_OMELETTE_AVALON@2	794
T3_MEAL_OMELETTE_AVALON@3	795
T5_MEAL_OMELETTE_AVALON	796
T5_MEAL_OMELETTE_AVALON@1	797
T5_MEAL_OMELETTE_AVALON@2	798
T5_MEAL_OMELETTE_AVALON@3	799
T7_MEAL_OMELETTE_AVALON	800
T7_MEAL_OMELETTE_AVALON@1	801
T7_MEAL_OMELETTE_AVALON@2	802
T7_MEAL_OMELETTE_AVALON@3	803
T4_MEAL_STEW	804
T4_MEAL_STEW@1	805
T4_MEAL_STEW@2	806
T4_MEAL_STEW@3	807
T6_MEAL_STEW	808
T6_MEAL_STEW@1	809
T6_MEAL_STEW@2	810
T6_MEAL_STEW@3	811
T8_MEAL_STEW	812
T8_MEAL_STEW@1	813
T8_MEAL_STEW@2	814
T8_MEAL_STEW@3	815
T4_MEAL_STEW_FISH	816
T4_MEAL_STEW_FISH@1	817
T4_MEAL_STEW_FISH@2	818
T4_MEAL_STEW_FISH@3	819
T6_MEAL_STEW_FISH	820
T6_MEAL_STEW_FISH@1	821
T6_MEAL_STEW_FISH@2	822
T6_MEAL_STEW_FISH@3	823
T8_MEAL_STEW_FISH	824
T8_MEAL_STEW_FISH@1	825
T8_MEAL_STEW_FISH@2	826
T8_MEAL_STEW_FISH@3	827
T4_MEAL_STEW_AVALON	828
T4_MEAL_STEW_AVALON@1	829
T4_MEAL_STEW_AVALON@2	830
T4_MEAL_STEW_AVALON@3	831
T6_MEAL_STEW_AVALON	832
T6_MEAL_STEW_AVALON@1	833
T6_MEAL_STEW_AVALON@2	834
T6_MEAL_STEW_AVALON@3	835
T8_MEAL_STEW_AVALON	836
T8_MEAL_STEW_AVALON@1	837
T8_MEAL_STEW_AVALON@2	838
T8_MEAL_STEW_AVALON@3	839
T4_MEAL_SANDWICH	840
T4_MEAL_SANDWICH@1	841
T4_MEAL_SANDWICH@2	842
T4_MEAL_SANDWICH@3	843
T6_MEAL_SANDWICH	844
T6_MEAL_SANDWICH@1	845
T6_MEAL_SANDWICH@2	846
T6_MEAL_SANDWICH@3	847
T8_MEAL_SANDWICH	848
T8_MEAL_SANDWICH@1	849
T8_MEAL_SANDWICH@2	850
T8_MEAL_SANDWICH@3	851
T4_MEAL_SANDWICH_FISH	852
T4_MEAL_SANDWICH_FISH@1	853
T4_MEAL_SANDWICH_FISH@2	854
T4_MEAL_SANDWICH_FISH@3	855
T6_MEAL_SANDWICH_FISH	856
T6_MEAL_SANDWICH_FISH@1	857
T6_MEAL_SANDWICH_FISH@2	858
T6_MEAL_SANDWICH_FISH@3	859
T8_MEAL_SANDWICH_FISH	860
T8_MEAL_SANDWICH_FISH@1	861
T8_MEAL_SANDWICH_FISH@2	862
T8_MEAL_SANDWICH_FISH@3	863
T4_MEAL_SANDWICH_AVALON	864
T4_MEAL_SANDWICH_AVALON@1	865
T4_MEAL_SANDWICH_AVALON@2	866
T4_MEAL_SANDWICH_AVALON@3	867
T6_MEAL_SANDWICH_AVALON	868
T6_MEAL_SANDWICH_AVALON@1	869
T6_MEAL_SANDWICH_AVALON@2	870
T6_MEAL_SANDWICH_AVALON@3	871
T8_MEAL_SANDWICH_AVALON	872
T8_MEAL_SANDWICH_AVALON@1	873
T8_MEAL_SANDWICH_AVALON@2	874
T8_MEAL_SANDWICH_AVALON@3	875
T3_MEAL_ROAST	876
T3_MEAL_ROAST@1	877
T3_MEAL_ROAST@2	878
T3_MEAL_ROAST@3	879
T5_MEAL_ROAST	880
T5_MEAL_ROAST@1	881
T5_MEAL_ROAST@2	882
T5_MEAL_ROAST@3	883
T7_MEAL_ROAST	884
T7_MEAL_ROAST@1	885
T7_MEAL_ROAST@2	886
T7_MEAL_ROAST@3	887
T3_MEAL_ROAST_FISH	888
T3_MEAL_ROAST_FISH@1	889
T3_MEAL_ROAST_FISH@2	890
T3_MEAL_ROAST_FISH@3	891
T5_MEAL_ROAST_FISH	892
T5_MEAL_ROAST_FISH@1	893
T5_MEAL_ROAST_FISH@2	894
T5_MEAL_ROAST_FISH@3	895
T7_MEAL_ROAST_FISH	896
T7_MEAL_ROAST_FISH@1	897
T7_MEAL_ROAST_FISH@2	898
T7_MEAL_ROAST_FISH@3	899
T3_MEAT	900
T4_MEAT	901
T5_MEAT	902
T6_MEAT	903
T7_MEAT	904
T8_MEAT	905
T4_BUTTER	906
T6_BUTTER	907
T8_BUTTER	908
T6_ALCOHOL	909
T7_ALCOHOL	910
T8_ALCOHOL	911
T4_BREAD	912
T3_FLOUR	913
T1_WOOD	914
T2_WOOD	915
T3_WOOD	916
T4_WOOD	917
T5_WOOD	918
T6_WOOD	919
T7_WOOD	920
T8_WOOD	921
T4_WOOD_LEVEL1@1	922
T5_WOOD_LEVEL1@1	923
T6_WOOD_LEVEL1@1	924
T7_WOOD_LEVEL1@1	925
T8_WOOD_LEVEL1@1	926
T4_WOOD_LEVEL2@2	927
T5_WOOD_LEVEL2@2	928
T6_WOOD_LEVEL2@2	929
T7_WOOD_LEVEL2@2	930
T8_WOOD_LEVEL2@2	931
T4_WOOD_LEVEL3@3	932
T5_WOOD_LEVEL3@3	933
T6_WOOD_LEVEL3@3	934
T7_WOOD_LEVEL3@3	935
T8_WOOD_LEVEL3@3	936
T4_WOOD_LEVEL4@4	937
T5_WOOD_LEVEL4@4	938
T6_WOOD_LEVEL4@4	939
T7_WOOD_LEVEL4@4	940
T8_WOOD_LEVEL4@4	941
T1_ROCK	942
T2_ROCK	943
T3_ROCK	944
T4_ROCK	945
T5_ROCK	946
T6_ROCK	947
T7_ROCK	948
T8_ROCK	949
T4_ROCK_LEVEL1@1	950
T5_ROCK_LEVEL1@1	951
T6_ROCK_LEVEL1@1	952
T7_ROCK_LEVEL1@1	953
T8_ROCK_LEVEL1@1	954
T4_ROCK_LEVEL2@2	955
T5_ROCK_LEVEL2@2	956
T6_ROCK_LEVEL2@2	957
T7_ROCK_LEVEL2@2	958
T8_ROCK_LEVEL2@2	959
T4_ROCK_LEVEL3@3	960
T5_ROCK_LEVEL3@3	961
T6_ROCK_LEVEL3@3	962
T7_ROCK_LEVEL3@3	963
T8_ROCK_LEVEL3@3	964
T2_ORE	965
T3_ORE	966
T4_ORE	967
T5_ORE	968
T6_ORE	969
T7_ORE	970
T8_ORE	971
T4_ORE_LEVEL1@1	972
T5_ORE_LEVEL1@1	973
T6_ORE_LEVEL1@1	974
T7_ORE_LEVEL1@1	975
T8_ORE_LEVEL1@1	976
T4_ORE_LEVEL2@2	977
T5_ORE_LEVEL2@2	978
T6_ORE_LEVEL2@2	979
T7_ORE_LEVEL2@2	980
T8_ORE_LEVEL2@2	981
T4_ORE_LEVEL3@3	982
T5_ORE_LEVEL3@3	983
T6_ORE_LEVEL3@3	984
T7_ORE_LEVEL3@3	985
T8_ORE_LEVEL3@3	986
T4_ORE_LEVEL4@4	987
T5_ORE_LEVEL4@4	988
T6_ORE_LEVEL4@4	989
T7_ORE_LEVEL4@4	990
T8_ORE_LEVEL4@4	991
T1_HIDE	992
T2_HIDE	993
T3_HIDE	994
T4_HIDE	995
T5_HIDE	996
T6_HIDE	997
T7_HIDE	998
T8_HIDE	999
T4_HIDE_LEVEL1@1	1000
T5_HIDE_LEVEL1@1	1001
T6_HIDE_LEVEL1@1	1002
T7_HIDE_LEVEL1@1	1003
T8_HIDE_LEVEL1@1	1004
T4_HIDE_LEVEL2@2	1005
T5_HIDE_LEVEL2@2	1006
T6_HIDE_LEVEL2@2	1007
T7_HIDE_LEVEL2@2	1008
T8_HIDE_LEVEL2@2	1009
T4_HIDE_LEVEL3@3	1010
T5_HIDE_LEVEL3@3	1011
T6_HIDE_LEVEL3@3	1012
T7_HIDE_LEVEL3@3	1013
T8_HIDE_LEVEL3@3	1014
T4_HIDE_LEVEL4@4	1015
T5_HIDE_LEVEL4@4	1016
T6_HIDE_LEVEL4@4	1017
T7_HIDE_LEVEL4@4	1018
T8_HIDE_LEVEL4@4	1019
T2_FIBER	1020
T3_FIBER	1021
T4_FIBER	1022
T5_FIBER	1023
T6_FIBER	1024
T7_FIBER	1025
T8_FIBER	1026
T4_FIBER_LEVEL1@1	1027
T5_FIBER_LEVEL1@1	1028
T6_FIBER_LEVEL1@1	1029
T7_FIBER_LEVEL1@1	1030
T8_FIBER_LEVEL1@1	1031
T4_FIBER_LEVEL2@2	1032
T5_FIBER_LEVEL2@2	1033
T6_FIBER_LEVEL2@2	1034
T7_FIBER_LEVEL2@2	1035
T8_FIBER_LEVEL2@2	1036
T4_FIBER_LEVEL3@3	1037
T5_FIBER_LEVEL3@3	1038
T6_FIBER_LEVEL3@3	1039
T7_FIBER_LEVEL3@3	1040
T8_FIBER_LEVEL3@3	1041
T4_FIBER_LEVEL4@4	1042
T5_FIBER_LEVEL4@4	1043
T6_FIBER_LEVEL4@4	1044
T7_FIBER_LEVEL4@4	1045
T8_FIBER_LEVEL4@4	1046
T2_PLANKS	1047
T3_PLANKS	1048
T4_PLANKS	1049
T5_PLANKS	1050
T6_PLANKS	1051
T7_PLANKS	1052
T8_PLANKS	1053
T4_PLANKS_LEVEL1@1	1054
T5_PLANKS_LEVEL1@1	1055
T6_PLANKS_LEVEL1@1	1056
T7_PLANKS_LEVEL1@1	1057
T8_PLANKS_LEVEL1@1	1058
T4_PLANKS_LEVEL2@2	1059
T5_PLANKS_LEVEL2@2	1060
T6_PLANKS_LEVEL2@2	1061
T7_PLANKS_LEVEL2@2	1062
T8_PLANKS_LEVEL2@2	1063
T4_PLANKS_LEVEL3@3	1064
T5_PLANKS_LEVEL3@3	1065
T6_PLANKS_LEVEL3@3	1066
T7_PLANKS_LEVEL3@3	1067
T8_PLANKS_LEVEL3@3	1068
T4_PLANKS_LEVEL4@4	1069
T5_PLANKS_LEVEL4@4	1070
T6_PLANKS_LEVEL4@4	1071
T7_PLANKS_LEVEL4@4	1072
T8_PLANKS_LEVEL4@4	1073
T2_STONEBLOCK	1074
T3_STONEBLOCK	1075
T4_STONEBLOCK	1076
T5_STONEBLOCK	1077
T6_STONEBLOCK	1078
T7_STONEBLOCK	1079
T8_STONEBLOCK	1080
T2_METALBAR	1081
T3_METALBAR	1082
T4_METALBAR	1083
T5_METALBAR	1084
T6_METALBAR	1085
T7_METALBAR	1086
T8_METALBAR	1087
T4_METALBAR_LEVEL1@1	1088
T5_METALBAR_LEVEL1@1	1089
T6_METALBAR_LEVEL1@1	1090
T7_METALBAR_LEVEL1@1	1091
T8_METALBAR_LEVEL1@1	1092
T4_METALBAR_LEVEL2@2	1093
T5_METALBAR_LEVEL2@2	1094
T6_METALBAR_LEVEL2@2	1095
T7_METALBAR_LEVEL2@2	1096
T8_METALBAR_LEVEL2@2	1097
T4_METALBAR_LEVEL3@3	1098
T5_METALBAR_LEVEL3@3	1099
T6_METALBAR_LEVEL3@3	1100
T7_METALBAR_LEVEL3@3	1101
T8_METALBAR_LEVEL3@3	1102
T4_METALBAR_LEVEL4@4	1103
T5_METALBAR_LEVEL4@4	1104
T6_METALBAR_LEVEL4@4	1105
T7_METALBAR_LEVEL4@4	1106
T8_METALBAR_LEVEL4@4	1107
T2_LEATHER	1108
T3_LEATHER	1109
T4_LEATHER	1110
T5_LEATHER	1111
T6_LEATHER	1112
T7_LEATHER	1113
T8_LEATHER	1114
T4_LEATHER_LEVEL1@1	1115
T5_LEATHER_LEVEL1@1	1116
T6_LEATHER_LEVEL1@1	1117
T7_LEATHER_LEVEL1@1	1118
T8_LEATHER_LEVEL1@1	1119
T4_LEATHER_LEVEL2@2	1120
T5_LEATHER_LEVEL2@2	1121
T6_LEATHER_LEVEL2@2	1122
T7_LEATHER_LEVEL2@2	1123
T8_LEATHER_LEVEL2@2	1124
T4_LEATHER_LEVEL3@3	1125
T5_LEATHER_LEVEL3@3	1126
T6_LEATHER_LEVEL3@3	1127
T7_LEATHER_LEVEL3@3	1128
T8_LEATHER_LEVEL3@3	1129
T4_LEATHER_LEVEL4@4	1130
T5_LEATHER_LEVEL4@4	1131
T6_LEATHER_LEVEL4@4	1132
T7_LEATHER_LEVEL4@4	1133
T8_LEATHER_LEVEL4@4	1134
T2_CLOTH	1135
T3_CLOTH	1136
T4_CLOTH	1137
T5_CLOTH	1138
T6_CLOTH	1139
T7_CLOTH	1140
T8_CLOTH	1141
T4_CLOTH_LEVEL1@1	1142
T5_CLOTH_LEVEL1@1	1143
T6_CLOTH_LEVEL1@1	1144
T7_CLOTH_LEVEL1@1	1145
T8_CLOTH_LEVEL1@1	1146
T4_CLOTH_LEVEL2@2	1147
T5_CLOTH_LEVEL2@2	1148
T6_CLOTH_LEVEL2@2	1149
T7_CLOTH_LEVEL2@2	1150
T8_CLOTH_LEVEL2@2	1151
T4_CLOTH_LEVEL3@3	1152
T5_CLOTH_LEVEL3@3	1153
T6_CLOTH_LEVEL3@3	1154
T7_CLOTH_LEVEL3@3	1155
T8_CLOTH_LEVEL3@3	1156
T4_CLOTH_LEVEL4@4	1157
T5_CLOTH_LEVEL4@4	1158
T6_CLOTH_LEVEL4@4	1159
T7_CLOTH_LEVEL4@4	1160
T8_CLOTH_LEVEL4@4	1161
T4_ARTEFACT_2H_ARCANESTAFF_HELL	1162
T4_ARTEFACT_2H_BOW_HELL	1163
T4_ARTEFACT_2H_BOW_KEEPER	1164
T4_ARTEFACT_2H_CLEAVER_HELL	1165
T4_ARTEFACT_2H_COMBATSTAFF_MORGANA	1166
T4_ARTEFACT_2H_CROSSBOWLARGE_MORGANA	1167
T4_ARTEFACT_2H_CURSEDSTAFF_MORGANA	1168
T5_ARTEFACT_2H_CURSEDSTAFF_MORGANA	1169
T6_ARTEFACT_2H_CURSEDSTAFF_MORGANA	1170
T7_ARTEFACT_2H_CURSEDSTAFF_MORGANA	1171
T8_ARTEFACT_2H_CURSEDSTAFF_MORGANA	1172
T4_ARTEFACT_2H_DUALAXE_KEEPER	1173
T4_ARTEFACT_2H_DUALCROSSBOW_HELL	1174
T4_ARTEFACT_2H_DUALHAMMER_HELL	1175
T4_ARTEFACT_2H_DUALSCIMITAR_UNDEAD	1176
T4_ARTEFACT_2H_DUALSICKLE_UNDEAD	1177
T4_ARTEFACT_2H_ENIGMATICORB_MORGANA	1178
T4_ARTEFACT_2H_FIRESTAFF_HELL	1179
T4_ARTEFACT_2H_HALBERD_MORGANA	1180
T4_ARTEFACT_2H_HAMMER_UNDEAD	1181
T4_ARTEFACT_2H_HARPOON_HELL	1182
T4_ARTEFACT_MAIN_HOLYSTAFF_MORGANA	1183
T4_ARTEFACT_2H_HOLYSTAFF_HELL	1184
T4_ARTEFACT_2H_HOLYSTAFF_UNDEAD	1185
T4_ARTEFACT_2H_ICECRYSTAL_UNDEAD	1186
T4_ARTEFACT_2H_ICEGAUNTLETS_HELL	1187
T4_ARTEFACT_2H_INFERNOSTAFF_MORGANA	1188
T4_ARTEFACT_2H_IRONGAUNTLETS_HELL	1189
T4_ARTEFACT_2H_LONGBOW_UNDEAD	1190
T4_ARTEFACT_2H_MACE_MORGANA	1191
T4_ARTEFACT_2H_NATURESTAFF_HELL	1192
T4_ARTEFACT_2H_NATURESTAFF_KEEPER	1193
T4_ARTEFACT_2H_RAM_KEEPER	1194
T4_ARTEFACT_2H_REPEATINGCROSSBOW_UNDEAD	1195
T4_ARTEFACT_2H_ROCKSTAFF_KEEPER	1196
T4_ARTEFACT_2H_SKULLORB_HELL	1197
T4_ARTEFACT_2H_TRIDENT_UNDEAD	1198
T4_ARTEFACT_2H_TWINSCYTHE_HELL	1199
T4_ARTEFACT_MAIN_ARCANESTAFF_UNDEAD	1200
T4_ARTEFACT_MAIN_CURSEDSTAFF_UNDEAD	1201
T4_ARTEFACT_MAIN_FIRESTAFF_KEEPER	1202
T4_ARTEFACT_MAIN_FROSTSTAFF_KEEPER	1203
T4_ARTEFACT_MAIN_MACE_HELL	1204
T4_ARTEFACT_MAIN_NATURESTAFF_KEEPER	1205
T4_ARTEFACT_MAIN_RAPIER_MORGANA	1206
T4_ARTEFACT_MAIN_ROCKMACE_KEEPER	1207
T4_ARTEFACT_MAIN_SCIMITAR_MORGANA	1208
T4_ARTEFACT_MAIN_SPEAR_KEEPER	1209
T5_ARTEFACT_2H_ARCANESTAFF_HELL	1210
T5_ARTEFACT_2H_BOW_HELL	1211
T5_ARTEFACT_2H_BOW_KEEPER	1212
T5_ARTEFACT_2H_CLEAVER_HELL	1213
T5_ARTEFACT_2H_COMBATSTAFF_MORGANA	1214
T5_ARTEFACT_2H_CROSSBOWLARGE_MORGANA	1215
T5_ARTEFACT_2H_DUALAXE_KEEPER	1216
T5_ARTEFACT_2H_DUALCROSSBOW_HELL	1217
T5_ARTEFACT_2H_DUALHAMMER_HELL	1218
T5_ARTEFACT_2H_DUALSCIMITAR_UNDEAD	1219
T5_ARTEFACT_2H_DUALSICKLE_UNDEAD	1220
T5_ARTEFACT_2H_ENIGMATICORB_MORGANA	1221
T5_ARTEFACT_2H_FIRESTAFF_HELL	1222
T5_ARTEFACT_2H_HALBERD_MORGANA	1223
T5_ARTEFACT_2H_HAMMER_UNDEAD	1224
T5_ARTEFACT_2H_HARPOON_HELL	1225
T5_ARTEFACT_MAIN_HOLYSTAFF_MORGANA	1226
T5_ARTEFACT_2H_HOLYSTAFF_HELL	1227
T5_ARTEFACT_2H_HOLYSTAFF_UNDEAD	1228
T5_ARTEFACT_2H_ICECRYSTAL_UNDEAD	1229
T5_ARTEFACT_2H_ICEGAUNTLETS_HELL	1230
T5_ARTEFACT_2H_INFERNOSTAFF_MORGANA	1231
T5_ARTEFACT_2H_IRONGAUNTLETS_HELL	1232
T5_ARTEFACT_2H_LONGBOW_UNDEAD	1233
T5_ARTEFACT_2H_MACE_MORGANA	1234
T5_ARTEFACT_2H_NATURESTAFF_HELL	1235
T5_ARTEFACT_2H_NATURESTAFF_KEEPER	1236
T5_ARTEFACT_2H_RAM_KEEPER	1237
T5_ARTEFACT_2H_REPEATINGCROSSBOW_UNDEAD	1238
T5_ARTEFACT_2H_ROCKSTAFF_KEEPER	1239
T4_ARTEFACT_2H_SCYTHE_HELL	1240
T5_ARTEFACT_2H_SCYTHE_HELL	1241
T6_ARTEFACT_2H_SCYTHE_HELL	1242
T7_ARTEFACT_2H_SCYTHE_HELL	1243
T8_ARTEFACT_2H_SCYTHE_HELL	1244
T5_ARTEFACT_2H_SKULLORB_HELL	1245
T5_ARTEFACT_2H_TRIDENT_UNDEAD	1246
T5_ARTEFACT_2H_TWINSCYTHE_HELL	1247
T5_ARTEFACT_MAIN_ARCANESTAFF_UNDEAD	1248
T5_ARTEFACT_MAIN_CURSEDSTAFF_UNDEAD	1249
T5_ARTEFACT_MAIN_FIRESTAFF_KEEPER	1250
T5_ARTEFACT_MAIN_FROSTSTAFF_KEEPER	1251
T5_ARTEFACT_MAIN_MACE_HELL	1252
T5_ARTEFACT_MAIN_NATURESTAFF_KEEPER	1253
T5_ARTEFACT_MAIN_RAPIER_MORGANA	1254
T5_ARTEFACT_MAIN_ROCKMACE_KEEPER	1255
T5_ARTEFACT_MAIN_SCIMITAR_MORGANA	1256
T5_ARTEFACT_MAIN_SPEAR_KEEPER	1257
T6_ARTEFACT_2H_ARCANESTAFF_HELL	1258
T6_ARTEFACT_2H_BOW_HELL	1259
T6_ARTEFACT_2H_BOW_KEEPER	1260
T6_ARTEFACT_2H_CLEAVER_HELL	1261
T6_ARTEFACT_2H_COMBATSTAFF_MORGANA	1262
T6_ARTEFACT_2H_CROSSBOWLARGE_MORGANA	1263
T6_ARTEFACT_2H_DUALAXE_KEEPER	1264
T6_ARTEFACT_2H_DUALCROSSBOW_HELL	1265
T6_ARTEFACT_2H_DUALHAMMER_HELL	1266
T6_ARTEFACT_2H_DUALSCIMITAR_UNDEAD	1267
T6_ARTEFACT_2H_DUALSICKLE_UNDEAD	1268
T6_ARTEFACT_2H_ENIGMATICORB_MORGANA	1269
T6_ARTEFACT_2H_FIRESTAFF_HELL	1270
T6_ARTEFACT_2H_HALBERD_MORGANA	1271
T6_ARTEFACT_2H_HAMMER_UNDEAD	1272
T6_ARTEFACT_2H_HARPOON_HELL	1273
T6_ARTEFACT_MAIN_HOLYSTAFF_MORGANA	1274
T6_ARTEFACT_2H_HOLYSTAFF_HELL	1275
T6_ARTEFACT_2H_HOLYSTAFF_UNDEAD	1276
T6_ARTEFACT_2H_ICECRYSTAL_UNDEAD	1277
T6_ARTEFACT_2H_ICEGAUNTLETS_HELL	1278
T6_ARTEFACT_2H_INFERNOSTAFF_MORGANA	1279
T6_ARTEFACT_2H_IRONGAUNTLETS_HELL	1280
T6_ARTEFACT_2H_LONGBOW_UNDEAD	1281
T6_ARTEFACT_2H_MACE_MORGANA	1282
T6_ARTEFACT_2H_NATURESTAFF_HELL	1283
T6_ARTEFACT_2H_NATURESTAFF_KEEPER	1284
T6_ARTEFACT_2H_RAM_KEEPER	1285
T6_ARTEFACT_2H_REPEATINGCROSSBOW_UNDEAD	1286
T6_ARTEFACT_2H_ROCKSTAFF_KEEPER	1287
T6_ARTEFACT_2H_SKULLORB_HELL	1288
T6_ARTEFACT_2H_TRIDENT_UNDEAD	1289
T6_ARTEFACT_2H_TWINSCYTHE_HELL	1290
T6_ARTEFACT_MAIN_ARCANESTAFF_UNDEAD	1291
T6_ARTEFACT_MAIN_CURSEDSTAFF_UNDEAD	1292
T6_ARTEFACT_MAIN_FIRESTAFF_KEEPER	1293
T6_ARTEFACT_MAIN_FROSTSTAFF_KEEPER	1294
T6_ARTEFACT_MAIN_MACE_HELL	1295
T6_ARTEFACT_MAIN_NATURESTAFF_KEEPER	1296
T6_ARTEFACT_MAIN_RAPIER_MORGANA	1297
T6_ARTEFACT_MAIN_ROCKMACE_KEEPER	1298
T6_ARTEFACT_MAIN_SCIMITAR_MORGANA	1299
T6_ARTEFACT_MAIN_SPEAR_KEEPER	1300
T7_ARTEFACT_2H_ARCANESTAFF_HELL	1301
T7_ARTEFACT_2H_BOW_HELL	1302
T7_ARTEFACT_2H_BOW_KEEPER	1303
T7_ARTEFACT_2H_CLEAVER_HELL	1304
T7_ARTEFACT_2H_COMBATSTAFF_MORGANA	1305
T7_ARTEFACT_2H_CROSSBOWLARGE_MORGANA	1306
T7_ARTEFACT_2H_DUALAXE_KEEPER	1307
T7_ARTEFACT_2H_DUALCROSSBOW_HELL	1308
T7_ARTEFACT_2H_DUALHAMMER_HELL	1309
T7_ARTEFACT_2H_DUALSCIMITAR_UNDEAD	1310
T7_ARTEFACT_2H_DUALSICKLE_UNDEAD	1311
T7_ARTEFACT_2H_ENIGMATICORB_MORGANA	1312
T7_ARTEFACT_2H_FIRESTAFF_HELL	1313
T7_ARTEFACT_2H_HALBERD_MORGANA	1314
T7_ARTEFACT_2H_HAMMER_UNDEAD	1315
T7_ARTEFACT_2H_HARPOON_HELL	1316
T7_ARTEFACT_MAIN_HOLYSTAFF_MORGANA	1317
T7_ARTEFACT_2H_HOLYSTAFF_HELL	1318
T7_ARTEFACT_2H_HOLYSTAFF_UNDEAD	1319
T7_ARTEFACT_2H_ICECRYSTAL_UNDEAD	1320
T7_ARTEFACT_2H_ICEGAUNTLETS_HELL	1321
T7_ARTEFACT_2H_INFERNOSTAFF_MORGANA	1322
T7_ARTEFACT_2H_IRONGAUNTLETS_HELL	1323
T7_ARTEFACT_2H_LONGBOW_UNDEAD	1324
T7_ARTEFACT_2H_MACE_MORGANA	1325
T7_ARTEFACT_2H_NATURESTAFF_HELL	1326
T7_ARTEFACT_2H_NATURESTAFF_KEEPER	1327
T7_ARTEFACT_2H_RAM_KEEPER	1328
T7_ARTEFACT_2H_REPEATINGCROSSBOW_UNDEAD	1329
T7_ARTEFACT_2H_ROCKSTAFF_KEEPER	1330
T7_ARTEFACT_2H_SKULLORB_HELL	1331
T7_ARTEFACT_2H_TRIDENT_UNDEAD	1332
T7_ARTEFACT_2H_TWINSCYTHE_HELL	1333
T7_ARTEFACT_MAIN_ARCANESTAFF_UNDEAD	1334
T7_ARTEFACT_MAIN_CURSEDSTAFF_UNDEAD	1335
T7_ARTEFACT_MAIN_FIRESTAFF_KEEPER	1336
T7_ARTEFACT_MAIN_FROSTSTAFF_KEEPER	1337
T7_ARTEFACT_MAIN_MACE_HELL	1338
T7_ARTEFACT_MAIN_NATURESTAFF_KEEPER	1339
T7_ARTEFACT_MAIN_RAPIER_MORGANA	1340
T7_ARTEFACT_MAIN_ROCKMACE_KEEPER	1341
T7_ARTEFACT_MAIN_SCIMITAR_MORGANA	1342
T7_ARTEFACT_MAIN_SPEAR_KEEPER	1343
T8_ARTEFACT_2H_ARCANESTAFF_HELL	1344
T8_ARTEFACT_2H_BOW_HELL	1345
T8_ARTEFACT_2H_BOW_KEEPER	1346
T8_ARTEFACT_2H_CLEAVER_HELL	1347
T8_ARTEFACT_2H_COMBATSTAFF_MORGANA	1348
T8_ARTEFACT_2H_CROSSBOWLARGE_MORGANA	1349
T8_ARTEFACT_2H_DUALAXE_KEEPER	1350
T8_ARTEFACT_2H_DUALCROSSBOW_HELL	1351
T8_ARTEFACT_2H_DUALHAMMER_HELL	1352
T8_ARTEFACT_2H_DUALSCIMITAR_UNDEAD	1353
T8_ARTEFACT_2H_DUALSICKLE_UNDEAD	1354
T8_ARTEFACT_2H_ENIGMATICORB_MORGANA	1355
T8_ARTEFACT_2H_FIRESTAFF_HELL	1356
T8_ARTEFACT_2H_HALBERD_MORGANA	1357
T8_ARTEFACT_2H_HAMMER_UNDEAD	1358
T8_ARTEFACT_2H_HARPOON_HELL	1359
T8_ARTEFACT_MAIN_HOLYSTAFF_MORGANA	1360
T8_ARTEFACT_2H_HOLYSTAFF_HELL	1361
T8_ARTEFACT_2H_HOLYSTAFF_UNDEAD	1362
T8_ARTEFACT_2H_ICECRYSTAL_UNDEAD	1363
T8_ARTEFACT_2H_ICEGAUNTLETS_HELL	1364
T8_ARTEFACT_2H_INFERNOSTAFF_MORGANA	1365
T8_ARTEFACT_2H_IRONGAUNTLETS_HELL	1366
T8_ARTEFACT_2H_LONGBOW_UNDEAD	1367
T8_ARTEFACT_2H_MACE_MORGANA	1368
T8_ARTEFACT_2H_NATURESTAFF_HELL	1369
T8_ARTEFACT_2H_NATURESTAFF_KEEPER	1370
T8_ARTEFACT_2H_RAM_KEEPER	1371
T8_ARTEFACT_2H_REPEATINGCROSSBOW_UNDEAD	1372
T8_ARTEFACT_2H_ROCKSTAFF_KEEPER	1373
T8_ARTEFACT_2H_SKULLORB_HELL	1374
T8_ARTEFACT_2H_TRIDENT_UNDEAD	1375
T8_ARTEFACT_2H_TWINSCYTHE_HELL	1376
T8_ARTEFACT_MAIN_ARCANESTAFF_UNDEAD	1377
T8_ARTEFACT_MAIN_CURSEDSTAFF_UNDEAD	1378
T8_ARTEFACT_MAIN_FIRESTAFF_KEEPER	1379
T8_ARTEFACT_MAIN_FROSTSTAFF_KEEPER	1380
T8_ARTEFACT_MAIN_MACE_HELL	1381
T8_ARTEFACT_MAIN_NATURESTAFF_KEEPER	1382
T8_ARTEFACT_MAIN_RAPIER_MORGANA	1383
T8_ARTEFACT_MAIN_ROCKMACE_KEEPER	1384
T8_ARTEFACT_MAIN_SCIMITAR_MORGANA	1385
T8_ARTEFACT_MAIN_SPEAR_KEEPER	1386
T4_ARTEFACT_2H_DAGGER_KATAR_AVALON	1387
T4_ARTEFACT_MAIN_SPEAR_LANCE_AVALON	1388
T4_ARTEFACT_2H_AXE_AVALON	1389
T4_ARTEFACT_2H_CLAYMORE_AVALON	1390
T4_ARTEFACT_2H_QUARTERSTAFF_AVALON	1391
T4_ARTEFACT_2H_HAMMER_AVALON	1392
T4_ARTEFACT_2H_DUALMACE_AVALON	1393
T4_ARTEFACT_2H_BOW_AVALON	1394
T4_ARTEFACT_2H_CROSSBOW_CANNON_AVALON	1395
T4_ARTEFACT_MAIN_CURSEDSTAFF_AVALON	1396
T4_ARTEFACT_2H_FIRE_RINGPAIR_AVALON	1397
T4_ARTEFACT_MAIN_FROSTSTAFF_AVALON	1398
T4_ARTEFACT_2H_ARCANE_RINGPAIR_AVALON	1399
T4_ARTEFACT_MAIN_HOLYSTAFF_AVALON	1400
T4_ARTEFACT_MAIN_NATURESTAFF_AVALON	1401
T5_ARTEFACT_2H_DAGGER_KATAR_AVALON	1402
T5_ARTEFACT_MAIN_SPEAR_LANCE_AVALON	1403
T5_ARTEFACT_2H_AXE_AVALON	1404
T5_ARTEFACT_2H_CLAYMORE_AVALON	1405
T5_ARTEFACT_2H_QUARTERSTAFF_AVALON	1406
T5_ARTEFACT_2H_HAMMER_AVALON	1407
T5_ARTEFACT_2H_DUALMACE_AVALON	1408
T5_ARTEFACT_2H_BOW_AVALON	1409
T5_ARTEFACT_2H_CROSSBOW_CANNON_AVALON	1410
T5_ARTEFACT_MAIN_CURSEDSTAFF_AVALON	1411
T5_ARTEFACT_2H_FIRE_RINGPAIR_AVALON	1412
T5_ARTEFACT_MAIN_FROSTSTAFF_AVALON	1413
T5_ARTEFACT_2H_ARCANE_RINGPAIR_AVALON	1414
T5_ARTEFACT_MAIN_HOLYSTAFF_AVALON	1415
T5_ARTEFACT_MAIN_NATURESTAFF_AVALON	1416
T6_ARTEFACT_2H_DAGGER_KATAR_AVALON	1417
T6_ARTEFACT_MAIN_SPEAR_LANCE_AVALON	1418
T6_ARTEFACT_2H_AXE_AVALON	1419
T6_ARTEFACT_2H_CLAYMORE_AVALON	1420
T6_ARTEFACT_2H_QUARTERSTAFF_AVALON	1421
T6_ARTEFACT_2H_HAMMER_AVALON	1422
T6_ARTEFACT_2H_DUALMACE_AVALON	1423
T6_ARTEFACT_2H_BOW_AVALON	1424
T6_ARTEFACT_2H_CROSSBOW_CANNON_AVALON	1425
T6_ARTEFACT_MAIN_CURSEDSTAFF_AVALON	1426
T6_ARTEFACT_2H_FIRE_RINGPAIR_AVALON	1427
T6_ARTEFACT_MAIN_FROSTSTAFF_AVALON	1428
T6_ARTEFACT_2H_ARCANE_RINGPAIR_AVALON	1429
T6_ARTEFACT_MAIN_HOLYSTAFF_AVALON	1430
T6_ARTEFACT_MAIN_NATURESTAFF_AVALON	1431
T7_ARTEFACT_2H_DAGGER_KATAR_AVALON	1432
T7_ARTEFACT_MAIN_SPEAR_LANCE_AVALON	1433
T7_ARTEFACT_2H_AXE_AVALON	1434
T7_ARTEFACT_2H_CLAYMORE_AVALON	1435
T7_ARTEFACT_2H_QUARTERSTAFF_AVALON	1436
T7_ARTEFACT_2H_HAMMER_AVALON	1437
T7_ARTEFACT_2H_DUALMACE_AVALON	1438
T7_ARTEFACT_2H_BOW_AVALON	1439
T7_ARTEFACT_2H_CROSSBOW_CANNON_AVALON	1440
T7_ARTEFACT_MAIN_CURSEDSTAFF_AVALON	1441
T7_ARTEFACT_2H_FIRE_RINGPAIR_AVALON	1442
T7_ARTEFACT_MAIN_FROSTSTAFF_AVALON	1443
T7_ARTEFACT_2H_ARCANE_RINGPAIR_AVALON	1444
T7_ARTEFACT_MAIN_HOLYSTAFF_AVALON	1445
T7_ARTEFACT_MAIN_NATURESTAFF_AVALON	1446
T8_ARTEFACT_2H_DAGGER_KATAR_AVALON	1447
T8_ARTEFACT_MAIN_SPEAR_LANCE_AVALON	1448
T8_ARTEFACT_2H_AXE_AVALON	1449
T8_ARTEFACT_2H_CLAYMORE_AVALON	1450
T8_ARTEFACT_2H_QUARTERSTAFF_AVALON	1451
T8_ARTEFACT_2H_HAMMER_AVALON	1452
T8_ARTEFACT_2H_DUALMACE_AVALON	1453
T8_ARTEFACT_2H_BOW_AVALON	1454
T8_ARTEFACT_2H_CROSSBOW_CANNON_AVALON	1455
T8_ARTEFACT_MAIN_CURSEDSTAFF_AVALON	1456
T8_ARTEFACT_2H_FIRE_RINGPAIR_AVALON	1457
T8_ARTEFACT_MAIN_FROSTSTAFF_AVALON	1458
T8_ARTEFACT_2H_ARCANE_RINGPAIR_AVALON	1459
T8_ARTEFACT_MAIN_HOLYSTAFF_AVALON	1460
T8_ARTEFACT_MAIN_NATURESTAFF_AVALON	1461
T4_ARTEFACT_2H_KNUCKLES_KEEPER	1462
T5_ARTEFACT_2H_KNUCKLES_KEEPER	1463
T6_ARTEFACT_2H_KNUCKLES_KEEPER	1464
T7_ARTEFACT_2H_KNUCKLES_KEEPER	1465
T8_ARTEFACT_2H_KNUCKLES_KEEPER	1466
T4_ARTEFACT_2H_KNUCKLES_HELL	1467
T5_ARTEFACT_2H_KNUCKLES_HELL	1468
T6_ARTEFACT_2H_KNUCKLES_HELL	1469
T7_ARTEFACT_2H_KNUCKLES_HELL	1470
T8_ARTEFACT_2H_KNUCKLES_HELL	1471
T4_ARTEFACT_2H_KNUCKLES_MORGANA	1472
T5_ARTEFACT_2H_KNUCKLES_MORGANA	1473
T6_ARTEFACT_2H_KNUCKLES_MORGANA	1474
T7_ARTEFACT_2H_KNUCKLES_MORGANA	1475
T8_ARTEFACT_2H_KNUCKLES_MORGANA	1476
T4_ARTEFACT_2H_KNUCKLES_AVALON	1477
T5_ARTEFACT_2H_KNUCKLES_AVALON	1478
T6_ARTEFACT_2H_KNUCKLES_AVALON	1479
T7_ARTEFACT_2H_KNUCKLES_AVALON	1480
T8_ARTEFACT_2H_KNUCKLES_AVALON	1481
T4_ARTEFACT_MAIN_DAGGER_HELL	1482
T5_ARTEFACT_MAIN_DAGGER_HELL	1483
T6_ARTEFACT_MAIN_DAGGER_HELL	1484
T7_ARTEFACT_MAIN_DAGGER_HELL	1485
T8_ARTEFACT_MAIN_DAGGER_HELL	1486
T4_ARTEFACT_2H_SHAPESHIFTER_MORGANA	1487
T5_ARTEFACT_2H_SHAPESHIFTER_MORGANA	1488
T6_ARTEFACT_2H_SHAPESHIFTER_MORGANA	1489
T7_ARTEFACT_2H_SHAPESHIFTER_MORGANA	1490
T8_ARTEFACT_2H_SHAPESHIFTER_MORGANA	1491
T4_ARTEFACT_2H_SHAPESHIFTER_HELL	1492
T5_ARTEFACT_2H_SHAPESHIFTER_HELL	1493
T6_ARTEFACT_2H_SHAPESHIFTER_HELL	1494
T7_ARTEFACT_2H_SHAPESHIFTER_HELL	1495
T8_ARTEFACT_2H_SHAPESHIFTER_HELL	1496
T4_ARTEFACT_2H_SHAPESHIFTER_KEEPER	1497
T5_ARTEFACT_2H_SHAPESHIFTER_KEEPER	1498
T6_ARTEFACT_2H_SHAPESHIFTER_KEEPER	1499
T7_ARTEFACT_2H_SHAPESHIFTER_KEEPER	1500
T8_ARTEFACT_2H_SHAPESHIFTER_KEEPER	1501
T4_ARTEFACT_2H_SHAPESHIFTER_AVALON	1502
T5_ARTEFACT_2H_SHAPESHIFTER_AVALON	1503
T6_ARTEFACT_2H_SHAPESHIFTER_AVALON	1504
T7_ARTEFACT_2H_SHAPESHIFTER_AVALON	1505
T8_ARTEFACT_2H_SHAPESHIFTER_AVALON	1506
T4_ARTEFACT_2H_GLAIVE_CRYSTAL	1507
T5_ARTEFACT_2H_GLAIVE_CRYSTAL	1508
T6_ARTEFACT_2H_GLAIVE_CRYSTAL	1509
T7_ARTEFACT_2H_GLAIVE_CRYSTAL	1510
T8_ARTEFACT_2H_GLAIVE_CRYSTAL	1511
T4_ARTEFACT_2H_ARCANESTAFF_CRYSTAL	1512
T5_ARTEFACT_2H_ARCANESTAFF_CRYSTAL	1513
T6_ARTEFACT_2H_ARCANESTAFF_CRYSTAL	1514
T7_ARTEFACT_2H_ARCANESTAFF_CRYSTAL	1515
T8_ARTEFACT_2H_ARCANESTAFF_CRYSTAL	1516
T4_ARTEFACT_MAIN_SWORD_CRYSTAL	1517
T5_ARTEFACT_MAIN_SWORD_CRYSTAL	1518
T6_ARTEFACT_MAIN_SWORD_CRYSTAL	1519
T7_ARTEFACT_MAIN_SWORD_CRYSTAL	1520
T8_ARTEFACT_MAIN_SWORD_CRYSTAL	1521
T4_ARTEFACT_2H_DOUBLEBLADEDSTAFF_CRYSTAL	1522
T5_ARTEFACT_2H_DOUBLEBLADEDSTAFF_CRYSTAL	1523
T6_ARTEFACT_2H_DOUBLEBLADEDSTAFF_CRYSTAL	1524
T7_ARTEFACT_2H_DOUBLEBLADEDSTAFF_CRYSTAL	1525
T8_ARTEFACT_2H_DOUBLEBLADEDSTAFF_CRYSTAL	1526
T4_ARTEFACT_2H_FROSTSTAFF_CRYSTAL	1527
T5_ARTEFACT_2H_FROSTSTAFF_CRYSTAL	1528
T6_ARTEFACT_2H_FROSTSTAFF_CRYSTAL	1529
T7_ARTEFACT_2H_FROSTSTAFF_CRYSTAL	1530
T8_ARTEFACT_2H_FROSTSTAFF_CRYSTAL	1531
T4_ARTEFACT_2H_SCYTHE_CRYSTAL	1532
T5_ARTEFACT_2H_SCYTHE_CRYSTAL	1533
T6_ARTEFACT_2H_SCYTHE_CRYSTAL	1534
T7_ARTEFACT_2H_SCYTHE_CRYSTAL	1535
T8_ARTEFACT_2H_SCYTHE_CRYSTAL	1536
T4_ARTEFACT_MAIN_MACE_CRYSTAL	1537
T5_ARTEFACT_MAIN_MACE_CRYSTAL	1538
T6_ARTEFACT_MAIN_MACE_CRYSTAL	1539
T7_ARTEFACT_MAIN_MACE_CRYSTAL	1540
T8_ARTEFACT_MAIN_MACE_CRYSTAL	1541
T4_ARTEFACT_2H_HOLYSTAFF_CRYSTAL	1542
T5_ARTEFACT_2H_HOLYSTAFF_CRYSTAL	1543
T6_ARTEFACT_2H_HOLYSTAFF_CRYSTAL	1544
T7_ARTEFACT_2H_HOLYSTAFF_CRYSTAL	1545
T8_ARTEFACT_2H_HOLYSTAFF_CRYSTAL	1546
T4_ARTEFACT_2H_DAGGERPAIR_CRYSTAL	1547
T5_ARTEFACT_2H_DAGGERPAIR_CRYSTAL	1548
T6_ARTEFACT_2H_DAGGERPAIR_CRYSTAL	1549
T7_ARTEFACT_2H_DAGGERPAIR_CRYSTAL	1550
T8_ARTEFACT_2H_DAGGERPAIR_CRYSTAL	1551
T4_ARTEFACT_MAIN_CURSEDSTAFF_CRYSTAL	1552
T5_ARTEFACT_MAIN_CURSEDSTAFF_CRYSTAL	1553
T6_ARTEFACT_MAIN_CURSEDSTAFF_CRYSTAL	1554
T7_ARTEFACT_MAIN_CURSEDSTAFF_CRYSTAL	1555
T8_ARTEFACT_MAIN_CURSEDSTAFF_CRYSTAL	1556
T4_ARTEFACT_2H_KNUCKLES_CRYSTAL	1557
T5_ARTEFACT_2H_KNUCKLES_CRYSTAL	1558
T6_ARTEFACT_2H_KNUCKLES_CRYSTAL	1559
T7_ARTEFACT_2H_KNUCKLES_CRYSTAL	1560
T8_ARTEFACT_2H_KNUCKLES_CRYSTAL	1561
T4_ARTEFACT_2H_BOW_CRYSTAL	1562
T5_ARTEFACT_2H_BOW_CRYSTAL	1563
T6_ARTEFACT_2H_BOW_CRYSTAL	1564
T7_ARTEFACT_2H_BOW_CRYSTAL	1565
T8_ARTEFACT_2H_BOW_CRYSTAL	1566
T4_ARTEFACT_MAIN_FIRESTAFF_CRYSTAL	1567
T5_ARTEFACT_MAIN_FIRESTAFF_CRYSTAL	1568
T6_ARTEFACT_MAIN_FIRESTAFF_CRYSTAL	1569
T7_ARTEFACT_MAIN_FIRESTAFF_CRYSTAL	1570
T8_ARTEFACT_MAIN_FIRESTAFF_CRYSTAL	1571
T4_ARTEFACT_MAIN_NATURESTAFF_CRYSTAL	1572
T5_ARTEFACT_MAIN_NATURESTAFF_CRYSTAL	1573
T6_ARTEFACT_MAIN_NATURESTAFF_CRYSTAL	1574
T7_ARTEFACT_MAIN_NATURESTAFF_CRYSTAL	1575
T8_ARTEFACT_MAIN_NATURESTAFF_CRYSTAL	1576
T4_ARTEFACT_2H_DUALCROSSBOW_CRYSTAL	1577
T5_ARTEFACT_2H_DUALCROSSBOW_CRYSTAL	1578
T6_ARTEFACT_2H_DUALCROSSBOW_CRYSTAL	1579
T7_ARTEFACT_2H_DUALCROSSBOW_CRYSTAL	1580
T8_ARTEFACT_2H_DUALCROSSBOW_CRYSTAL	1581
T4_ARTEFACT_2H_HAMMER_CRYSTAL	1582
T5_ARTEFACT_2H_HAMMER_CRYSTAL	1583
T6_ARTEFACT_2H_HAMMER_CRYSTAL	1584
T7_ARTEFACT_2H_HAMMER_CRYSTAL	1585
T8_ARTEFACT_2H_HAMMER_CRYSTAL	1586
T4_ARTEFACT_2H_SHAPESHIFTER_CRYSTAL	1587
T5_ARTEFACT_2H_SHAPESHIFTER_CRYSTAL	1588
T6_ARTEFACT_2H_SHAPESHIFTER_CRYSTAL	1589
T7_ARTEFACT_2H_SHAPESHIFTER_CRYSTAL	1590
T8_ARTEFACT_2H_SHAPESHIFTER_CRYSTAL	1591
T4_ARTEFACT_OFF_SHIELD_CRYSTAL	1592
T5_ARTEFACT_OFF_SHIELD_CRYSTAL	1593
T6_ARTEFACT_OFF_SHIELD_CRYSTAL	1594
T7_ARTEFACT_OFF_SHIELD_CRYSTAL	1595
T8_ARTEFACT_OFF_SHIELD_CRYSTAL	1596
T4_ARTEFACT_OFF_TORCH_CRYSTAL	1597
T5_ARTEFACT_OFF_TORCH_CRYSTAL	1598
T6_ARTEFACT_OFF_TORCH_CRYSTAL	1599
T7_ARTEFACT_OFF_TORCH_CRYSTAL	1600
T8_ARTEFACT_OFF_TORCH_CRYSTAL	1601
T4_ARTEFACT_OFF_TOME_CRYSTAL	1602
T5_ARTEFACT_OFF_TOME_CRYSTAL	1603
T6_ARTEFACT_OFF_TOME_CRYSTAL	1604
T7_ARTEFACT_OFF_TOME_CRYSTAL	1605
T8_ARTEFACT_OFF_TOME_CRYSTAL	1606
T4_ARTEFACT_OFF_TOWERSHIELD_UNDEAD	1622
T5_ARTEFACT_OFF_TOWERSHIELD_UNDEAD	1623
T6_ARTEFACT_OFF_TOWERSHIELD_UNDEAD	1624
T7_ARTEFACT_OFF_TOWERSHIELD_UNDEAD	1625
T8_ARTEFACT_OFF_TOWERSHIELD_UNDEAD	1626
T4_ARTEFACT_OFF_SHIELD_HELL	1627
T5_ARTEFACT_OFF_SHIELD_HELL	1628
T6_ARTEFACT_OFF_SHIELD_HELL	1629
T7_ARTEFACT_OFF_SHIELD_HELL	1630
T8_ARTEFACT_OFF_SHIELD_HELL	1631
T4_ARTEFACT_OFF_SPIKEDSHIELD_MORGANA	1632
T5_ARTEFACT_OFF_SPIKEDSHIELD_MORGANA	1633
T6_ARTEFACT_OFF_SPIKEDSHIELD_MORGANA	1634
T7_ARTEFACT_OFF_SPIKEDSHIELD_MORGANA	1635
T8_ARTEFACT_OFF_SPIKEDSHIELD_MORGANA	1636
T4_ARTEFACT_OFF_SHIELD_AVALON	1637
T5_ARTEFACT_OFF_SHIELD_AVALON	1638
T6_ARTEFACT_OFF_SHIELD_AVALON	1639
T7_ARTEFACT_OFF_SHIELD_AVALON	1640
T8_ARTEFACT_OFF_SHIELD_AVALON	1641
T4_ARTEFACT_OFF_ORB_MORGANA	1642
T5_ARTEFACT_OFF_ORB_MORGANA	1643
T6_ARTEFACT_OFF_ORB_MORGANA	1644
T7_ARTEFACT_OFF_ORB_MORGANA	1645
T8_ARTEFACT_OFF_ORB_MORGANA	1646
T4_ARTEFACT_OFF_DEMONSKULL_HELL	1647
T5_ARTEFACT_OFF_DEMONSKULL_HELL	1648
T6_ARTEFACT_OFF_DEMONSKULL_HELL	1649
T7_ARTEFACT_OFF_DEMONSKULL_HELL	1650
T8_ARTEFACT_OFF_DEMONSKULL_HELL	1651
T4_ARTEFACT_OFF_TOTEM_KEEPER	1652
T5_ARTEFACT_OFF_TOTEM_KEEPER	1653
T6_ARTEFACT_OFF_TOTEM_KEEPER	1654
T7_ARTEFACT_OFF_TOTEM_KEEPER	1655
T8_ARTEFACT_OFF_TOTEM_KEEPER	1656
T4_ARTEFACT_OFF_CENSER_AVALON	1657
T5_ARTEFACT_OFF_CENSER_AVALON	1658
T6_ARTEFACT_OFF_CENSER_AVALON	1659
T7_ARTEFACT_OFF_CENSER_AVALON	1660
T8_ARTEFACT_OFF_CENSER_AVALON	1661
T4_ARTEFACT_OFF_HORN_KEEPER	1662
T5_ARTEFACT_OFF_HORN_KEEPER	1663
T6_ARTEFACT_OFF_HORN_KEEPER	1664
T7_ARTEFACT_OFF_HORN_KEEPER	1665
T8_ARTEFACT_OFF_HORN_KEEPER	1666
T4_ARTEFACT_OFF_JESTERCANE_HELL	1667
T5_ARTEFACT_OFF_JESTERCANE_HELL	1668
T6_ARTEFACT_OFF_JESTERCANE_HELL	1669
T7_ARTEFACT_OFF_JESTERCANE_HELL	1670
T8_ARTEFACT_OFF_JESTERCANE_HELL	1671
T4_ARTEFACT_OFF_LAMP_UNDEAD	1672
T5_ARTEFACT_OFF_LAMP_UNDEAD	1673
T6_ARTEFACT_OFF_LAMP_UNDEAD	1674
T7_ARTEFACT_OFF_LAMP_UNDEAD	1675
T8_ARTEFACT_OFF_LAMP_UNDEAD	1676
T4_ARTEFACT_OFF_TALISMAN_AVALON	1677
T5_ARTEFACT_OFF_TALISMAN_AVALON	1678
T6_ARTEFACT_OFF_TALISMAN_AVALON	1679
T7_ARTEFACT_OFF_TALISMAN_AVALON	1680
T8_ARTEFACT_OFF_TALISMAN_AVALON	1681
T4_ARTEFACT_HEAD_PLATE_UNDEAD	1682
T5_ARTEFACT_HEAD_PLATE_UNDEAD	1683
T6_ARTEFACT_HEAD_PLATE_UNDEAD	1684
T7_ARTEFACT_HEAD_PLATE_UNDEAD	1685
T8_ARTEFACT_HEAD_PLATE_UNDEAD	1686
T4_ARTEFACT_ARMOR_PLATE_UNDEAD	1687
T5_ARTEFACT_ARMOR_PLATE_UNDEAD	1688
T6_ARTEFACT_ARMOR_PLATE_UNDEAD	1689
T7_ARTEFACT_ARMOR_PLATE_UNDEAD	1690
T8_ARTEFACT_ARMOR_PLATE_UNDEAD	1691
T4_ARTEFACT_SHOES_PLATE_UNDEAD	1692
T5_ARTEFACT_SHOES_PLATE_UNDEAD	1693
T6_ARTEFACT_SHOES_PLATE_UNDEAD	1694
T7_ARTEFACT_SHOES_PLATE_UNDEAD	1695
T8_ARTEFACT_SHOES_PLATE_UNDEAD	1696
T4_ARTEFACT_HEAD_PLATE_HELL	1697
T5_ARTEFACT_HEAD_PLATE_HELL	1698
T6_ARTEFACT_HEAD_PLATE_HELL	1699
T7_ARTEFACT_HEAD_PLATE_HELL	1700
T8_ARTEFACT_HEAD_PLATE_HELL	1701
T4_ARTEFACT_ARMOR_PLATE_HELL	1702
T5_ARTEFACT_ARMOR_PLATE_HELL	1703
T6_ARTEFACT_ARMOR_PLATE_HELL	1704
T7_ARTEFACT_ARMOR_PLATE_HELL	1705
T8_ARTEFACT_ARMOR_PLATE_HELL	1706
T4_ARTEFACT_SHOES_PLATE_HELL	1707
T5_ARTEFACT_SHOES_PLATE_HELL	1708
T6_ARTEFACT_SHOES_PLATE_HELL	1709
T7_ARTEFACT_SHOES_PLATE_HELL	1710
T8_ARTEFACT_SHOES_PLATE_HELL	1711
T4_ARTEFACT_HEAD_PLATE_KEEPER	1712
T5_ARTEFACT_HEAD_PLATE_KEEPER	1713
T6_ARTEFACT_HEAD_PLATE_KEEPER	1714
T7_ARTEFACT_HEAD_PLATE_KEEPER	1715
T8_ARTEFACT_HEAD_PLATE_KEEPER	1716
T4_ARTEFACT_ARMOR_PLATE_KEEPER	1717
T5_ARTEFACT_ARMOR_PLATE_KEEPER	1718
T6_ARTEFACT_ARMOR_PLATE_KEEPER	1719
T7_ARTEFACT_ARMOR_PLATE_KEEPER	1720
T8_ARTEFACT_ARMOR_PLATE_KEEPER	1721
T4_ARTEFACT_SHOES_PLATE_KEEPER	1722
T5_ARTEFACT_SHOES_PLATE_KEEPER	1723
T6_ARTEFACT_SHOES_PLATE_KEEPER	1724
T7_ARTEFACT_SHOES_PLATE_KEEPER	1725
T8_ARTEFACT_SHOES_PLATE_KEEPER	1726
T4_ARTEFACT_HEAD_PLATE_AVALON	1727
T5_ARTEFACT_HEAD_PLATE_AVALON	1728
T6_ARTEFACT_HEAD_PLATE_AVALON	1729
T7_ARTEFACT_HEAD_PLATE_AVALON	1730
T8_ARTEFACT_HEAD_PLATE_AVALON	1731
T4_ARTEFACT_ARMOR_PLATE_AVALON	1732
T5_ARTEFACT_ARMOR_PLATE_AVALON	1733
T6_ARTEFACT_ARMOR_PLATE_AVALON	1734
T7_ARTEFACT_ARMOR_PLATE_AVALON	1735
T8_ARTEFACT_ARMOR_PLATE_AVALON	1736
T4_ARTEFACT_SHOES_PLATE_AVALON	1737
T5_ARTEFACT_SHOES_PLATE_AVALON	1738
T6_ARTEFACT_SHOES_PLATE_AVALON	1739
T7_ARTEFACT_SHOES_PLATE_AVALON	1740
T8_ARTEFACT_SHOES_PLATE_AVALON	1741
T4_ARTEFACT_ARMOR_PLATE_FEY	1742
T5_ARTEFACT_ARMOR_PLATE_FEY	1743
T6_ARTEFACT_ARMOR_PLATE_FEY	1744
T7_ARTEFACT_ARMOR_PLATE_FEY	1745
T8_ARTEFACT_ARMOR_PLATE_FEY	1746
T4_ARTEFACT_HEAD_PLATE_FEY	1747
T5_ARTEFACT_HEAD_PLATE_FEY	1748
T6_ARTEFACT_HEAD_PLATE_FEY	1749
T7_ARTEFACT_HEAD_PLATE_FEY	1750
T8_ARTEFACT_HEAD_PLATE_FEY	1751
T4_ARTEFACT_SHOES_PLATE_FEY	1752
T5_ARTEFACT_SHOES_PLATE_FEY	1753
T6_ARTEFACT_SHOES_PLATE_FEY	1754
T7_ARTEFACT_SHOES_PLATE_FEY	1755
T8_ARTEFACT_SHOES_PLATE_FEY	1756
T4_ARTEFACT_HEAD_LEATHER_MORGANA	1757
T5_ARTEFACT_HEAD_LEATHER_MORGANA	1758
T6_ARTEFACT_HEAD_LEATHER_MORGANA	1759
T7_ARTEFACT_HEAD_LEATHER_MORGANA	1760
T8_ARTEFACT_HEAD_LEATHER_MORGANA	1761
T4_ARTEFACT_ARMOR_LEATHER_MORGANA	1762
T5_ARTEFACT_ARMOR_LEATHER_MORGANA	1763
T6_ARTEFACT_ARMOR_LEATHER_MORGANA	1764
T7_ARTEFACT_ARMOR_LEATHER_MORGANA	1765
T8_ARTEFACT_ARMOR_LEATHER_MORGANA	1766
T4_ARTEFACT_SHOES_LEATHER_MORGANA	1767
T5_ARTEFACT_SHOES_LEATHER_MORGANA	1768
T6_ARTEFACT_SHOES_LEATHER_MORGANA	1769
T7_ARTEFACT_SHOES_LEATHER_MORGANA	1770
T8_ARTEFACT_SHOES_LEATHER_MORGANA	1771
T4_ARTEFACT_HEAD_LEATHER_HELL	1772
T5_ARTEFACT_HEAD_LEATHER_HELL	1773
T6_ARTEFACT_HEAD_LEATHER_HELL	1774
T7_ARTEFACT_HEAD_LEATHER_HELL	1775
T8_ARTEFACT_HEAD_LEATHER_HELL	1776
T4_ARTEFACT_ARMOR_LEATHER_HELL	1777
T5_ARTEFACT_ARMOR_LEATHER_HELL	1778
T6_ARTEFACT_ARMOR_LEATHER_HELL	1779
T7_ARTEFACT_ARMOR_LEATHER_HELL	1780
T8_ARTEFACT_ARMOR_LEATHER_HELL	1781
T4_ARTEFACT_SHOES_LEATHER_HELL	1782
T5_ARTEFACT_SHOES_LEATHER_HELL	1783
T6_ARTEFACT_SHOES_LEATHER_HELL	1784
T7_ARTEFACT_SHOES_LEATHER_HELL	1785
T8_ARTEFACT_SHOES_LEATHER_HELL	1786
T4_ARTEFACT_HEAD_LEATHER_UNDEAD	1787
T5_ARTEFACT_HEAD_LEATHER_UNDEAD	1788
T6_ARTEFACT_HEAD_LEATHER_UNDEAD	1789
T7_ARTEFACT_HEAD_LEATHER_UNDEAD	1790
T8_ARTEFACT_HEAD_LEATHER_UNDEAD	1791
T4_ARTEFACT_ARMOR_LEATHER_UNDEAD	1792
T5_ARTEFACT_ARMOR_LEATHER_UNDEAD	1793
T6_ARTEFACT_ARMOR_LEATHER_UNDEAD	1794
T7_ARTEFACT_ARMOR_LEATHER_UNDEAD	1795
T8_ARTEFACT_ARMOR_LEATHER_UNDEAD	1796
T4_ARTEFACT_SHOES_LEATHER_UNDEAD	1797
T5_ARTEFACT_SHOES_LEATHER_UNDEAD	1798
T6_ARTEFACT_SHOES_LEATHER_UNDEAD	1799
T7_ARTEFACT_SHOES_LEATHER_UNDEAD	1800
T8_ARTEFACT_SHOES_LEATHER_UNDEAD	1801
T4_ARTEFACT_HEAD_LEATHER_AVALON	1802
T5_ARTEFACT_HEAD_LEATHER_AVALON	1803
T6_ARTEFACT_HEAD_LEATHER_AVALON	1804
T7_ARTEFACT_HEAD_LEATHER_AVALON	1805
T8_ARTEFACT_HEAD_LEATHER_AVALON	1806
T4_ARTEFACT_ARMOR_LEATHER_AVALON	1807
T5_ARTEFACT_ARMOR_LEATHER_AVALON	1808
T6_ARTEFACT_ARMOR_LEATHER_AVALON	1809
T7_ARTEFACT_ARMOR_LEATHER_AVALON	1810
T8_ARTEFACT_ARMOR_LEATHER_AVALON	1811
T4_ARTEFACT_SHOES_LEATHER_AVALON	1812
T5_ARTEFACT_SHOES_LEATHER_AVALON	1813
T6_ARTEFACT_SHOES_LEATHER_AVALON	1814
T7_ARTEFACT_SHOES_LEATHER_AVALON	1815
T8_ARTEFACT_SHOES_LEATHER_AVALON	1816
T4_ARTEFACT_ARMOR_LEATHER_FEY	1817
T5_ARTEFACT_ARMOR_LEATHER_FEY	1818
T6_ARTEFACT_ARMOR_LEATHER_FEY	1819
T7_ARTEFACT_ARMOR_LEATHER_FEY	1820
T8_ARTEFACT_ARMOR_LEATHER_FEY	1821
T4_ARTEFACT_HEAD_LEATHER_FEY	1822
T5_ARTEFACT_HEAD_LEATHER_FEY	1823
T6_ARTEFACT_HEAD_LEATHER_FEY	1824
T7_ARTEFACT_HEAD_LEATHER_FEY	1825
T8_ARTEFACT_HEAD_LEATHER_FEY	1826
T4_ARTEFACT_SHOES_LEATHER_FEY	1827
T5_ARTEFACT_SHOES_LEATHER_FEY	1828
T6_ARTEFACT_SHOES_LEATHER_FEY	1829
T7_ARTEFACT_SHOES_LEATHER_FEY	1830
T8_ARTEFACT_SHOES_LEATHER_FEY	1831
T4_ARTEFACT_HEAD_CLOTH_KEEPER	1832
T5_ARTEFACT_HEAD_CLOTH_KEEPER	1833
T6_ARTEFACT_HEAD_CLOTH_KEEPER	1834
T7_ARTEFACT_HEAD_CLOTH_KEEPER	1835
T8_ARTEFACT_HEAD_CLOTH_KEEPER	1836
T4_ARTEFACT_ARMOR_CLOTH_KEEPER	1837
T5_ARTEFACT_ARMOR_CLOTH_KEEPER	1838
T6_ARTEFACT_ARMOR_CLOTH_KEEPER	1839
T7_ARTEFACT_ARMOR_CLOTH_KEEPER	1840
T8_ARTEFACT_ARMOR_CLOTH_KEEPER	1841
T4_ARTEFACT_SHOES_CLOTH_KEEPER	1842
T5_ARTEFACT_SHOES_CLOTH_KEEPER	1843
T6_ARTEFACT_SHOES_CLOTH_KEEPER	1844
T7_ARTEFACT_SHOES_CLOTH_KEEPER	1845
T8_ARTEFACT_SHOES_CLOTH_KEEPER	1846
T4_ARTEFACT_HEAD_CLOTH_HELL	1847
T5_ARTEFACT_HEAD_CLOTH_HELL	1848
T6_ARTEFACT_HEAD_CLOTH_HELL	1849
T7_ARTEFACT_HEAD_CLOTH_HELL	1850
T8_ARTEFACT_HEAD_CLOTH_HELL	1851
T4_ARTEFACT_ARMOR_CLOTH_HELL	1852
T5_ARTEFACT_ARMOR_CLOTH_HELL	1853
T6_ARTEFACT_ARMOR_CLOTH_HELL	1854
T7_ARTEFACT_ARMOR_CLOTH_HELL	1855
T8_ARTEFACT_ARMOR_CLOTH_HELL	1856
T4_ARTEFACT_SHOES_CLOTH_HELL	1857
T5_ARTEFACT_SHOES_CLOTH_HELL	1858
T6_ARTEFACT_SHOES_CLOTH_HELL	1859
T7_ARTEFACT_SHOES_CLOTH_HELL	1860
T8_ARTEFACT_SHOES_CLOTH_HELL	1861
T4_ARTEFACT_HEAD_CLOTH_MORGANA	1862
T5_ARTEFACT_HEAD_CLOTH_MORGANA	1863
T6_ARTEFACT_HEAD_CLOTH_MORGANA	1864
T7_ARTEFACT_HEAD_CLOTH_MORGANA	1865
T8_ARTEFACT_HEAD_CLOTH_MORGANA	1866
T4_ARTEFACT_ARMOR_CLOTH_MORGANA	1867
T5_ARTEFACT_ARMOR_CLOTH_MORGANA	1868
T6_ARTEFACT_ARMOR_CLOTH_MORGANA	1869
T7_ARTEFACT_ARMOR_CLOTH_MORGANA	1870
T8_ARTEFACT_ARMOR_CLOTH_MORGANA	1871
T4_ARTEFACT_SHOES_CLOTH_MORGANA	1872
T5_ARTEFACT_SHOES_CLOTH_MORGANA	1873
T6_ARTEFACT_SHOES_CLOTH_MORGANA	1874
T7_ARTEFACT_SHOES_CLOTH_MORGANA	1875
T8_ARTEFACT_SHOES_CLOTH_MORGANA	1876
T4_ARTEFACT_HEAD_CLOTH_AVALON	1877
T5_ARTEFACT_HEAD_CLOTH_AVALON	1878
T6_ARTEFACT_HEAD_CLOTH_AVALON	1879
T7_ARTEFACT_HEAD_CLOTH_AVALON	1880
T8_ARTEFACT_HEAD_CLOTH_AVALON	1881
T4_ARTEFACT_ARMOR_CLOTH_AVALON	1882
T5_ARTEFACT_ARMOR_CLOTH_AVALON	1883
T6_ARTEFACT_ARMOR_CLOTH_AVALON	1884
T7_ARTEFACT_ARMOR_CLOTH_AVALON	1885
T8_ARTEFACT_ARMOR_CLOTH_AVALON	1886
T4_ARTEFACT_SHOES_CLOTH_AVALON	1887
T5_ARTEFACT_SHOES_CLOTH_AVALON	1888
T6_ARTEFACT_SHOES_CLOTH_AVALON	1889
T7_ARTEFACT_SHOES_CLOTH_AVALON	1890
T8_ARTEFACT_SHOES_CLOTH_AVALON	1891
T4_ARTEFACT_ARMOR_CLOTH_FEY	1892
T5_ARTEFACT_ARMOR_CLOTH_FEY	1893
T6_ARTEFACT_ARMOR_CLOTH_FEY	1894
T7_ARTEFACT_ARMOR_CLOTH_FEY	1895
T8_ARTEFACT_ARMOR_CLOTH_FEY	1896
T4_ARTEFACT_HEAD_CLOTH_FEY	1897
T5_ARTEFACT_HEAD_CLOTH_FEY	1898
T6_ARTEFACT_HEAD_CLOTH_FEY	1899
T7_ARTEFACT_HEAD_CLOTH_FEY	1900
T8_ARTEFACT_HEAD_CLOTH_FEY	1901
T4_ARTEFACT_SHOES_CLOTH_FEY	1902
T5_ARTEFACT_SHOES_CLOTH_FEY	1903
T6_ARTEFACT_SHOES_CLOTH_FEY	1904
T7_ARTEFACT_SHOES_CLOTH_FEY	1905
T8_ARTEFACT_SHOES_CLOTH_FEY	1906
T4_ARTEFACT_TOKEN_FAVOR_1	1907
T5_ARTEFACT_TOKEN_FAVOR_1	1908
T6_ARTEFACT_TOKEN_FAVOR_1	1909
T7_ARTEFACT_TOKEN_FAVOR_1	1910
T8_ARTEFACT_TOKEN_FAVOR_1	1911
T4_ARTEFACT_TOKEN_FAVOR_2	1912
T5_ARTEFACT_TOKEN_FAVOR_2	1913
T6_ARTEFACT_TOKEN_FAVOR_2	1914
T7_ARTEFACT_TOKEN_FAVOR_2	1915
T8_ARTEFACT_TOKEN_FAVOR_2	1916
T4_ARTEFACT_TOKEN_FAVOR_3	1917
T5_ARTEFACT_TOKEN_FAVOR_3	1918
T6_ARTEFACT_TOKEN_FAVOR_3	1919
T7_ARTEFACT_TOKEN_FAVOR_3	1920
T8_ARTEFACT_TOKEN_FAVOR_3	1921
T4_ARTEFACT_TOKEN_FAVOR_4	1922
T5_ARTEFACT_TOKEN_FAVOR_4	1923
T6_ARTEFACT_TOKEN_FAVOR_4	1924
T7_ARTEFACT_TOKEN_FAVOR_4	1925
T8_ARTEFACT_TOKEN_FAVOR_4	1926
T3_ALCHEMY_RARE_PANTHER	1927
T5_ALCHEMY_RARE_PANTHER	1928
T7_ALCHEMY_RARE_PANTHER	1929
T3_ALCHEMY_RARE_ENT	1930
T5_ALCHEMY_RARE_ENT	1931
T7_ALCHEMY_RARE_ENT	1932
T3_ALCHEMY_RARE_DIREBEAR	1933
T5_ALCHEMY_RARE_DIREBEAR	1934
T7_ALCHEMY_RARE_DIREBEAR	1935
T3_ALCHEMY_RARE_WEREWOLF	1936
T5_ALCHEMY_RARE_WEREWOLF	1937
T7_ALCHEMY_RARE_WEREWOLF	1938
T3_ALCHEMY_RARE_IMP	1939
T5_ALCHEMY_RARE_IMP	1940
T7_ALCHEMY_RARE_IMP	1941
T3_ALCHEMY_RARE_ELEMENTAL	1942
T5_ALCHEMY_RARE_ELEMENTAL	1943
T7_ALCHEMY_RARE_ELEMENTAL	1944
T3_ALCHEMY_RARE_EAGLE	1945
T5_ALCHEMY_RARE_EAGLE	1946
T7_ALCHEMY_RARE_EAGLE	1947
T1_ALCHEMY_COMMON	1948
T1_ALCHEMY_EXTRACT_LEVEL1	1949
T1_ALCHEMY_EXTRACT_LEVEL2	1950
T1_ALCHEMY_EXTRACT_LEVEL3	1951
T4_ESSENCE_POTION	1952
T4_ESSENCE	1953
T4_RUNE	1954
T4_SOUL	1955
T4_RELIC	1956
T4_SHARD_AVALONIAN	1957
T4_SHARD_CRYSTAL	1958
T5_ESSENCE_POTION	1959
T5_ESSENCE	1960
T5_RUNE	1961
T5_SOUL	1962
T5_RELIC	1963
T5_SHARD_AVALONIAN	1964
T5_SHARD_CRYSTAL	1965
T6_ESSENCE_POTION	1966
T6_ESSENCE	1967
T6_RUNE	1968
T6_SOUL	1969
T6_RELIC	1970
T6_SHARD_AVALONIAN	1971
T6_SHARD_CRYSTAL	1972
T7_ESSENCE_POTION	1973
T7_ESSENCE	1974
T7_RUNE	1975
T7_SOUL	1976
T7_RELIC	1977
T7_SHARD_AVALONIAN	1978
T7_SHARD_CRYSTAL	1979
T8_ESSENCE_POTION	1980
T8_ESSENCE	1981
T8_RUNE	1982
T8_SOUL	1983
T8_RELIC	1984
T8_SHARD_AVALONIAN	1985
T8_SHARD_CRYSTAL	1986
T1_TRASH	1987
T2_TRASH	1988
T3_TRASH	1989
T4_TRASH	1990
T5_TRASH	1991
T6_TRASH	1992
T7_TRASH	1993
T8_TRASH	1994
T1_OFF_SHIELD	1995
T2_OFF_SHIELD	1996
T3_OFF_SHIELD	1997
T4_OFF_SHIELD	1998
T4_OFF_SHIELD@1	1999
T4_OFF_SHIELD@2	2000
T4_OFF_SHIELD@3	2001
T4_OFF_SHIELD@4	2002
T5_OFF_SHIELD	2003
T5_OFF_SHIELD@1	2004
T5_OFF_SHIELD@2	2005
T5_OFF_SHIELD@3	2006
T5_OFF_SHIELD@4	2007
T6_OFF_SHIELD	2008
T6_OFF_SHIELD@1	2009
T6_OFF_SHIELD@2	2010
T6_OFF_SHIELD@3	2011
T6_OFF_SHIELD@4	2012
T7_OFF_SHIELD	2013
T7_OFF_SHIELD@1	2014
T7_OFF_SHIELD@2	2015
T7_OFF_SHIELD@3	2016
T7_OFF_SHIELD@4	2017
T8_OFF_SHIELD	2018
T8_OFF_SHIELD@1	2019
T8_OFF_SHIELD@2	2020
T8_OFF_SHIELD@3	2021
T8_OFF_SHIELD@4	2022
T4_OFF_TOWERSHIELD_UNDEAD	2023
T4_OFF_TOWERSHIELD_UNDEAD@1	2024
T4_OFF_TOWERSHIELD_UNDEAD@2	2025
T4_OFF_TOWERSHIELD_UNDEAD@3	2026
T4_OFF_TOWERSHIELD_UNDEAD@4	2027
T5_OFF_TOWERSHIELD_UNDEAD	2028
T5_OFF_TOWERSHIELD_UNDEAD@1	2029
T5_OFF_TOWERSHIELD_UNDEAD@2	2030
T5_OFF_TOWERSHIELD_UNDEAD@3	2031
T5_OFF_TOWERSHIELD_UNDEAD@4	2032
T6_OFF_TOWERSHIELD_UNDEAD	2033
T6_OFF_TOWERSHIELD_UNDEAD@1	2034
T6_OFF_TOWERSHIELD_UNDEAD@2	2035
T6_OFF_TOWERSHIELD_UNDEAD@3	2036
T6_OFF_TOWERSHIELD_UNDEAD@4	2037
T7_OFF_TOWERSHIELD_UNDEAD	2038
T7_OFF_TOWERSHIELD_UNDEAD@1	2039
T7_OFF_TOWERSHIELD_UNDEAD@2	2040
T7_OFF_TOWERSHIELD_UNDEAD@3	2041
T7_OFF_TOWERSHIELD_UNDEAD@4	2042
T8_OFF_TOWERSHIELD_UNDEAD	2043
T8_OFF_TOWERSHIELD_UNDEAD@1	2044
T8_OFF_TOWERSHIELD_UNDEAD@2	2045
T8_OFF_TOWERSHIELD_UNDEAD@3	2046
T8_OFF_TOWERSHIELD_UNDEAD@4	2047
T4_OFF_SHIELD_HELL	2048
T4_OFF_SHIELD_HELL@1	2049
T4_OFF_SHIELD_HELL@2	2050
T4_OFF_SHIELD_HELL@3	2051
T4_OFF_SHIELD_HELL@4	2052
T5_OFF_SHIELD_HELL	2053
T5_OFF_SHIELD_HELL@1	2054
T5_OFF_SHIELD_HELL@2	2055
T5_OFF_SHIELD_HELL@3	2056
T5_OFF_SHIELD_HELL@4	2057
T6_OFF_SHIELD_HELL	2058
T6_OFF_SHIELD_HELL@1	2059
T6_OFF_SHIELD_HELL@2	2060
T6_OFF_SHIELD_HELL@3	2061
T6_OFF_SHIELD_HELL@4	2062
T7_OFF_SHIELD_HELL	2063
T7_OFF_SHIELD_HELL@1	2064
T7_OFF_SHIELD_HELL@2	2065
T7_OFF_SHIELD_HELL@3	2066
T7_OFF_SHIELD_HELL@4	2067
T8_OFF_SHIELD_HELL	2068
T8_OFF_SHIELD_HELL@1	2069
T8_OFF_SHIELD_HELL@2	2070
T8_OFF_SHIELD_HELL@3	2071
T8_OFF_SHIELD_HELL@4	2072
T4_OFF_SPIKEDSHIELD_MORGANA	2073
T4_OFF_SPIKEDSHIELD_MORGANA@1	2074
T4_OFF_SPIKEDSHIELD_MORGANA@2	2075
T4_OFF_SPIKEDSHIELD_MORGANA@3	2076
T4_OFF_SPIKEDSHIELD_MORGANA@4	2077
T5_OFF_SPIKEDSHIELD_MORGANA	2078
T5_OFF_SPIKEDSHIELD_MORGANA@1	2079
T5_OFF_SPIKEDSHIELD_MORGANA@2	2080
T5_OFF_SPIKEDSHIELD_MORGANA@3	2081
T5_OFF_SPIKEDSHIELD_MORGANA@4	2082
T6_OFF_SPIKEDSHIELD_MORGANA	2083
T6_OFF_SPIKEDSHIELD_MORGANA@1	2084
T6_OFF_SPIKEDSHIELD_MORGANA@2	2085
T6_OFF_SPIKEDSHIELD_MORGANA@3	2086
T6_OFF_SPIKEDSHIELD_MORGANA@4	2087
T7_OFF_SPIKEDSHIELD_MORGANA	2088
T7_OFF_SPIKEDSHIELD_MORGANA@1	2089
T7_OFF_SPIKEDSHIELD_MORGANA@2	2090
T7_OFF_SPIKEDSHIELD_MORGANA@3	2091
T7_OFF_SPIKEDSHIELD_MORGANA@4	2092
T8_OFF_SPIKEDSHIELD_MORGANA	2093
T8_OFF_SPIKEDSHIELD_MORGANA@1	2094
T8_OFF_SPIKEDSHIELD_MORGANA@2	2095
T8_OFF_SPIKEDSHIELD_MORGANA@3	2096
T8_OFF_SPIKEDSHIELD_MORGANA@4	2097
T4_OFF_SHIELD_AVALON	2098
T4_OFF_SHIELD_AVALON@1	2099
T4_OFF_SHIELD_AVALON@2	2100
T4_OFF_SHIELD_AVALON@3	2101
T4_OFF_SHIELD_AVALON@4	2102
T5_OFF_SHIELD_AVALON	2103
T5_OFF_SHIELD_AVALON@1	2104
T5_OFF_SHIELD_AVALON@2	2105
T5_OFF_SHIELD_AVALON@3	2106
T5_OFF_SHIELD_AVALON@4	2107
T6_OFF_SHIELD_AVALON	2108
T6_OFF_SHIELD_AVALON@1	2109
T6_OFF_SHIELD_AVALON@2	2110
T6_OFF_SHIELD_AVALON@3	2111
T6_OFF_SHIELD_AVALON@4	2112
T7_OFF_SHIELD_AVALON	2113
T7_OFF_SHIELD_AVALON@1	2114
T7_OFF_SHIELD_AVALON@2	2115
T7_OFF_SHIELD_AVALON@3	2116
T7_OFF_SHIELD_AVALON@4	2117
T8_OFF_SHIELD_AVALON	2118
T8_OFF_SHIELD_AVALON@1	2119
T8_OFF_SHIELD_AVALON@2	2120
T8_OFF_SHIELD_AVALON@3	2121
T8_OFF_SHIELD_AVALON@4	2122
T4_OFF_SHIELD_CRYSTAL	2123
T4_OFF_SHIELD_CRYSTAL@1	2124
T4_OFF_SHIELD_CRYSTAL@2	2125
T4_OFF_SHIELD_CRYSTAL@3	2126
T4_OFF_SHIELD_CRYSTAL@4	2127
T5_OFF_SHIELD_CRYSTAL	2128
T5_OFF_SHIELD_CRYSTAL@1	2129
T5_OFF_SHIELD_CRYSTAL@2	2130
T5_OFF_SHIELD_CRYSTAL@3	2131
T5_OFF_SHIELD_CRYSTAL@4	2132
T6_OFF_SHIELD_CRYSTAL	2133
T6_OFF_SHIELD_CRYSTAL@1	2134
T6_OFF_SHIELD_CRYSTAL@2	2135
T6_OFF_SHIELD_CRYSTAL@3	2136
T6_OFF_SHIELD_CRYSTAL@4	2137
T7_OFF_SHIELD_CRYSTAL	2138
T7_OFF_SHIELD_CRYSTAL@1	2139
T7_OFF_SHIELD_CRYSTAL@2	2140
T7_OFF_SHIELD_CRYSTAL@3	2141
T7_OFF_SHIELD_CRYSTAL@4	2142
T8_OFF_SHIELD_CRYSTAL	2143
T8_OFF_SHIELD_CRYSTAL@1	2144
T8_OFF_SHIELD_CRYSTAL@2	2145
T8_OFF_SHIELD_CRYSTAL@3	2146
T8_OFF_SHIELD_CRYSTAL@4	2147
T2_OFF_BOOK	2148
T3_OFF_BOOK	2149
T4_OFF_BOOK	2150
T4_OFF_BOOK@1	2151
T4_OFF_BOOK@2	2152
T4_OFF_BOOK@3	2153
T4_OFF_BOOK@4	2154
T5_OFF_BOOK	2155
T5_OFF_BOOK@1	2156
T5_OFF_BOOK@2	2157
T5_OFF_BOOK@3	2158
T5_OFF_BOOK@4	2159
T6_OFF_BOOK	2160
T6_OFF_BOOK@1	2161
T6_OFF_BOOK@2	2162
T6_OFF_BOOK@3	2163
T6_OFF_BOOK@4	2164
T7_OFF_BOOK	2165
T7_OFF_BOOK@1	2166
T7_OFF_BOOK@2	2167
T7_OFF_BOOK@3	2168
T7_OFF_BOOK@4	2169
T8_OFF_BOOK	2170
T8_OFF_BOOK@1	2171
T8_OFF_BOOK@2	2172
T8_OFF_BOOK@3	2173
T8_OFF_BOOK@4	2174
T4_OFF_ORB_MORGANA	2175
T4_OFF_ORB_MORGANA@1	2176
T4_OFF_ORB_MORGANA@2	2177
T4_OFF_ORB_MORGANA@3	2178
T4_OFF_ORB_MORGANA@4	2179
T5_OFF_ORB_MORGANA	2180
T5_OFF_ORB_MORGANA@1	2181
T5_OFF_ORB_MORGANA@2	2182
T5_OFF_ORB_MORGANA@3	2183
T5_OFF_ORB_MORGANA@4	2184
T6_OFF_ORB_MORGANA	2185
T6_OFF_ORB_MORGANA@1	2186
T6_OFF_ORB_MORGANA@2	2187
T6_OFF_ORB_MORGANA@3	2188
T6_OFF_ORB_MORGANA@4	2189
T7_OFF_ORB_MORGANA	2190
T7_OFF_ORB_MORGANA@1	2191
T7_OFF_ORB_MORGANA@2	2192
T7_OFF_ORB_MORGANA@3	2193
T7_OFF_ORB_MORGANA@4	2194
T8_OFF_ORB_MORGANA	2195
T8_OFF_ORB_MORGANA@1	2196
T8_OFF_ORB_MORGANA@2	2197
T8_OFF_ORB_MORGANA@3	2198
T8_OFF_ORB_MORGANA@4	2199
T4_OFF_DEMONSKULL_HELL	2200
T4_OFF_DEMONSKULL_HELL@1	2201
T4_OFF_DEMONSKULL_HELL@2	2202
T4_OFF_DEMONSKULL_HELL@3	2203
T4_OFF_DEMONSKULL_HELL@4	2204
T5_OFF_DEMONSKULL_HELL	2205
T5_OFF_DEMONSKULL_HELL@1	2206
T5_OFF_DEMONSKULL_HELL@2	2207
T5_OFF_DEMONSKULL_HELL@3	2208
T5_OFF_DEMONSKULL_HELL@4	2209
T6_OFF_DEMONSKULL_HELL	2210
T6_OFF_DEMONSKULL_HELL@1	2211
T6_OFF_DEMONSKULL_HELL@2	2212
T6_OFF_DEMONSKULL_HELL@3	2213
T6_OFF_DEMONSKULL_HELL@4	2214
T7_OFF_DEMONSKULL_HELL	2215
T7_OFF_DEMONSKULL_HELL@1	2216
T7_OFF_DEMONSKULL_HELL@2	2217
T7_OFF_DEMONSKULL_HELL@3	2218
T7_OFF_DEMONSKULL_HELL@4	2219
T8_OFF_DEMONSKULL_HELL	2220
T8_OFF_DEMONSKULL_HELL@1	2221
T8_OFF_DEMONSKULL_HELL@2	2222
T8_OFF_DEMONSKULL_HELL@3	2223
T8_OFF_DEMONSKULL_HELL@4	2224
T4_OFF_TOTEM_KEEPER	2225
T4_OFF_TOTEM_KEEPER@1	2226
T4_OFF_TOTEM_KEEPER@2	2227
T4_OFF_TOTEM_KEEPER@3	2228
T4_OFF_TOTEM_KEEPER@4	2229
T5_OFF_TOTEM_KEEPER	2230
T5_OFF_TOTEM_KEEPER@1	2231
T5_OFF_TOTEM_KEEPER@2	2232
T5_OFF_TOTEM_KEEPER@3	2233
T5_OFF_TOTEM_KEEPER@4	2234
T6_OFF_TOTEM_KEEPER	2235
T6_OFF_TOTEM_KEEPER@1	2236
T6_OFF_TOTEM_KEEPER@2	2237
T6_OFF_TOTEM_KEEPER@3	2238
T6_OFF_TOTEM_KEEPER@4	2239
T7_OFF_TOTEM_KEEPER	2240
T7_OFF_TOTEM_KEEPER@1	2241
T7_OFF_TOTEM_KEEPER@2	2242
T7_OFF_TOTEM_KEEPER@3	2243
T7_OFF_TOTEM_KEEPER@4	2244
T8_OFF_TOTEM_KEEPER	2245
T8_OFF_TOTEM_KEEPER@1	2246
T8_OFF_TOTEM_KEEPER@2	2247
T8_OFF_TOTEM_KEEPER@3	2248
T8_OFF_TOTEM_KEEPER@4	2249
T4_OFF_CENSER_AVALON	2250
T4_OFF_CENSER_AVALON@1	2251
T4_OFF_CENSER_AVALON@2	2252
T4_OFF_CENSER_AVALON@3	2253
T4_OFF_CENSER_AVALON@4	2254
T5_OFF_CENSER_AVALON	2255
T5_OFF_CENSER_AVALON@1	2256
T5_OFF_CENSER_AVALON@2	2257
T5_OFF_CENSER_AVALON@3	2258
T5_OFF_CENSER_AVALON@4	2259
T6_OFF_CENSER_AVALON	2260
T6_OFF_CENSER_AVALON@1	2261
T6_OFF_CENSER_AVALON@2	2262
T6_OFF_CENSER_AVALON@3	2263
T6_OFF_CENSER_AVALON@4	2264
T7_OFF_CENSER_AVALON	2265
T7_OFF_CENSER_AVALON@1	2266
T7_OFF_CENSER_AVALON@2	2267
T7_OFF_CENSER_AVALON@3	2268
T7_OFF_CENSER_AVALON@4	2269
T8_OFF_CENSER_AVALON	2270
T8_OFF_CENSER_AVALON@1	2271
T8_OFF_CENSER_AVALON@2	2272
T8_OFF_CENSER_AVALON@3	2273
T8_OFF_CENSER_AVALON@4	2274
T4_OFF_TOME_CRYSTAL	2275
T4_OFF_TOME_CRYSTAL@1	2276
T4_OFF_TOME_CRYSTAL@2	2277
T4_OFF_TOME_CRYSTAL@3	2278
T4_OFF_TOME_CRYSTAL@4	2279
T5_OFF_TOME_CRYSTAL	2280
T5_OFF_TOME_CRYSTAL@1	2281
T5_OFF_TOME_CRYSTAL@2	2282
T5_OFF_TOME_CRYSTAL@3	2283
T5_OFF_TOME_CRYSTAL@4	2284
T6_OFF_TOME_CRYSTAL	2285
T6_OFF_TOME_CRYSTAL@1	2286
T6_OFF_TOME_CRYSTAL@2	2287
T6_OFF_TOME_CRYSTAL@3	2288
T6_OFF_TOME_CRYSTAL@4	2289
T7_OFF_TOME_CRYSTAL	2290
T7_OFF_TOME_CRYSTAL@1	2291
T7_OFF_TOME_CRYSTAL@2	2292
T7_OFF_TOME_CRYSTAL@3	2293
T7_OFF_TOME_CRYSTAL@4	2294
T8_OFF_TOME_CRYSTAL	2295
T8_OFF_TOME_CRYSTAL@1	2296
T8_OFF_TOME_CRYSTAL@2	2297
T8_OFF_TOME_CRYSTAL@3	2298
T8_OFF_TOME_CRYSTAL@4	2299
T3_OFF_TORCH	2300
T4_OFF_TORCH	2301
T4_OFF_TORCH@1	2302
T4_OFF_TORCH@2	2303
T4_OFF_TORCH@3	2304
T4_OFF_TORCH@4	2305
T5_OFF_TORCH	2306
T5_OFF_TORCH@1	2307
T5_OFF_TORCH@2	2308
T5_OFF_TORCH@3	2309
T5_OFF_TORCH@4	2310
T6_OFF_TORCH	2311
T6_OFF_TORCH@1	2312
T6_OFF_TORCH@2	2313
T6_OFF_TORCH@3	2314
T6_OFF_TORCH@4	2315
T7_OFF_TORCH	2316
T7_OFF_TORCH@1	2317
T7_OFF_TORCH@2	2318
T7_OFF_TORCH@3	2319
T7_OFF_TORCH@4	2320
T8_OFF_TORCH	2321
T8_OFF_TORCH@1	2322
T8_OFF_TORCH@2	2323
T8_OFF_TORCH@3	2324
T8_OFF_TORCH@4	2325
T4_OFF_HORN_KEEPER	2326
T4_OFF_HORN_KEEPER@1	2327
T4_OFF_HORN_KEEPER@2	2328
T4_OFF_HORN_KEEPER@3	2329
T4_OFF_HORN_KEEPER@4	2330
T5_OFF_HORN_KEEPER	2331
T5_OFF_HORN_KEEPER@1	2332
T5_OFF_HORN_KEEPER@2	2333
T5_OFF_HORN_KEEPER@3	2334
T5_OFF_HORN_KEEPER@4	2335
T6_OFF_HORN_KEEPER	2336
T6_OFF_HORN_KEEPER@1	2337
T6_OFF_HORN_KEEPER@2	2338
T6_OFF_HORN_KEEPER@3	2339
T6_OFF_HORN_KEEPER@4	2340
T7_OFF_HORN_KEEPER	2341
T7_OFF_HORN_KEEPER@1	2342
T7_OFF_HORN_KEEPER@2	2343
T7_OFF_HORN_KEEPER@3	2344
T7_OFF_HORN_KEEPER@4	2345
T8_OFF_HORN_KEEPER	2346
T8_OFF_HORN_KEEPER@1	2347
T8_OFF_HORN_KEEPER@2	2348
T8_OFF_HORN_KEEPER@3	2349
T8_OFF_HORN_KEEPER@4	2350
T4_OFF_TALISMAN_AVALON	2351
T4_OFF_TALISMAN_AVALON@1	2352
T4_OFF_TALISMAN_AVALON@2	2353
T4_OFF_TALISMAN_AVALON@3	2354
T4_OFF_TALISMAN_AVALON@4	2355
T5_OFF_TALISMAN_AVALON	2356
T5_OFF_TALISMAN_AVALON@1	2357
T5_OFF_TALISMAN_AVALON@2	2358
T5_OFF_TALISMAN_AVALON@3	2359
T5_OFF_TALISMAN_AVALON@4	2360
T6_OFF_TALISMAN_AVALON	2361
T6_OFF_TALISMAN_AVALON@1	2362
T6_OFF_TALISMAN_AVALON@2	2363
T6_OFF_TALISMAN_AVALON@3	2364
T6_OFF_TALISMAN_AVALON@4	2365
T7_OFF_TALISMAN_AVALON	2366
T7_OFF_TALISMAN_AVALON@1	2367
T7_OFF_TALISMAN_AVALON@2	2368
T7_OFF_TALISMAN_AVALON@3	2369
T7_OFF_TALISMAN_AVALON@4	2370
T8_OFF_TALISMAN_AVALON	2371
T8_OFF_TALISMAN_AVALON@1	2372
T8_OFF_TALISMAN_AVALON@2	2373
T8_OFF_TALISMAN_AVALON@3	2374
T8_OFF_TALISMAN_AVALON@4	2375
T4_OFF_LAMP_UNDEAD	2376
T4_OFF_LAMP_UNDEAD@1	2377
T4_OFF_LAMP_UNDEAD@2	2378
T4_OFF_LAMP_UNDEAD@3	2379
T4_OFF_LAMP_UNDEAD@4	2380
T5_OFF_LAMP_UNDEAD	2381
T5_OFF_LAMP_UNDEAD@1	2382
T5_OFF_LAMP_UNDEAD@2	2383
T5_OFF_LAMP_UNDEAD@3	2384
T5_OFF_LAMP_UNDEAD@4	2385
T6_OFF_LAMP_UNDEAD	2386
T6_OFF_LAMP_UNDEAD@1	2387
T6_OFF_LAMP_UNDEAD@2	2388
T6_OFF_LAMP_UNDEAD@3	2389
T6_OFF_LAMP_UNDEAD@4	2390
T7_OFF_LAMP_UNDEAD	2391
T7_OFF_LAMP_UNDEAD@1	2392
T7_OFF_LAMP_UNDEAD@2	2393
T7_OFF_LAMP_UNDEAD@3	2394
T7_OFF_LAMP_UNDEAD@4	2395
T8_OFF_LAMP_UNDEAD	2396
T8_OFF_LAMP_UNDEAD@1	2397
T8_OFF_LAMP_UNDEAD@2	2398
T8_OFF_LAMP_UNDEAD@3	2399
T8_OFF_LAMP_UNDEAD@4	2400
T4_OFF_JESTERCANE_HELL	2401
T4_OFF_JESTERCANE_HELL@1	2402
T4_OFF_JESTERCANE_HELL@2	2403
T4_OFF_JESTERCANE_HELL@3	2404
T4_OFF_JESTERCANE_HELL@4	2405
T5_OFF_JESTERCANE_HELL	2406
T5_OFF_JESTERCANE_HELL@1	2407
T5_OFF_JESTERCANE_HELL@2	2408
T5_OFF_JESTERCANE_HELL@3	2409
T5_OFF_JESTERCANE_HELL@4	2410
T6_OFF_JESTERCANE_HELL	2411
T6_OFF_JESTERCANE_HELL@1	2412
T6_OFF_JESTERCANE_HELL@2	2413
T6_OFF_JESTERCANE_HELL@3	2414
T6_OFF_JESTERCANE_HELL@4	2415
T7_OFF_JESTERCANE_HELL	2416
T7_OFF_JESTERCANE_HELL@1	2417
T7_OFF_JESTERCANE_HELL@2	2418
T7_OFF_JESTERCANE_HELL@3	2419
T7_OFF_JESTERCANE_HELL@4	2420
T8_OFF_JESTERCANE_HELL	2421
T8_OFF_JESTERCANE_HELL@1	2422
T8_OFF_JESTERCANE_HELL@2	2423
T8_OFF_JESTERCANE_HELL@3	2424
T8_OFF_JESTERCANE_HELL@4	2425
T4_OFF_TORCH_CRYSTAL	2426
T4_OFF_TORCH_CRYSTAL@1	2427
T4_OFF_TORCH_CRYSTAL@2	2428
T4_OFF_TORCH_CRYSTAL@3	2429
T4_OFF_TORCH_CRYSTAL@4	2430
T5_OFF_TORCH_CRYSTAL	2431
T5_OFF_TORCH_CRYSTAL@1	2432
T5_OFF_TORCH_CRYSTAL@2	2433
T5_OFF_TORCH_CRYSTAL@3	2434
T5_OFF_TORCH_CRYSTAL@4	2435
T6_OFF_TORCH_CRYSTAL	2436
T6_OFF_TORCH_CRYSTAL@1	2437
T6_OFF_TORCH_CRYSTAL@2	2438
T6_OFF_TORCH_CRYSTAL@3	2439
T6_OFF_TORCH_CRYSTAL@4	2440
T7_OFF_TORCH_CRYSTAL	2441
T7_OFF_TORCH_CRYSTAL@1	2442
T7_OFF_TORCH_CRYSTAL@2	2443
T7_OFF_TORCH_CRYSTAL@3	2444
T7_OFF_TORCH_CRYSTAL@4	2445
T8_OFF_TORCH_CRYSTAL	2446
T8_OFF_TORCH_CRYSTAL@1	2447
T8_OFF_TORCH_CRYSTAL@2	2448
T8_OFF_TORCH_CRYSTAL@3	2449
T8_OFF_TORCH_CRYSTAL@4	2450
T2_CAPE	2451
T3_CAPE	2452
T4_CAPE	2453
T4_CAPE@1	2454
T4_CAPE@2	2455
T4_CAPE@3	2456
T4_CAPE@4	2457
T5_CAPE	2458
T5_CAPE@1	2459
T5_CAPE@2	2460
T5_CAPE@3	2461
T5_CAPE@4	2462
T6_CAPE	2463
T6_CAPE@1	2464
T6_CAPE@2	2465
T6_CAPE@3	2466
T6_CAPE@4	2467
T7_CAPE	2468
T7_CAPE@1	2469
T7_CAPE@2	2470
T7_CAPE@3	2471
T7_CAPE@4	2472
T8_CAPE	2473
T8_CAPE@1	2474
T8_CAPE@2	2475
T8_CAPE@3	2476
T8_CAPE@4	2477
T4_CAPEITEM_FW_BRIDGEWATCH	2478
T4_CAPEITEM_FW_BRIDGEWATCH@1	2479
T4_CAPEITEM_FW_BRIDGEWATCH@2	2480
T4_CAPEITEM_FW_BRIDGEWATCH@3	2481
T4_CAPEITEM_FW_BRIDGEWATCH@4	2482
T5_CAPEITEM_FW_BRIDGEWATCH	2483
T5_CAPEITEM_FW_BRIDGEWATCH@1	2484
T5_CAPEITEM_FW_BRIDGEWATCH@2	2485
T5_CAPEITEM_FW_BRIDGEWATCH@3	2486
T5_CAPEITEM_FW_BRIDGEWATCH@4	2487
T6_CAPEITEM_FW_BRIDGEWATCH	2488
T6_CAPEITEM_FW_BRIDGEWATCH@1	2489
T6_CAPEITEM_FW_BRIDGEWATCH@2	2490
T6_CAPEITEM_FW_BRIDGEWATCH@3	2491
T6_CAPEITEM_FW_BRIDGEWATCH@4	2492
T7_CAPEITEM_FW_BRIDGEWATCH	2493
T7_CAPEITEM_FW_BRIDGEWATCH@1	2494
T7_CAPEITEM_FW_BRIDGEWATCH@2	2495
T7_CAPEITEM_FW_BRIDGEWATCH@3	2496
T7_CAPEITEM_FW_BRIDGEWATCH@4	2497
T8_CAPEITEM_FW_BRIDGEWATCH	2498
T8_CAPEITEM_FW_BRIDGEWATCH@1	2499
T8_CAPEITEM_FW_BRIDGEWATCH@2	2500
T8_CAPEITEM_FW_BRIDGEWATCH@3	2501
T8_CAPEITEM_FW_BRIDGEWATCH@4	2502
T4_CAPEITEM_FW_FORTSTERLING	2503
T4_CAPEITEM_FW_FORTSTERLING@1	2504
T4_CAPEITEM_FW_FORTSTERLING@2	2505
T4_CAPEITEM_FW_FORTSTERLING@3	2506
T4_CAPEITEM_FW_FORTSTERLING@4	2507
T5_CAPEITEM_FW_FORTSTERLING	2508
T5_CAPEITEM_FW_FORTSTERLING@1	2509
T5_CAPEITEM_FW_FORTSTERLING@2	2510
T5_CAPEITEM_FW_FORTSTERLING@3	2511
T5_CAPEITEM_FW_FORTSTERLING@4	2512
T6_CAPEITEM_FW_FORTSTERLING	2513
T6_CAPEITEM_FW_FORTSTERLING@1	2514
T6_CAPEITEM_FW_FORTSTERLING@2	2515
T6_CAPEITEM_FW_FORTSTERLING@3	2516
T6_CAPEITEM_FW_FORTSTERLING@4	2517
T7_CAPEITEM_FW_FORTSTERLING	2518
T7_CAPEITEM_FW_FORTSTERLING@1	2519
T7_CAPEITEM_FW_FORTSTERLING@2	2520
T7_CAPEITEM_FW_FORTSTERLING@3	2521
T7_CAPEITEM_FW_FORTSTERLING@4	2522
T8_CAPEITEM_FW_FORTSTERLING	2523
T8_CAPEITEM_FW_FORTSTERLING@1	2524
T8_CAPEITEM_FW_FORTSTERLING@2	2525
T8_CAPEITEM_FW_FORTSTERLING@3	2526
T8_CAPEITEM_FW_FORTSTERLING@4	2527
T4_CAPEITEM_FW_LYMHURST	2528
T4_CAPEITEM_FW_LYMHURST@1	2529
T4_CAPEITEM_FW_LYMHURST@2	2530
T4_CAPEITEM_FW_LYMHURST@3	2531
T4_CAPEITEM_FW_LYMHURST@4	2532
T5_CAPEITEM_FW_LYMHURST	2533
T5_CAPEITEM_FW_LYMHURST@1	2534
T5_CAPEITEM_FW_LYMHURST@2	2535
T5_CAPEITEM_FW_LYMHURST@3	2536
T5_CAPEITEM_FW_LYMHURST@4	2537
T6_CAPEITEM_FW_LYMHURST	2538
T6_CAPEITEM_FW_LYMHURST@1	2539
T6_CAPEITEM_FW_LYMHURST@2	2540
T6_CAPEITEM_FW_LYMHURST@3	2541
T6_CAPEITEM_FW_LYMHURST@4	2542
T7_CAPEITEM_FW_LYMHURST	2543
T7_CAPEITEM_FW_LYMHURST@1	2544
T7_CAPEITEM_FW_LYMHURST@2	2545
T7_CAPEITEM_FW_LYMHURST@3	2546
T7_CAPEITEM_FW_LYMHURST@4	2547
T8_CAPEITEM_FW_LYMHURST	2548
T8_CAPEITEM_FW_LYMHURST@1	2549
T8_CAPEITEM_FW_LYMHURST@2	2550
T8_CAPEITEM_FW_LYMHURST@3	2551
T8_CAPEITEM_FW_LYMHURST@4	2552
T4_CAPEITEM_FW_MARTLOCK	2553
T4_CAPEITEM_FW_MARTLOCK@1	2554
T4_CAPEITEM_FW_MARTLOCK@2	2555
T4_CAPEITEM_FW_MARTLOCK@3	2556
T4_CAPEITEM_FW_MARTLOCK@4	2557
T5_CAPEITEM_FW_MARTLOCK	2558
T5_CAPEITEM_FW_MARTLOCK@1	2559
T5_CAPEITEM_FW_MARTLOCK@2	2560
T5_CAPEITEM_FW_MARTLOCK@3	2561
T5_CAPEITEM_FW_MARTLOCK@4	2562
T6_CAPEITEM_FW_MARTLOCK	2563
T6_CAPEITEM_FW_MARTLOCK@1	2564
T6_CAPEITEM_FW_MARTLOCK@2	2565
T6_CAPEITEM_FW_MARTLOCK@3	2566
T6_CAPEITEM_FW_MARTLOCK@4	2567
T7_CAPEITEM_FW_MARTLOCK	2568
T7_CAPEITEM_FW_MARTLOCK@1	2569
T7_CAPEITEM_FW_MARTLOCK@2	2570
T7_CAPEITEM_FW_MARTLOCK@3	2571
T7_CAPEITEM_FW_MARTLOCK@4	2572
T8_CAPEITEM_FW_MARTLOCK	2573
T8_CAPEITEM_FW_MARTLOCK@1	2574
T8_CAPEITEM_FW_MARTLOCK@2	2575
T8_CAPEITEM_FW_MARTLOCK@3	2576
T8_CAPEITEM_FW_MARTLOCK@4	2577
T4_CAPEITEM_FW_THETFORD	2578
T4_CAPEITEM_FW_THETFORD@1	2579
T4_CAPEITEM_FW_THETFORD@2	2580
T4_CAPEITEM_FW_THETFORD@3	2581
T4_CAPEITEM_FW_THETFORD@4	2582
T5_CAPEITEM_FW_THETFORD	2583
T5_CAPEITEM_FW_THETFORD@1	2584
T5_CAPEITEM_FW_THETFORD@2	2585
T5_CAPEITEM_FW_THETFORD@3	2586
T5_CAPEITEM_FW_THETFORD@4	2587
T6_CAPEITEM_FW_THETFORD	2588
T6_CAPEITEM_FW_THETFORD@1	2589
T6_CAPEITEM_FW_THETFORD@2	2590
T6_CAPEITEM_FW_THETFORD@3	2591
T6_CAPEITEM_FW_THETFORD@4	2592
T7_CAPEITEM_FW_THETFORD	2593
T7_CAPEITEM_FW_THETFORD@1	2594
T7_CAPEITEM_FW_THETFORD@2	2595
T7_CAPEITEM_FW_THETFORD@3	2596
T7_CAPEITEM_FW_THETFORD@4	2597
T8_CAPEITEM_FW_THETFORD	2598
T8_CAPEITEM_FW_THETFORD@1	2599
T8_CAPEITEM_FW_THETFORD@2	2600
T8_CAPEITEM_FW_THETFORD@3	2601
T8_CAPEITEM_FW_THETFORD@4	2602
T4_CAPEITEM_FW_CAERLEON	2603
T4_CAPEITEM_FW_CAERLEON@1	2604
T4_CAPEITEM_FW_CAERLEON@2	2605
T4_CAPEITEM_FW_CAERLEON@3	2606
T4_CAPEITEM_FW_CAERLEON@4	2607
T5_CAPEITEM_FW_CAERLEON	2608
T5_CAPEITEM_FW_CAERLEON@1	2609
T5_CAPEITEM_FW_CAERLEON@2	2610
T5_CAPEITEM_FW_CAERLEON@3	2611
T5_CAPEITEM_FW_CAERLEON@4	2612
T6_CAPEITEM_FW_CAERLEON	2613
T6_CAPEITEM_FW_CAERLEON@1	2614
T6_CAPEITEM_FW_CAERLEON@2	2615
T6_CAPEITEM_FW_CAERLEON@3	2616
T6_CAPEITEM_FW_CAERLEON@4	2617
T7_CAPEITEM_FW_CAERLEON	2618
T7_CAPEITEM_FW_CAERLEON@1	2619
T7_CAPEITEM_FW_CAERLEON@2	2620
T7_CAPEITEM_FW_CAERLEON@3	2621
T7_CAPEITEM_FW_CAERLEON@4	2622
T8_CAPEITEM_FW_CAERLEON	2623
T8_CAPEITEM_FW_CAERLEON@1	2624
T8_CAPEITEM_FW_CAERLEON@2	2625
T8_CAPEITEM_FW_CAERLEON@3	2626
T8_CAPEITEM_FW_CAERLEON@4	2627
T4_CAPEITEM_FW_BRECILIEN	2628
T4_CAPEITEM_FW_BRECILIEN@1	2629
T4_CAPEITEM_FW_BRECILIEN@2	2630
T4_CAPEITEM_FW_BRECILIEN@3	2631
T4_CAPEITEM_FW_BRECILIEN@4	2632
T5_CAPEITEM_FW_BRECILIEN	2633
T5_CAPEITEM_FW_BRECILIEN@1	2634
T5_CAPEITEM_FW_BRECILIEN@2	2635
T5_CAPEITEM_FW_BRECILIEN@3	2636
T5_CAPEITEM_FW_BRECILIEN@4	2637
T6_CAPEITEM_FW_BRECILIEN	2638
T6_CAPEITEM_FW_BRECILIEN@1	2639
T6_CAPEITEM_FW_BRECILIEN@2	2640
T6_CAPEITEM_FW_BRECILIEN@3	2641
T6_CAPEITEM_FW_BRECILIEN@4	2642
T7_CAPEITEM_FW_BRECILIEN	2643
T7_CAPEITEM_FW_BRECILIEN@1	2644
T7_CAPEITEM_FW_BRECILIEN@2	2645
T7_CAPEITEM_FW_BRECILIEN@3	2646
T7_CAPEITEM_FW_BRECILIEN@4	2647
T8_CAPEITEM_FW_BRECILIEN	2648
T8_CAPEITEM_FW_BRECILIEN@1	2649
T8_CAPEITEM_FW_BRECILIEN@2	2650
T8_CAPEITEM_FW_BRECILIEN@3	2651
T8_CAPEITEM_FW_BRECILIEN@4	2652
T4_CAPEITEM_AVALON	2653
T4_CAPEITEM_AVALON@1	2654
T4_CAPEITEM_AVALON@2	2655
T4_CAPEITEM_AVALON@3	2656
T4_CAPEITEM_AVALON@4	2657
T5_CAPEITEM_AVALON	2658
T5_CAPEITEM_AVALON@1	2659
T5_CAPEITEM_AVALON@2	2660
T5_CAPEITEM_AVALON@3	2661
T5_CAPEITEM_AVALON@4	2662
T6_CAPEITEM_AVALON	2663
T6_CAPEITEM_AVALON@1	2664
T6_CAPEITEM_AVALON@2	2665
T6_CAPEITEM_AVALON@3	2666
T6_CAPEITEM_AVALON@4	2667
T7_CAPEITEM_AVALON	2668
T7_CAPEITEM_AVALON@1	2669
T7_CAPEITEM_AVALON@2	2670
T7_CAPEITEM_AVALON@3	2671
T7_CAPEITEM_AVALON@4	2672
T8_CAPEITEM_AVALON	2673
T8_CAPEITEM_AVALON@1	2674
T8_CAPEITEM_AVALON@2	2675
T8_CAPEITEM_AVALON@3	2676
T8_CAPEITEM_AVALON@4	2677
T4_CAPEITEM_SMUGGLER	2678
T4_CAPEITEM_SMUGGLER@1	2679
T4_CAPEITEM_SMUGGLER@2	2680
T4_CAPEITEM_SMUGGLER@3	2681
T4_CAPEITEM_SMUGGLER@4	2682
T5_CAPEITEM_SMUGGLER	2683
T5_CAPEITEM_SMUGGLER@1	2684
T5_CAPEITEM_SMUGGLER@2	2685
T5_CAPEITEM_SMUGGLER@3	2686
T5_CAPEITEM_SMUGGLER@4	2687
T6_CAPEITEM_SMUGGLER	2688
T6_CAPEITEM_SMUGGLER@1	2689
T6_CAPEITEM_SMUGGLER@2	2690
T6_CAPEITEM_SMUGGLER@3	2691
T6_CAPEITEM_SMUGGLER@4	2692
T7_CAPEITEM_SMUGGLER	2693
T7_CAPEITEM_SMUGGLER@1	2694
T7_CAPEITEM_SMUGGLER@2	2695
T7_CAPEITEM_SMUGGLER@3	2696
T7_CAPEITEM_SMUGGLER@4	2697
T8_CAPEITEM_SMUGGLER	2698
T8_CAPEITEM_SMUGGLER@1	2699
T8_CAPEITEM_SMUGGLER@2	2700
T8_CAPEITEM_SMUGGLER@3	2701
T8_CAPEITEM_SMUGGLER@4	2702
T4_CAPEITEM_HERETIC	2703
T4_CAPEITEM_HERETIC@1	2704
T4_CAPEITEM_HERETIC@2	2705
T4_CAPEITEM_HERETIC@3	2706
T4_CAPEITEM_HERETIC@4	2707
T5_CAPEITEM_HERETIC	2708
T5_CAPEITEM_HERETIC@1	2709
T5_CAPEITEM_HERETIC@2	2710
T5_CAPEITEM_HERETIC@3	2711
T5_CAPEITEM_HERETIC@4	2712
T6_CAPEITEM_HERETIC	2713
T6_CAPEITEM_HERETIC@1	2714
T6_CAPEITEM_HERETIC@2	2715
T6_CAPEITEM_HERETIC@3	2716
T6_CAPEITEM_HERETIC@4	2717
T7_CAPEITEM_HERETIC	2718
T7_CAPEITEM_HERETIC@1	2719
T7_CAPEITEM_HERETIC@2	2720
T7_CAPEITEM_HERETIC@3	2721
T7_CAPEITEM_HERETIC@4	2722
T8_CAPEITEM_HERETIC	2723
T8_CAPEITEM_HERETIC@1	2724
T8_CAPEITEM_HERETIC@2	2725
T8_CAPEITEM_HERETIC@3	2726
T8_CAPEITEM_HERETIC@4	2727
T4_CAPEITEM_UNDEAD	2728
T4_CAPEITEM_UNDEAD@1	2729
T4_CAPEITEM_UNDEAD@2	2730
T4_CAPEITEM_UNDEAD@3	2731
T4_CAPEITEM_UNDEAD@4	2732
T5_CAPEITEM_UNDEAD	2733
T5_CAPEITEM_UNDEAD@1	2734
T5_CAPEITEM_UNDEAD@2	2735
T5_CAPEITEM_UNDEAD@3	2736
T5_CAPEITEM_UNDEAD@4	2737
T6_CAPEITEM_UNDEAD	2738
T6_CAPEITEM_UNDEAD@1	2739
T6_CAPEITEM_UNDEAD@2	2740
T6_CAPEITEM_UNDEAD@3	2741
T6_CAPEITEM_UNDEAD@4	2742
T7_CAPEITEM_UNDEAD	2743
T7_CAPEITEM_UNDEAD@1	2744
T7_CAPEITEM_UNDEAD@2	2745
T7_CAPEITEM_UNDEAD@3	2746
T7_CAPEITEM_UNDEAD@4	2747
T8_CAPEITEM_UNDEAD	2748
T8_CAPEITEM_UNDEAD@1	2749
T8_CAPEITEM_UNDEAD@2	2750
T8_CAPEITEM_UNDEAD@3	2751
T8_CAPEITEM_UNDEAD@4	2752
T4_CAPEITEM_KEEPER	2753
T4_CAPEITEM_KEEPER@1	2754
T4_CAPEITEM_KEEPER@2	2755
T4_CAPEITEM_KEEPER@3	2756
T4_CAPEITEM_KEEPER@4	2757
T5_CAPEITEM_KEEPER	2758
T5_CAPEITEM_KEEPER@1	2759
T5_CAPEITEM_KEEPER@2	2760
T5_CAPEITEM_KEEPER@3	2761
T5_CAPEITEM_KEEPER@4	2762
T6_CAPEITEM_KEEPER	2763
T6_CAPEITEM_KEEPER@1	2764
T6_CAPEITEM_KEEPER@2	2765
T6_CAPEITEM_KEEPER@3	2766
T6_CAPEITEM_KEEPER@4	2767
T7_CAPEITEM_KEEPER	2768
T7_CAPEITEM_KEEPER@1	2769
T7_CAPEITEM_KEEPER@2	2770
T7_CAPEITEM_KEEPER@3	2771
T7_CAPEITEM_KEEPER@4	2772
T8_CAPEITEM_KEEPER	2773
T8_CAPEITEM_KEEPER@1	2774
T8_CAPEITEM_KEEPER@2	2775
T8_CAPEITEM_KEEPER@3	2776
T8_CAPEITEM_KEEPER@4	2777
T4_CAPEITEM_MORGANA	2778
T4_CAPEITEM_MORGANA@1	2779
T4_CAPEITEM_MORGANA@2	2780
T4_CAPEITEM_MORGANA@3	2781
T4_CAPEITEM_MORGANA@4	2782
T5_CAPEITEM_MORGANA	2783
T5_CAPEITEM_MORGANA@1	2784
T5_CAPEITEM_MORGANA@2	2785
T5_CAPEITEM_MORGANA@3	2786
T5_CAPEITEM_MORGANA@4	2787
T6_CAPEITEM_MORGANA	2788
T6_CAPEITEM_MORGANA@1	2789
T6_CAPEITEM_MORGANA@2	2790
T6_CAPEITEM_MORGANA@3	2791
T6_CAPEITEM_MORGANA@4	2792
T7_CAPEITEM_MORGANA	2793
T7_CAPEITEM_MORGANA@1	2794
T7_CAPEITEM_MORGANA@2	2795
T7_CAPEITEM_MORGANA@3	2796
T7_CAPEITEM_MORGANA@4	2797
T8_CAPEITEM_MORGANA	2798
T8_CAPEITEM_MORGANA@1	2799
T8_CAPEITEM_MORGANA@2	2800
T8_CAPEITEM_MORGANA@3	2801
T8_CAPEITEM_MORGANA@4	2802
T4_CAPEITEM_DEMON	2803
T4_CAPEITEM_DEMON@1	2804
T4_CAPEITEM_DEMON@2	2805
T4_CAPEITEM_DEMON@3	2806
T4_CAPEITEM_DEMON@4	2807
T5_CAPEITEM_DEMON	2808
T5_CAPEITEM_DEMON@1	2809
T5_CAPEITEM_DEMON@2	2810
T5_CAPEITEM_DEMON@3	2811
T5_CAPEITEM_DEMON@4	2812
T6_CAPEITEM_DEMON	2813
T6_CAPEITEM_DEMON@1	2814
T6_CAPEITEM_DEMON@2	2815
T6_CAPEITEM_DEMON@3	2816
T6_CAPEITEM_DEMON@4	2817
T7_CAPEITEM_DEMON	2818
T7_CAPEITEM_DEMON@1	2819
T7_CAPEITEM_DEMON@2	2820
T7_CAPEITEM_DEMON@3	2821
T7_CAPEITEM_DEMON@4	2822
T8_CAPEITEM_DEMON	2823
T8_CAPEITEM_DEMON@1	2824
T8_CAPEITEM_DEMON@2	2825
T8_CAPEITEM_DEMON@3	2826
T8_CAPEITEM_DEMON@4	2827
UNIQUE_LOOTCHEST_FIRSTREFERRAL	2828
UNIQUE_LOOTCHEST_SKILLBOOKS_TELLAFRIEND	2829
T2_BAG	2830
T3_BAG	2831
T4_BAG	2832
T4_BAG@1	2833
T4_BAG@2	2834
T4_BAG@3	2835
T4_BAG@4	2836
T5_BAG	2837
T5_BAG@1	2838
T5_BAG@2	2839
T5_BAG@3	2840
T5_BAG@4	2841
T6_BAG	2842
T6_BAG@1	2843
T6_BAG@2	2844
T6_BAG@3	2845
T6_BAG@4	2846
T7_BAG	2847
T7_BAG@1	2848
T7_BAG@2	2849
T7_BAG@3	2850
T7_BAG@4	2851
T8_BAG	2852
T8_BAG@1	2853
T8_BAG@2	2854
T8_BAG@3	2855
T8_BAG@4	2856
T4_BAG_INSIGHT	2857
T4_BAG_INSIGHT@1	2858
T4_BAG_INSIGHT@2	2859
T4_BAG_INSIGHT@3	2860
T4_BAG_INSIGHT@4	2861
T5_BAG_INSIGHT	2862
T5_BAG_INSIGHT@1	2863
T5_BAG_INSIGHT@2	2864
T5_BAG_INSIGHT@3	2865
T5_BAG_INSIGHT@4	2866
T6_BAG_INSIGHT	2867
T6_BAG_INSIGHT@1	2868
T6_BAG_INSIGHT@2	2869
T6_BAG_INSIGHT@3	2870
T6_BAG_INSIGHT@4	2871
T7_BAG_INSIGHT	2872
T7_BAG_INSIGHT@1	2873
T7_BAG_INSIGHT@2	2874
T7_BAG_INSIGHT@3	2875
T7_BAG_INSIGHT@4	2876
T8_BAG_INSIGHT	2877
T8_BAG_INSIGHT@1	2878
T8_BAG_INSIGHT@2	2879
T8_BAG_INSIGHT@3	2880
T8_BAG_INSIGHT@4	2881
T1_2H_TOOL_PICK	2882
T2_2H_TOOL_PICK	2883
T3_2H_TOOL_PICK	2884
T4_2H_TOOL_PICK	2885
T5_2H_TOOL_PICK	2886
T6_2H_TOOL_PICK	2887
T7_2H_TOOL_PICK	2888
T8_2H_TOOL_PICK	2889
T4_2H_TOOL_PICK_AVALON	2890
T5_2H_TOOL_PICK_AVALON	2891
T6_2H_TOOL_PICK_AVALON	2892
T7_2H_TOOL_PICK_AVALON	2893
T8_2H_TOOL_PICK_AVALON	2894
T1_2H_TOOL_HAMMER	2895
T2_2H_TOOL_HAMMER	2896
T3_2H_TOOL_HAMMER	2897
T4_2H_TOOL_HAMMER	2898
T5_2H_TOOL_HAMMER	2899
T6_2H_TOOL_HAMMER	2900
T7_2H_TOOL_HAMMER	2901
T8_2H_TOOL_HAMMER	2902
T4_2H_TOOL_HAMMER_AVALON	2903
T5_2H_TOOL_HAMMER_AVALON	2904
T6_2H_TOOL_HAMMER_AVALON	2905
T7_2H_TOOL_HAMMER_AVALON	2906
T8_2H_TOOL_HAMMER_AVALON	2907
T1_2H_TOOL_AXE	2908
T2_2H_TOOL_AXE	2909
T3_2H_TOOL_AXE	2910
T4_2H_TOOL_AXE	2911
T5_2H_TOOL_AXE	2912
T6_2H_TOOL_AXE	2913
T7_2H_TOOL_AXE	2914
T8_2H_TOOL_AXE	2915
T4_2H_TOOL_AXE_AVALON	2916
T5_2H_TOOL_AXE_AVALON	2917
T6_2H_TOOL_AXE_AVALON	2918
T7_2H_TOOL_AXE_AVALON	2919
T8_2H_TOOL_AXE_AVALON	2920
T1_2H_TOOL_SICKLE	2921
T2_2H_TOOL_SICKLE	2922
T3_2H_TOOL_SICKLE	2923
T4_2H_TOOL_SICKLE	2924
T5_2H_TOOL_SICKLE	2925
T6_2H_TOOL_SICKLE	2926
T7_2H_TOOL_SICKLE	2927
T8_2H_TOOL_SICKLE	2928
T4_2H_TOOL_SICKLE_AVALON	2929
T5_2H_TOOL_SICKLE_AVALON	2930
T6_2H_TOOL_SICKLE_AVALON	2931
T7_2H_TOOL_SICKLE_AVALON	2932
T8_2H_TOOL_SICKLE_AVALON	2933
T1_2H_TOOL_KNIFE	2934
T2_2H_TOOL_KNIFE	2935
T3_2H_TOOL_KNIFE	2936
T4_2H_TOOL_KNIFE	2937
T5_2H_TOOL_KNIFE	2938
T6_2H_TOOL_KNIFE	2939
T7_2H_TOOL_KNIFE	2940
T8_2H_TOOL_KNIFE	2941
T4_2H_TOOL_KNIFE_AVALON	2942
T5_2H_TOOL_KNIFE_AVALON	2943
T6_2H_TOOL_KNIFE_AVALON	2944
T7_2H_TOOL_KNIFE_AVALON	2945
T8_2H_TOOL_KNIFE_AVALON	2946
T2_2H_TOOL_SIEGEHAMMER	2947
T3_2H_TOOL_SIEGEHAMMER	2948
T4_2H_TOOL_SIEGEHAMMER	2949
T5_2H_TOOL_SIEGEHAMMER	2950
T6_2H_TOOL_SIEGEHAMMER	2951
T7_2H_TOOL_SIEGEHAMMER	2952
T8_2H_TOOL_SIEGEHAMMER	2953
T4_2H_TOOL_SIEGEHAMMER_AVALON	2954
T5_2H_TOOL_SIEGEHAMMER_AVALON	2955
T6_2H_TOOL_SIEGEHAMMER_AVALON	2956
T7_2H_TOOL_SIEGEHAMMER_AVALON	2957
T8_2H_TOOL_SIEGEHAMMER_AVALON	2958
T3_2H_TOOL_FISHINGROD	2959
T4_2H_TOOL_FISHINGROD	2960
T5_2H_TOOL_FISHINGROD	2961
T6_2H_TOOL_FISHINGROD	2962
T7_2H_TOOL_FISHINGROD	2963
T8_2H_TOOL_FISHINGROD	2964
T4_2H_TOOL_FISHINGROD_AVALON	2965
T5_2H_TOOL_FISHINGROD_AVALON	2966
T6_2H_TOOL_FISHINGROD_AVALON	2967
T7_2H_TOOL_FISHINGROD_AVALON	2968
T8_2H_TOOL_FISHINGROD_AVALON	2969
T2_MOUNT_MULE	2971
T3_MOUNT_HORSE	2972
T4_MOUNT_HORSE	2973
T5_MOUNT_HORSE	2974
T6_MOUNT_HORSE	2975
T7_MOUNT_HORSE	2976
T8_MOUNT_HORSE	2977
T5_MOUNT_ARMORED_HORSE	2978
T6_MOUNT_ARMORED_HORSE	2979
T7_MOUNT_ARMORED_HORSE	2980
T8_MOUNT_ARMORED_HORSE	2981
T3_MOUNT_OX	2982
T4_MOUNT_OX	2983
T5_MOUNT_OX	2984
T6_MOUNT_OX	2985
T7_MOUNT_OX	2986
T8_MOUNT_OX	2987
T4_MOUNT_GIANTSTAG	2988
T6_MOUNT_GIANTSTAG_MOOSE	2989
T6_MOUNT_DIREWOLF	2990
T7_MOUNT_DIREBOAR	2991
T7_MOUNT_SWAMPDRAGON	2992
T8_MOUNT_DIREBEAR	2993
T8_MOUNT_MAMMOTH_TRANSPORT	2994
T5_MOUNT_MOABIRD_FW_BRIDGEWATCH	2995
T5_MOUNT_DIREBEAR_FW_FORTSTERLING	2996
T5_MOUNT_DIREBOAR_FW_LYMHURST	2997
T5_MOUNT_RAM_FW_MARTLOCK	2998
T5_MOUNT_SWAMPDRAGON_FW_THETFORD	2999
T5_MOUNT_GREYWOLF_FW_CAERLEON	3000
T5_MOUNT_OWL_FW_BRECILIEN	3001
T8_MOUNT_MOABIRD_FW_BRIDGEWATCH_ELITE	3002
T8_MOUNT_DIREBEAR_FW_FORTSTERLING_ELITE	3003
T8_MOUNT_DIREBOAR_FW_LYMHURST_ELITE	3004
T8_MOUNT_RAM_FW_MARTLOCK_ELITE	3005
T8_MOUNT_SWAMPDRAGON_FW_THETFORD_ELITE	3006
T8_MOUNT_GREYWOLF_FW_CAERLEON_ELITE	3007
T8_MOUNT_OWL_FW_BRECILIEN_ELITE	3008
T5_MOUNT_SPIDER_HELL	3009
T8_MOUNT_SPIDER_HELL	3010
T8_MOUNT_MAMMOTH_BATTLE@1	3011
T7_MOUNT_SWAMPDRAGON_BATTLE	3012
T7_MOUNT_ARMORED_SWAMPDRAGON_BATTLE	3013
T6_MOUNT_SIEGE_BALLISTA	3014
T8_MOUNT_HORSE_UNDEAD@1	3015
T5_MOUNT_COUGAR_KEEPER@1	3016
T8_MOUNT_COUGAR_KEEPER@1	3017
T8_MOUNT_ARMORED_HORSE_MORGANA@1	3018
T8_MOUNT_RABBIT_EASTER	3019
T8_MOUNT_RABBIT_EASTER_DARK@1	3020
UNIQUE_MOUNT_RAM_XMAS	3021
T7_MOUNT_SWAMPDRAGON_AVALON_BASILISK	3022
UNIQUE_MOUNT_RAM_TELLAFRIEND	3023
UNIQUE_MOUNT_MOABIRD_TELLAFRIEND	3024
UNIQUE_MOUNT_BAT_TELLAFRIEND	3025
UNIQUE_MOUNT_GIANTTOAD_TELLAFRIEND	3026
UNIQUE_MOUNT_GIANTTOAD_02_TELLAFRIEND	3028
T5_MOUNT_ARMORED_HORSE_SKIN_01	3029
T6_MOUNT_ARMORED_HORSE_SKIN_01	3030
T7_MOUNT_ARMORED_HORSE_SKIN_01	3031
T8_MOUNT_ARMORED_HORSE_SKIN_01	3032
UNIQUE_MOUNT_BAT_PERSONAL	3033
T7_MOUNT_MONITORLIZARD_ADC	3034
T7_MOUNT_HUSKY_ADC	3035
T6_MOUNT_FROSTRAM_ADC	3036
T7_MOUNT_TERRORBIRD_ADC	3037
UNIQUE_MOUNT_BEAR_KEEPER_ADC	3038
UNIQUE_MOUNT_BLACK_PANTHER_ADC	3039
UNIQUE_MOUNT_MORGANA_RAVEN_ADC	3040
UNIQUE_MOUNT_GIANT_HORSE_ADC	3041
UNIQUE_MOUNT_UNDEAD_DIREBOAR_ADC	3042
UNIQUE_MOUNT_DIVINE_OWL_ADC	3043
UNIQUE_MOUNT_HERETIC_MULE_ADC	3044
UNIQUE_MOUNT_RHINO_SEASON_CRYSTAL	3045
UNIQUE_MOUNT_RHINO_SEASON_GOLD	3046
UNIQUE_MOUNT_RHINO_SEASON_SILVER	3047
UNIQUE_MOUNT_RHINO_SEASON_BRONZE	3048
UNIQUE_MOUNT_TOWER_CHARIOT_CRYSTAL	3049
UNIQUE_MOUNT_TOWER_CHARIOT_GOLD	3050
UNIQUE_MOUNT_TOWER_CHARIOT_SILVER	3051
UNIQUE_MOUNT_ARMORED_EAGLE_CRYSTAL	3052
UNIQUE_MOUNT_ARMORED_EAGLE_GOLD	3053
UNIQUE_MOUNT_ARMORED_EAGLE_SILVER	3054
UNIQUE_MOUNT_BEETLE_CRYSTAL	3055
UNIQUE_MOUNT_BEETLE_GOLD	3056
UNIQUE_MOUNT_BEETLE_SILVER	3057
UNIQUE_MOUNT_BEHEMOTH_CRYSTAL	3058
UNIQUE_MOUNT_BEHEMOTH_GOLD	3059
UNIQUE_MOUNT_BEHEMOTH_SILVER	3060
UNIQUE_MOUNT_ENT_CRYSTAL	3061
UNIQUE_MOUNT_ENT_GOLD	3062
UNIQUE_MOUNT_ENT_SILVER	3063
UNIQUE_MOUNT_BATTLESPIDER_CRYSTAL	3064
UNIQUE_MOUNT_BATTLESPIDER_GOLD	3065
UNIQUE_MOUNT_BATTLESPIDER_SILVER	3066
UNIQUE_MOUNT_BASTION_CRYSTAL	3067
UNIQUE_MOUNT_BASTION_GOLD	3068
UNIQUE_MOUNT_BASTION_SILVER	3069
UNIQUE_MOUNT_JUGGERNAUT_CRYSTAL	3070
UNIQUE_MOUNT_JUGGERNAUT_GOLD	3071
UNIQUE_MOUNT_JUGGERNAUT_SILVER	3072
UNIQUE_MOUNT_TANKBEETLE_CRYSTAL	3073
UNIQUE_MOUNT_TANKBEETLE_GOLD	3074
UNIQUE_MOUNT_TANKBEETLE_SILVER	3075
UNIQUE_MOUNT_GIANTSTAG_FOUNDER_EPIC	3078
T4_FURNITUREITEM_REPAIRKIT	3079
T5_FURNITUREITEM_REPAIRKIT	3080
T6_FURNITUREITEM_REPAIRKIT	3081
T7_FURNITUREITEM_REPAIRKIT	3082
T8_FURNITUREITEM_REPAIRKIT	3083
T2_FURNITUREITEM_GUILDBANNER_FABRIC	3084
T3_FURNITUREITEM_GUILDBANNER_FABRIC	3085
T4_FURNITUREITEM_GUILDBANNER_FABRIC	3086
T5_FURNITUREITEM_GUILDBANNER_FABRIC	3087
T2_FURNITUREITEM_GUILDBANNER_SHIELD	3088
T3_FURNITUREITEM_GUILDBANNER_SHIELD	3089
T4_FURNITUREITEM_GUILDBANNER_SHIELD	3090
T5_FURNITUREITEM_GUILDBANNER_SHIELD	3091
T3_FURNITUREITEM_ANNIVERSARYBANNER	3092
T3_FURNITUREITEM_ANNIVERSARYBANNER_2020	3093
T3_FURNITUREITEM_ANNIVERSARYBANNER_2021	3094
T3_FURNITUREITEM_ANNIVERSARYBANNER_2022	3095
T3_FURNITUREITEM_ANNIVERSARYBANNER_2023	3096
T3_FURNITUREITEM_ANNIVERSARYBANNER_2024	3097
T3_FURNITUREITEM_ANNIVERSARYBANNER_2025	3098
T3_FURNITUREITEM_ANNIVERSARYBANNER_2026	3099
UNIQUE_FURNITUREITEM_TELLAFRIEND_CHEST_A@1	3100
UNIQUE_FURNITUREITEM_TELLAFRIEND_CHEST_B@1	3101
UNIQUE_FURNITUREITEM_TELLAFRIEND_CHEST_C@1	3102
UNIQUE_FURNITUREITEM_TELLAFRIEND_CHEST_COMPANION@1	3103
UNIQUE_FURNITUREITEM_TELLAFRIEND_CHEST_BARREL@1	3104
UNIQUE_FURNITUREITEM_TELLAFRIEND_CHEST_MERLINCUBE@1	3105
UNIQUE_FURNITUREITEM_TELLAFRIEND_CHEST_SARCOPHAGUS	3106
UNIQUE_FURNITUREITEM_TELLAFRIEND_DEER_STATUE	3107
UNIQUE_FURNITUREITEM_TELLAFRIEND_HUNTER_STATUE	3108
UNIQUE_FURNITUREITEM_TELLAFRIEND_CHEST_BARREL_B@1	3109
UNIQUE_FURNITUREITEM_TELLAFRIEND_BANNER_A	3110
T2_FURNITUREITEM_BED	3111
T3_FURNITUREITEM_BED	3112
T4_FURNITUREITEM_BED	3113
T5_FURNITUREITEM_BED	3114
T6_FURNITUREITEM_BED	3115
T7_FURNITUREITEM_BED	3116
T8_FURNITUREITEM_BED	3117
T2_FURNITUREITEM_CHEST	3118
T3_FURNITUREITEM_CHEST	3119
T4_FURNITUREITEM_CHEST	3120
T5_FURNITUREITEM_CHEST	3121
T3_VANITY_CONSUMABLE_FIREWORKS_BLUE	3122
T3_VANITY_CONSUMABLE_FIREWORKS_GREEN	3123
T3_VANITY_CONSUMABLE_FIREWORKS_YELLOW	3124
T3_VANITY_CONSUMABLE_FIREWORKS_RED	3125
T3_VANITY_CONSUMABLE_FIREWORKS_BLUE_NONTRADABLE	3126
T3_VANITY_CONSUMABLE_FIREWORKS_GREEN_NONTRADABLE	3127
T3_VANITY_CONSUMABLE_FIREWORKS_YELLOW_NONTRADABLE	3128
T3_VANITY_CONSUMABLE_FIREWORKS_RED_NONTRADABLE	3129
UNIQUE_CONSUMABLE_EVENT_WINTER_2017	3130
UNIQUE_CONSUMABLE_EVENT_EASTER_2020_EGG	3131
UNIQUE_CONSUMABLE_EVENT_EASTER_2020_CHOCOLATE	3132
UNIQUE_ROTTEN_CHOCOLATE_EGG	3133
UNIQUE_CONSUMABLE_EVENT_EASTER_CHOCOLATE_EGG_2025	3134
T2_FURNITUREITEM_TABLE	3136
T3_FURNITUREITEM_TABLE	3137
T4_FURNITUREITEM_TABLE	3138
T5_FURNITUREITEM_TABLE	3139
T6_FURNITUREITEM_TABLE	3140
T7_FURNITUREITEM_TABLE	3141
T8_FURNITUREITEM_TABLE	3142
UNIQUE_FURNITUREITEM_EASTER_CHEST	3143
UNIQUE_FURNITUREITEM_VANITY_ARENA_BANNER_04	3144
UNIQUE_FURNITUREITEM_VANITY_ARENA_BANNER_05	3145
UNIQUE_FURNITUREITEM_VANITY_ARENA_BANNER_06	3146
UNIQUE_FURNITUREITEM_VANITY_ARENA_BANNER_01	3147
UNIQUE_FURNITUREITEM_VANITY_ARENA_BANNER_02	3148
UNIQUE_FURNITUREITEM_VANITY_ARENA_BANNER_03	3149
PLAYERISLAND_FURNITUREITEM_FARM_DECO_B	3150
PLAYERISLAND_FURNITUREITEM_FARM_DECO_C	3151
PLAYERISLAND_FURNITUREITEM_FARM_DECO_D	3152
PLAYERISLAND_FURNITUREITEM_STONE_FIREBOWL_A	3153
PLAYERISLAND_FURNITUREITEM_STONE_FIREBOWL_B	3154
PLAYERISLAND_FURNITUREITEM_STONE_MAGIC_EMBLEM_GROUND_A	3155
PLAYERISLAND_FURNITUREITEM_STONE_MAGIC_EMBLEM_GROUND_B	3156
PLAYERISLAND_FURNITUREITEM_STONE_NATURE_EMBLEM_GROUND_A	3157
PLAYERISLAND_FURNITUREITEM_STONE_NATURE_EMBLEM_GROUND_B	3158
PLAYERISLAND_FURNITUREITEM_STONE_STATUE_A	3159
PLAYERISLAND_FURNITUREITEM_STONE_STATUE_A_BROKEN	3160
PLAYERISLAND_FURNITUREITEM_STONE_STATUE_HUNTER_A	3161
PLAYERISLAND_FURNITUREITEM_STONE_STATUE_HUNTER_B	3162
PLAYERISLAND_FURNITUREITEM_STONE_STATUE_MAGE_A	3163
PLAYERISLAND_FURNITUREITEM_STONE_STATUE_MAGE_B	3164
PLAYERISLAND_FURNITUREITEM_STONE_STATUE_SWORD_A	3165
PLAYERISLAND_FURNITUREITEM_STONE_STATUE_SWORD_B	3166
PLAYERISLAND_FURNITUREITEM_STONE_STATUE_WARRIOR_A	3167
PLAYERISLAND_FURNITUREITEM_STONE_STATUE_WARRIOR_B	3168
PLAYERISLAND_FURNITUREITEM_STONE_VALOR_EMBLEM_GROUND_A	3169
PLAYERISLAND_FURNITUREITEM_STONE_VALOR_EMBLEM_GROUND_B	3170
PLAYERISLAND_FURNITUREITEM_STONE_WELL_A	3171
PLAYERISLAND_FURNITUREITEM_VEGETATION_TREE_DECO_A	3172
PLAYERISLAND_FURNITUREITEM_VEGETATION_TREE_DECO_B	3173
PLAYERISLAND_FURNITUREITEM_VEGETATION_TREE_DECO_C	3174
PLAYERISLAND_FURNITUREITEM_VEGETATION_TREE_DOMESTIC_A	3175
PLAYERISLAND_FURNITUREITEM_VEGETATION_TREE_DOMESTIC_B	3176
PLAYERISLAND_FURNITUREITEM_WOOD_BUNTING_A	3177
PLAYERISLAND_FURNITUREITEM_WOOD_FENCE_WATCHTOWER_A	3178
PLAYERISLAND_FURNITUREITEM_WOOD_FLOOR_SIGN_A	3179
PLAYERISLAND_FURNITUREITEM_WOOD_GATE_A	3180
PLAYERISLAND_FURNITUREITEM_WOOD_GATE_BIG_B	3181
PLAYERISLAND_FURNITUREITEM_WOOD_LAUNDRY_A	3182
PLAYERISLAND_FURNITUREITEM_WOOD_FISH_A	3183
PLAYERISLAND_FURNITUREITEM_VEGETATION_FLOWER_A	3184
PLAYERISLAND_FURNITUREITEM_WOOD_LANTERN_A	3185
PLAYERISLAND_FURNITUREITEM_WOOD_LANTERN_CORNER_A	3186
PLAYERISLAND_FURNITUREITEM_WOOD_CANDELABRA_A	3187
PLAYERISLAND_FURNITUREITEM_WOOD_BARREL_A	3188
PLAYERISLAND_FURNITUREITEM_FARM_SCARECROW_A	3189
PLAYERISLAND_FURNITUREITEM_FARM_FOODCONTAINER_SMALL	3190
PLAYERISLAND_FURNITUREITEM_FARM_FOODCONTAINER_MEDIUM	3191
PLAYERISLAND_FURNITUREITEM_FARM_FOODCONTAINER_LARGE	3192
PLAYERISLAND_FURNITUREITEM_FARM_LATRINE_A	3193
PLAYERISLAND_FURNITUREITEM_FARM_WATERTOWER_A	3194
PLAYERISLAND_FURNITUREITEM_FARM_BIRDHOUSE_A	3195
PLAYERISLAND_FURNITUREITEM_FARM_DOG_HUT_A	3196
PLAYERISLAND_FURNITUREITEM_NOBLE_FOUNTAIN_A	3197
PLAYERISLAND_FURNITUREITEM_NOBLE_BENCH_A	3198
PLAYERISLAND_FURNITUREITEM_NOBLE_STREET_LANTERN_A	3199
PLAYERISLAND_FURNITUREITEM_NOBLE_HEDGE_A	3200
PLAYERISLAND_FURNITUREITEM_NOBLE_HEDGE_SMALL_A	3201
PLAYERISLAND_FURNITUREITEM_NOBLE_HEDGE_RECTANGLE_A	3202
PLAYERISLAND_FURNITUREITEM_NOBLE_HEDGE_PYRAMID_A	3203
PLAYERISLAND_FURNITUREITEM_NOBLE_HEDGE_SPHERE_A	3204
UNIQUE_FURNITUREITEM_MORGANA_TORCH_A	3207
UNIQUE_FURNITUREITEM_MORGANA_TORCH_C@1	3208
UNIQUE_FURNITUREITEM_MORGANA_PENTAGRAM@3	3209
UNIQUE_FURNITUREITEM_MORGANA_FIREBOWL_B	3210
UNIQUE_FURNITUREITEM_MORGANA_FIREBOWL_C@1	3211
UNIQUE_FURNITUREITEM_MORGANA_CAMPFIRE_D@2	3212
UNIQUE_FURNITUREITEM_MORGANA_SACRIFICE_ALTAR_A	3213
UNIQUE_FURNITUREITEM_MORGANA_SIEGE_BALLISTA_A@2	3214
UNIQUE_FURNITUREITEM_MORGANA_STANDARD_A	3215
UNIQUE_FURNITUREITEM_MORGANA_WEAPONCRATE_A@2	3216
UNIQUE_FURNITUREITEM_MORGANA_PRISON_CELL_C@3	3217
UNIQUE_FURNITUREITEM_MORGANA_TENT_A@3	3218
UNIQUE_FURNITUREITEM_MORGANA_STATUE_A	3219
UNIQUE_FURNITUREITEM_MORGANA_ARCHWAY_A	3220
UNIQUE_FURNITUREITEM_MORGANA_CANDLESTAND_A	3221
UNIQUE_FURNITUREITEM_MORGANA_CARPET_A	3222
UNIQUE_FURNITUREITEM_KEEPER_SYMBOL_A	3223
UNIQUE_FURNITUREITEM_KEEPER_CANDLE_A	3224
UNIQUE_FURNITUREITEM_KEEPER_SHRINE_A	3225
UNIQUE_FURNITUREITEM_KEEPER_CAMP_FIRE_A	3226
UNIQUE_FURNITUREITEM_KEEPER_ALTAR_A	3227
UNIQUE_FURNITUREITEM_KEEPER_FLAG_A	3228
UNIQUE_FURNITUREITEM_KEEPER_SYMBOL_OF_POWER_A	3229
UNIQUE_FURNITUREITEM_KEEPER_STAR_OF_POWER_A	3230
UNIQUE_FURNITUREITEM_KEEPER_FIREBOWL	3231
UNIQUE_FURNITUREITEM_KEEPER_CAULDRON	3232
UNIQUE_FURNITUREITEM_KEEPER_HEATER	3233
UNIQUE_FURNITUREITEM_HERETIC_FOOD_PILE	3234
UNIQUE_FURNITUREITEM_HERETIC_ANIMAL_CAGES	3235
UNIQUE_FURNITUREITEM_HERETIC_WEAPON_RACK	3236
UNIQUE_FURNITUREITEM_HERETIC_TRAINING_DUMMY	3237
UNIQUE_FURNITUREITEM_HERETIC_PALLISADE	3238
UNIQUE_FURNITUREITEM_HERETIC_GAME_TABLE	3239
UNIQUE_FURNITUREITEM_HERETIC_FLAG	3240
UNIQUE_FURNITUREITEM_HERETIC_PLANNING_TABLE	3241
UNIQUE_FURNITUREITEM_HERETIC_TENT	3242
UNIQUE_FURNITUREITEM_ADC_GRIM_LANTERN	3243
UNIQUE_FURNITUREITEM_ADC_GRIM_HEADSTONE	3244
UNIQUE_FURNITUREITEM_ADC_GRIM_COFFIN	3245
UNIQUE_FURNITUREITEM_ADC_GRAVE_A	3246
UNIQUE_FURNITUREITEM_ADC_GRAVE_B	3247
UNIQUE_FURNITUREITEM_ADC_GRIM_WEEPINGWOMAN	3248
UNIQUE_FURNITUREITEM_XMAS_BRANCH_A	3250
UNIQUE_FURNITUREITEM_XMAS_BRANCH_B	3251
UNIQUE_FURNITUREITEM_XMAS_LANTERN	3252
UNIQUE_FURNITUREITEM_XMAS_PRESENT	3253
UNIQUE_FURNITUREITEM_XMAS_FILL_CITY_TREE_B	3254
UNIQUE_FURNITUREITEM_XMAS_FILL_CITY_TREE_A	3255
UNIQUE_FURNITUREITEM_ADC_FROST_SNOWMAN	3257
UNIQUE_FURNITUREITEM_ADC_ICESCULPTURE_A	3259
UNIQUE_FURNITUREITEM_ADC_ICESCULPTURE_B	3260
UNIQUE_FURNITUREITEM_ADC_ICESCULPTURE_C	3261
UNIQUE_FURNITUREITEM_ADC_FROST_IGLOO	3262
UNIQUE_FURNITUREITEM_ADC_CARNIVAL_FIREWORK_A	3263
UNIQUE_FURNITUREITEM_ADC_CARNIVAL_ARCHWAY_A	3264
UNIQUE_FURNITUREITEM_ADC_CARNIVAL_MASK_CART	3265
UNIQUE_FURNITUREITEM_ADC_STATUE_MOUNTED_DIREWOLF_A	3266
UNIQUE_FURNITUREITEM_ADC_STATUE_MOUNTED_DIREWOLF_B	3267
UNIQUE_FURNITUREITEM_ADC_RUG_DIREBEAR	3268
UNIQUE_FURNITUREITEM_ADC_RUG_WOLF	3269
UNIQUE_FURNITUREITEM_KNIGHT_STATUE_A	3270
UNIQUE_FURNITUREITEM_KNIGHT_CARPET_A	3271
UNIQUE_FURNITUREITEM_KNIGHT_THRONE_A	3272
UNIQUE_FURNITUREITEM_KNIGHT_ROUNDTABLE_A	3273
UNIQUE_FURNITUREITEM_ADC_STATUE_MAGE_A	3274
UNIQUE_FURNITUREITEM_ADC_HEALING_CIRCLE_A	3275
UNIQUE_FURNITUREITEM_ADC_GLASS_SPHERE_A	3276
UNIQUE_FURNITUREITEM_HERETIC_BARREL_BURNING_A	3277
UNIQUE_FURNITUREITEM_HERETIC_LANTERN	3278
UNIQUE_FURNITUREITEM_HERETIC_JUNKPILE	3279
UNIQUE_FURNITUREITEM_HERETIC_STOVE_A	3280
UNIQUE_FURNITUREITEM_HERETICS_TOOL_BOARD_A	3281
UNIQUE_FURNITUREITEM_HERETIC_CONSTRUCT	3282
UNIQUE_FURNITUREITEM_ADC_HALLOWEEN_PUMPKIN_LANTERN_A	3283
UNIQUE_FURNITUREITEM_ADC_HALLOWEEN_PUMPKIN_LANTERN_B	3284
UNIQUE_FURNITUREITEM_ADC_HALLOWEEN_TREE_LANTERN_A	3285
UNIQUE_FURNITUREITEM_ADC_HALLOWEEN_CAULDRON_A	3286
UNIQUE_FURNITUREITEM_ADC_HALLOWEEN_SCARECROW_A	3287
UNIQUE_FURNITUREITEM_ADC_HALLOWEEN_SCARECROW_PYRE_A	3288
UNIQUE_FURNITUREITEM_OLD_OUTLAND_CARPET	3289
UNIQUE_FURNITUREITEM_SEALED_CAERLEON_REALMGATE	3290
UNIQUE_ALTAR_OF_CHEATING	3291
UNIQUE_FURNITUREITEM_VICTORY_TROPHY	3292
UNIQUE_INGREDIENT_ANCHOR_FOUNDER_LEGENDARY	3293
UNIQUE_FURNITUREITEM_FOUNDER_LOOKINGGLASS	3294
UNIQUE_FURNITUREITEM_FOUNDER_CERTIFICATE	3295
UNIQUE_FURNITUREITEM_FOUNDER_STATUE	3296
UNIQUE_SHOES_RUBBERBANDING	3297
UNIQUE_HEAD_VANITY_FOUNDER_ASIA_CRYSTAL	3298
UNIQUE_ARMOR_VANITY_FOUNDER_ASIA_CRYSTAL	3299
UNIQUE_SHOES_VANITY_FOUNDER_ASIA_CRYSTAL	3300
UNIQUE_CAPE_VANITY_FOUNDER_ASIA_CRYSTAL	3301
SKIN_HORSE_FOUNDER_ASIA_CRYSTAL	3302
UNIQUE_UNLOCK_CAPE_VANITY_FOUNDER_ASIA_CRYSTAL	3303
UNIQUE_UNLOCK_HEAD_VANITY_FOUNDER_ASIA_CRYSTAL	3304
UNIQUE_UNLOCK_ARMOR_VANITY_FOUNDER_ASIA_CRYSTAL	3305
UNIQUE_UNLOCK_SHOES_VANITY_FOUNDER_ASIA_CRYSTAL	3306
UNIQUE_UNLOCK_SKIN_HORSE_FOUNDER_ASIA_CRYSTAL	3307
UNIQUE_FURNITUREITEM_ASIA_FOUNDER_CERTIFICATE_CRYSTAL	3308
UNIQUE_FURNITUREITEM_ASIA_FOUNDER_STATUE_CRYSTAL	3309
UNIQUE_HEAD_VANITY_FOUNDER_ASIA_GOLD	3310
UNIQUE_ARMOR_VANITY_FOUNDER_ASIA_GOLD	3311
UNIQUE_SHOES_VANITY_FOUNDER_ASIA_GOLD	3312
UNIQUE_CAPE_VANITY_FOUNDER_ASIA_GOLD	3313
SKIN_HORSE_FOUNDER_ASIA_GOLD	3314
UNIQUE_UNLOCK_CAPE_VANITY_FOUNDER_ASIA_GOLD	3315
UNIQUE_UNLOCK_HEAD_VANITY_FOUNDER_ASIA_GOLD	3316
UNIQUE_UNLOCK_ARMOR_VANITY_FOUNDER_ASIA_GOLD	3317
UNIQUE_UNLOCK_SHOES_VANITY_FOUNDER_ASIA_GOLD	3318
UNIQUE_UNLOCK_SKIN_HORSE_FOUNDER_ASIA_GOLD	3319
UNIQUE_FURNITUREITEM_ASIA_FOUNDER_CERTIFICATE_GOLD	3320
SKIN_HORSE_FOUNDER_ASIA_SILVER	3321
UNIQUE_UNLOCK_SKIN_HORSE_FOUNDER_ASIA_SILVER	3322
UNIQUE_FURNITUREITEM_ASIA_FOUNDER_CERTIFICATE_SILVER	3323
UNIQUE_FURNITUREITEM_ASIA_FOUNDER_CERTIFICATE_BRONZE	3324
UNIQUE_FURNITUREITEM_BETAREWARD_PVE_GOLD	3325
UNIQUE_FURNITUREITEM_BETAREWARD_PVE_SILVER	3326
UNIQUE_FURNITUREITEM_BETAREWARD_PVE_BRONZE	3327
UNIQUE_FURNITUREITEM_BETAREWARD_GATHERING_GOLD	3328
UNIQUE_FURNITUREITEM_BETAREWARD_GATHERING_SILVER	3329
UNIQUE_FURNITUREITEM_BETAREWARD_GATHERING_BRONZE	3330
UNIQUE_FURNITUREITEM_BETAREWARD_SILVER_GOLD	3331
UNIQUE_FURNITUREITEM_BETAREWARD_SILVER_SILVER	3332
UNIQUE_FURNITUREITEM_BETAREWARD_SILVER_BRONZE	3333
UNIQUE_HEAD_VANITY_WARRIOR_KING	3334
UNIQUE_ARMOR_VANITY_WARRIOR_KING	3335
UNIQUE_SHOES_VANITY_WARRIOR_KING	3336
UNIQUE_CAPE_VANITY_WARRIOR_KING	3337
SKIN_ARMORED_HORSE_PEGASUS_LIGHT	3338
UNIQUE_UNLOCK_HEAD_VANITY_WARRIOR_KING	3339
UNIQUE_UNLOCK_ARMOR_VANITY_WARRIOR_KING	3340
UNIQUE_UNLOCK_SHOES_VANITY_WARRIOR_KING	3341
UNIQUE_UNLOCK_CAPE_VANITY_WARRIOR_KING	3342
UNIQUE_UNLOCK_SKIN_ARMORED_HORSE_PEGASUS_LIGHT	3343
UNIQUE_HEAD_VANITY_WARRIOR_KNIGHT	3344
UNIQUE_ARMOR_VANITY_WARRIOR_KNIGHT	3345
UNIQUE_SHOES_VANITY_WARRIOR_KNIGHT	3346
UNIQUE_CAPE_VANITY_WARRIOR_KNIGHT	3347
UNIQUE_UNLOCK_HEAD_VANITY_WARRIOR_KNIGHT	3348
UNIQUE_UNLOCK_ARMOR_VANITY_WARRIOR_KNIGHT	3349
UNIQUE_UNLOCK_SHOES_VANITY_WARRIOR_KNIGHT	3350
UNIQUE_UNLOCK_CAPE_VANITY_WARRIOR_KNIGHT	3351
SKIN_HORSE_PEGASUS_LIGHT	3352
UNIQUE_UNLOCK_SKIN_HORSE_PEGASUS_LIGHT	3353
UNIQUE_HEAD_VANITY_DARK_SORCERER	3354
UNIQUE_ARMOR_VANITY_DARK_SORCERER	3355
UNIQUE_SHOES_VANITY_DARK_SORCERER	3356
UNIQUE_CAPE_VANITY_DARK_SORCERER	3357
SKIN_ARMORED_HORSE_PEGASUS_DARK	3358
UNIQUE_UNLOCK_HEAD_VANITY_DARK_SORCERER	3359
UNIQUE_UNLOCK_ARMOR_VANITY_DARK_SORCERER	3360
UNIQUE_UNLOCK_SHOES_VANITY_DARK_SORCERER	3361
UNIQUE_UNLOCK_CAPE_VANITY_DARK_SORCERER	3362
UNIQUE_UNLOCK_SKIN_ARMORED_HORSE_PEGASUS_DARK	3363
UNIQUE_HEAD_VANITY_DARK_NOVICE	3364
UNIQUE_ARMOR_VANITY_DARK_NOVICE	3365
UNIQUE_SHOES_VANITY_DARK_NOVICE	3366
UNIQUE_CAPE_VANITY_DARK_NOVICE	3367
UNIQUE_UNLOCK_HEAD_VANITY_DARK_NOVICE	3368
UNIQUE_UNLOCK_ARMOR_VANITY_DARK_NOVICE	3369
UNIQUE_UNLOCK_SHOES_VANITY_DARK_NOVICE	3370
UNIQUE_UNLOCK_CAPE_VANITY_DARK_NOVICE	3371
SKIN_HORSE_PEGASUS_DARK	3372
UNIQUE_UNLOCK_SKIN_HORSE_PEGASUS_DARK	3373
UNIQUE_FURNITUREITEM_LIGHT_FOUNDER_CERTIFICATE	3374
UNIQUE_FURNITUREITEM_DARK_FOUNDER_CERTIFICATE	3375
UNIQUE_FURNITUREITEM_LIGHT_FOUNDER_STATUE	3376
UNIQUE_FURNITUREITEM_DARK_FOUNDER_STATUE	3377
SKIN_ARMORED_HORSE_PEGASUS_TWILIGHT	3378
SKIN_HORSE_PEGASUS_TWILIGHT	3379
SKIN_COUGAR_JADE_GUARDIAN	3380
SKIN_HORSE_MONK_FIRE	3381
SKIN_COUGAR_SHADOWCAT_ORANGE	3382
UNIQUE_INTERNAL_HEAD_GAMEMASTER	3383
UNIQUE_INTERNAL_ARMOR_GAMEMASTER	3384
UNIQUE_INTERNAL_SHOES_GAMEMASTER	3385
UNIQUE_INTERNAL_OFF_SCROLL_GAMEMASTER	3386
T2_HEAD_PLATE_SET1	3387
T3_HEAD_PLATE_SET1	3388
T4_HEAD_PLATE_SET1	3389
T4_HEAD_PLATE_SET1@1	3390
T4_HEAD_PLATE_SET1@2	3391
T4_HEAD_PLATE_SET1@3	3392
T4_HEAD_PLATE_SET1@4	3393
T5_HEAD_PLATE_SET1	3394
T5_HEAD_PLATE_SET1@1	3395
T5_HEAD_PLATE_SET1@2	3396
T5_HEAD_PLATE_SET1@3	3397
T5_HEAD_PLATE_SET1@4	3398
T6_HEAD_PLATE_SET1	3399
T6_HEAD_PLATE_SET1@1	3400
T6_HEAD_PLATE_SET1@2	3401
T6_HEAD_PLATE_SET1@3	3402
T6_HEAD_PLATE_SET1@4	3403
T7_HEAD_PLATE_SET1	3404
T7_HEAD_PLATE_SET1@1	3405
T7_HEAD_PLATE_SET1@2	3406
T7_HEAD_PLATE_SET1@3	3407
T7_HEAD_PLATE_SET1@4	3408
T8_HEAD_PLATE_SET1	3409
T8_HEAD_PLATE_SET1@1	3410
T8_HEAD_PLATE_SET1@2	3411
T8_HEAD_PLATE_SET1@3	3412
T8_HEAD_PLATE_SET1@4	3413
T2_ARMOR_PLATE_SET1	3414
T3_ARMOR_PLATE_SET1	3415
T4_ARMOR_PLATE_SET1	3416
T4_ARMOR_PLATE_SET1@1	3417
T4_ARMOR_PLATE_SET1@2	3418
T4_ARMOR_PLATE_SET1@3	3419
T4_ARMOR_PLATE_SET1@4	3420
T5_ARMOR_PLATE_SET1	3421
T5_ARMOR_PLATE_SET1@1	3422
T5_ARMOR_PLATE_SET1@2	3423
T5_ARMOR_PLATE_SET1@3	3424
T5_ARMOR_PLATE_SET1@4	3425
T6_ARMOR_PLATE_SET1	3426
T6_ARMOR_PLATE_SET1@1	3427
T6_ARMOR_PLATE_SET1@2	3428
T6_ARMOR_PLATE_SET1@3	3429
T6_ARMOR_PLATE_SET1@4	3430
T7_ARMOR_PLATE_SET1	3431
T7_ARMOR_PLATE_SET1@1	3432
T7_ARMOR_PLATE_SET1@2	3433
T7_ARMOR_PLATE_SET1@3	3434
T7_ARMOR_PLATE_SET1@4	3435
T8_ARMOR_PLATE_SET1	3436
T8_ARMOR_PLATE_SET1@1	3437
T8_ARMOR_PLATE_SET1@2	3438
T8_ARMOR_PLATE_SET1@3	3439
T8_ARMOR_PLATE_SET1@4	3440
T2_SHOES_PLATE_SET1	3441
T3_SHOES_PLATE_SET1	3442
T4_SHOES_PLATE_SET1	3443
T4_SHOES_PLATE_SET1@1	3444
T4_SHOES_PLATE_SET1@2	3445
T4_SHOES_PLATE_SET1@3	3446
T4_SHOES_PLATE_SET1@4	3447
T5_SHOES_PLATE_SET1	3448
T5_SHOES_PLATE_SET1@1	3449
T5_SHOES_PLATE_SET1@2	3450
T5_SHOES_PLATE_SET1@3	3451
T5_SHOES_PLATE_SET1@4	3452
T6_SHOES_PLATE_SET1	3453
T6_SHOES_PLATE_SET1@1	3454
T6_SHOES_PLATE_SET1@2	3455
T6_SHOES_PLATE_SET1@3	3456
T6_SHOES_PLATE_SET1@4	3457
T7_SHOES_PLATE_SET1	3458
T7_SHOES_PLATE_SET1@1	3459
T7_SHOES_PLATE_SET1@2	3460
T7_SHOES_PLATE_SET1@3	3461
T7_SHOES_PLATE_SET1@4	3462
T8_SHOES_PLATE_SET1	3463
T8_SHOES_PLATE_SET1@1	3464
T8_SHOES_PLATE_SET1@2	3465
T8_SHOES_PLATE_SET1@3	3466
T8_SHOES_PLATE_SET1@4	3467
T4_HEAD_PLATE_SET2	3468
T4_HEAD_PLATE_SET2@1	3469
T4_HEAD_PLATE_SET2@2	3470
T4_HEAD_PLATE_SET2@3	3471
T4_HEAD_PLATE_SET2@4	3472
T5_HEAD_PLATE_SET2	3473
T5_HEAD_PLATE_SET2@1	3474
T5_HEAD_PLATE_SET2@2	3475
T5_HEAD_PLATE_SET2@3	3476
T5_HEAD_PLATE_SET2@4	3477
T6_HEAD_PLATE_SET2	3478
T6_HEAD_PLATE_SET2@1	3479
T6_HEAD_PLATE_SET2@2	3480
T6_HEAD_PLATE_SET2@3	3481
T6_HEAD_PLATE_SET2@4	3482
T7_HEAD_PLATE_SET2	3483
T7_HEAD_PLATE_SET2@1	3484
T7_HEAD_PLATE_SET2@2	3485
T7_HEAD_PLATE_SET2@3	3486
T7_HEAD_PLATE_SET2@4	3487
T8_HEAD_PLATE_SET2	3488
T8_HEAD_PLATE_SET2@1	3489
T8_HEAD_PLATE_SET2@2	3490
T8_HEAD_PLATE_SET2@3	3491
T8_HEAD_PLATE_SET2@4	3492
T4_ARMOR_PLATE_SET2	3493
T4_ARMOR_PLATE_SET2@1	3494
T4_ARMOR_PLATE_SET2@2	3495
T4_ARMOR_PLATE_SET2@3	3496
T4_ARMOR_PLATE_SET2@4	3497
T5_ARMOR_PLATE_SET2	3498
T5_ARMOR_PLATE_SET2@1	3499
T5_ARMOR_PLATE_SET2@2	3500
T5_ARMOR_PLATE_SET2@3	3501
T5_ARMOR_PLATE_SET2@4	3502
T6_ARMOR_PLATE_SET2	3503
T6_ARMOR_PLATE_SET2@1	3504
T6_ARMOR_PLATE_SET2@2	3505
T6_ARMOR_PLATE_SET2@3	3506
T6_ARMOR_PLATE_SET2@4	3507
T7_ARMOR_PLATE_SET2	3508
T7_ARMOR_PLATE_SET2@1	3509
T7_ARMOR_PLATE_SET2@2	3510
T7_ARMOR_PLATE_SET2@3	3511
T7_ARMOR_PLATE_SET2@4	3512
T8_ARMOR_PLATE_SET2	3513
T8_ARMOR_PLATE_SET2@1	3514
T8_ARMOR_PLATE_SET2@2	3515
T8_ARMOR_PLATE_SET2@3	3516
T8_ARMOR_PLATE_SET2@4	3517
T4_SHOES_PLATE_SET2	3518
T4_SHOES_PLATE_SET2@1	3519
T4_SHOES_PLATE_SET2@2	3520
T4_SHOES_PLATE_SET2@3	3521
T4_SHOES_PLATE_SET2@4	3522
T5_SHOES_PLATE_SET2	3523
T5_SHOES_PLATE_SET2@1	3524
T5_SHOES_PLATE_SET2@2	3525
T5_SHOES_PLATE_SET2@3	3526
T5_SHOES_PLATE_SET2@4	3527
T6_SHOES_PLATE_SET2	3528
T6_SHOES_PLATE_SET2@1	3529
T6_SHOES_PLATE_SET2@2	3530
T6_SHOES_PLATE_SET2@3	3531
T6_SHOES_PLATE_SET2@4	3532
T7_SHOES_PLATE_SET2	3533
T7_SHOES_PLATE_SET2@1	3534
T7_SHOES_PLATE_SET2@2	3535
T7_SHOES_PLATE_SET2@3	3536
T7_SHOES_PLATE_SET2@4	3537
T8_SHOES_PLATE_SET2	3538
T8_SHOES_PLATE_SET2@1	3539
T8_SHOES_PLATE_SET2@2	3540
T8_SHOES_PLATE_SET2@3	3541
T8_SHOES_PLATE_SET2@4	3542
T4_HEAD_PLATE_SET3	3543
T4_HEAD_PLATE_SET3@1	3544
T4_HEAD_PLATE_SET3@2	3545
T4_HEAD_PLATE_SET3@3	3546
T4_HEAD_PLATE_SET3@4	3547
T5_HEAD_PLATE_SET3	3548
T5_HEAD_PLATE_SET3@1	3549
T5_HEAD_PLATE_SET3@2	3550
T5_HEAD_PLATE_SET3@3	3551
T5_HEAD_PLATE_SET3@4	3552
T6_HEAD_PLATE_SET3	3553
T6_HEAD_PLATE_SET3@1	3554
T6_HEAD_PLATE_SET3@2	3555
T6_HEAD_PLATE_SET3@3	3556
T6_HEAD_PLATE_SET3@4	3557
T7_HEAD_PLATE_SET3	3558
T7_HEAD_PLATE_SET3@1	3559
T7_HEAD_PLATE_SET3@2	3560
T7_HEAD_PLATE_SET3@3	3561
T7_HEAD_PLATE_SET3@4	3562
T8_HEAD_PLATE_SET3	3563
T8_HEAD_PLATE_SET3@1	3564
T8_HEAD_PLATE_SET3@2	3565
T8_HEAD_PLATE_SET3@3	3566
T8_HEAD_PLATE_SET3@4	3567
T4_ARMOR_PLATE_SET3	3568
T4_ARMOR_PLATE_SET3@1	3569
T4_ARMOR_PLATE_SET3@2	3570
T4_ARMOR_PLATE_SET3@3	3571
T4_ARMOR_PLATE_SET3@4	3572
T5_ARMOR_PLATE_SET3	3573
T5_ARMOR_PLATE_SET3@1	3574
T5_ARMOR_PLATE_SET3@2	3575
T5_ARMOR_PLATE_SET3@3	3576
T5_ARMOR_PLATE_SET3@4	3577
T6_ARMOR_PLATE_SET3	3578
T6_ARMOR_PLATE_SET3@1	3579
T6_ARMOR_PLATE_SET3@2	3580
T6_ARMOR_PLATE_SET3@3	3581
T6_ARMOR_PLATE_SET3@4	3582
T7_ARMOR_PLATE_SET3	3583
T7_ARMOR_PLATE_SET3@1	3584
T7_ARMOR_PLATE_SET3@2	3585
T7_ARMOR_PLATE_SET3@3	3586
T7_ARMOR_PLATE_SET3@4	3587
T8_ARMOR_PLATE_SET3	3588
T8_ARMOR_PLATE_SET3@1	3589
T8_ARMOR_PLATE_SET3@2	3590
T8_ARMOR_PLATE_SET3@3	3591
T8_ARMOR_PLATE_SET3@4	3592
T4_SHOES_PLATE_SET3	3593
T4_SHOES_PLATE_SET3@1	3594
T4_SHOES_PLATE_SET3@2	3595
T4_SHOES_PLATE_SET3@3	3596
T4_SHOES_PLATE_SET3@4	3597
T5_SHOES_PLATE_SET3	3598
T5_SHOES_PLATE_SET3@1	3599
T5_SHOES_PLATE_SET3@2	3600
T5_SHOES_PLATE_SET3@3	3601
T5_SHOES_PLATE_SET3@4	3602
T6_SHOES_PLATE_SET3	3603
T6_SHOES_PLATE_SET3@1	3604
T6_SHOES_PLATE_SET3@2	3605
T6_SHOES_PLATE_SET3@3	3606
T6_SHOES_PLATE_SET3@4	3607
T7_SHOES_PLATE_SET3	3608
T7_SHOES_PLATE_SET3@1	3609
T7_SHOES_PLATE_SET3@2	3610
T7_SHOES_PLATE_SET3@3	3611
T7_SHOES_PLATE_SET3@4	3612
T8_SHOES_PLATE_SET3	3613
T8_SHOES_PLATE_SET3@1	3614
T8_SHOES_PLATE_SET3@2	3615
T8_SHOES_PLATE_SET3@3	3616
T8_SHOES_PLATE_SET3@4	3617
T4_HEAD_PLATE_UNDEAD	3618
T4_HEAD_PLATE_UNDEAD@1	3619
T4_HEAD_PLATE_UNDEAD@2	3620
T4_HEAD_PLATE_UNDEAD@3	3621
T4_HEAD_PLATE_UNDEAD@4	3622
T5_HEAD_PLATE_UNDEAD	3623
T5_HEAD_PLATE_UNDEAD@1	3624
T5_HEAD_PLATE_UNDEAD@2	3625
T5_HEAD_PLATE_UNDEAD@3	3626
T5_HEAD_PLATE_UNDEAD@4	3627
T6_HEAD_PLATE_UNDEAD	3628
T6_HEAD_PLATE_UNDEAD@1	3629
T6_HEAD_PLATE_UNDEAD@2	3630
T6_HEAD_PLATE_UNDEAD@3	3631
T6_HEAD_PLATE_UNDEAD@4	3632
T7_HEAD_PLATE_UNDEAD	3633
T7_HEAD_PLATE_UNDEAD@1	3634
T7_HEAD_PLATE_UNDEAD@2	3635
T7_HEAD_PLATE_UNDEAD@3	3636
T7_HEAD_PLATE_UNDEAD@4	3637
T8_HEAD_PLATE_UNDEAD	3638
T8_HEAD_PLATE_UNDEAD@1	3639
T8_HEAD_PLATE_UNDEAD@2	3640
T8_HEAD_PLATE_UNDEAD@3	3641
T8_HEAD_PLATE_UNDEAD@4	3642
T4_ARMOR_PLATE_UNDEAD	3643
T4_ARMOR_PLATE_UNDEAD@1	3644
T4_ARMOR_PLATE_UNDEAD@2	3645
T4_ARMOR_PLATE_UNDEAD@3	3646
T4_ARMOR_PLATE_UNDEAD@4	3647
T5_ARMOR_PLATE_UNDEAD	3648
T5_ARMOR_PLATE_UNDEAD@1	3649
T5_ARMOR_PLATE_UNDEAD@2	3650
T5_ARMOR_PLATE_UNDEAD@3	3651
T5_ARMOR_PLATE_UNDEAD@4	3652
T6_ARMOR_PLATE_UNDEAD	3653
T6_ARMOR_PLATE_UNDEAD@1	3654
T6_ARMOR_PLATE_UNDEAD@2	3655
T6_ARMOR_PLATE_UNDEAD@3	3656
T6_ARMOR_PLATE_UNDEAD@4	3657
T7_ARMOR_PLATE_UNDEAD	3658
T7_ARMOR_PLATE_UNDEAD@1	3659
T7_ARMOR_PLATE_UNDEAD@2	3660
T7_ARMOR_PLATE_UNDEAD@3	3661
T7_ARMOR_PLATE_UNDEAD@4	3662
T8_ARMOR_PLATE_UNDEAD	3663
T8_ARMOR_PLATE_UNDEAD@1	3664
T8_ARMOR_PLATE_UNDEAD@2	3665
T8_ARMOR_PLATE_UNDEAD@3	3666
T8_ARMOR_PLATE_UNDEAD@4	3667
T4_SHOES_PLATE_UNDEAD	3668
T4_SHOES_PLATE_UNDEAD@1	3669
T4_SHOES_PLATE_UNDEAD@2	3670
T4_SHOES_PLATE_UNDEAD@3	3671
T4_SHOES_PLATE_UNDEAD@4	3672
T5_SHOES_PLATE_UNDEAD	3673
T5_SHOES_PLATE_UNDEAD@1	3674
T5_SHOES_PLATE_UNDEAD@2	3675
T5_SHOES_PLATE_UNDEAD@3	3676
T5_SHOES_PLATE_UNDEAD@4	3677
T6_SHOES_PLATE_UNDEAD	3678
T6_SHOES_PLATE_UNDEAD@1	3679
T6_SHOES_PLATE_UNDEAD@2	3680
T6_SHOES_PLATE_UNDEAD@3	3681
T6_SHOES_PLATE_UNDEAD@4	3682
T7_SHOES_PLATE_UNDEAD	3683
T7_SHOES_PLATE_UNDEAD@1	3684
T7_SHOES_PLATE_UNDEAD@2	3685
T7_SHOES_PLATE_UNDEAD@3	3686
T7_SHOES_PLATE_UNDEAD@4	3687
T8_SHOES_PLATE_UNDEAD	3688
T8_SHOES_PLATE_UNDEAD@1	3689
T8_SHOES_PLATE_UNDEAD@2	3690
T8_SHOES_PLATE_UNDEAD@3	3691
T8_SHOES_PLATE_UNDEAD@4	3692
T4_HEAD_PLATE_HELL	3693
T4_HEAD_PLATE_HELL@1	3694
T4_HEAD_PLATE_HELL@2	3695
T4_HEAD_PLATE_HELL@3	3696
T4_HEAD_PLATE_HELL@4	3697
T5_HEAD_PLATE_HELL	3698
T5_HEAD_PLATE_HELL@1	3699
T5_HEAD_PLATE_HELL@2	3700
T5_HEAD_PLATE_HELL@3	3701
T5_HEAD_PLATE_HELL@4	3702
T6_HEAD_PLATE_HELL	3703
T6_HEAD_PLATE_HELL@1	3704
T6_HEAD_PLATE_HELL@2	3705
T6_HEAD_PLATE_HELL@3	3706
T6_HEAD_PLATE_HELL@4	3707
T7_HEAD_PLATE_HELL	3708
T7_HEAD_PLATE_HELL@1	3709
T7_HEAD_PLATE_HELL@2	3710
T7_HEAD_PLATE_HELL@3	3711
T7_HEAD_PLATE_HELL@4	3712
T8_HEAD_PLATE_HELL	3713
T8_HEAD_PLATE_HELL@1	3714
T8_HEAD_PLATE_HELL@2	3715
T8_HEAD_PLATE_HELL@3	3716
T8_HEAD_PLATE_HELL@4	3717
T4_ARMOR_PLATE_HELL	3718
T4_ARMOR_PLATE_HELL@1	3719
T4_ARMOR_PLATE_HELL@2	3720
T4_ARMOR_PLATE_HELL@3	3721
T4_ARMOR_PLATE_HELL@4	3722
T5_ARMOR_PLATE_HELL	3723
T5_ARMOR_PLATE_HELL@1	3724
T5_ARMOR_PLATE_HELL@2	3725
T5_ARMOR_PLATE_HELL@3	3726
T5_ARMOR_PLATE_HELL@4	3727
T6_ARMOR_PLATE_HELL	3728
T6_ARMOR_PLATE_HELL@1	3729
T6_ARMOR_PLATE_HELL@2	3730
T6_ARMOR_PLATE_HELL@3	3731
T6_ARMOR_PLATE_HELL@4	3732
T7_ARMOR_PLATE_HELL	3733
T7_ARMOR_PLATE_HELL@1	3734
T7_ARMOR_PLATE_HELL@2	3735
T7_ARMOR_PLATE_HELL@3	3736
T7_ARMOR_PLATE_HELL@4	3737
T8_ARMOR_PLATE_HELL	3738
T8_ARMOR_PLATE_HELL@1	3739
T8_ARMOR_PLATE_HELL@2	3740
T8_ARMOR_PLATE_HELL@3	3741
T8_ARMOR_PLATE_HELL@4	3742
T4_SHOES_PLATE_HELL	3743
T4_SHOES_PLATE_HELL@1	3744
T4_SHOES_PLATE_HELL@2	3745
T4_SHOES_PLATE_HELL@3	3746
T4_SHOES_PLATE_HELL@4	3747
T5_SHOES_PLATE_HELL	3748
T5_SHOES_PLATE_HELL@1	3749
T5_SHOES_PLATE_HELL@2	3750
T5_SHOES_PLATE_HELL@3	3751
T5_SHOES_PLATE_HELL@4	3752
T6_SHOES_PLATE_HELL	3753
T6_SHOES_PLATE_HELL@1	3754
T6_SHOES_PLATE_HELL@2	3755
T6_SHOES_PLATE_HELL@3	3756
T6_SHOES_PLATE_HELL@4	3757
T7_SHOES_PLATE_HELL	3758
T7_SHOES_PLATE_HELL@1	3759
T7_SHOES_PLATE_HELL@2	3760
T7_SHOES_PLATE_HELL@3	3761
T7_SHOES_PLATE_HELL@4	3762
T8_SHOES_PLATE_HELL	3763
T8_SHOES_PLATE_HELL@1	3764
T8_SHOES_PLATE_HELL@2	3765
T8_SHOES_PLATE_HELL@3	3766
T8_SHOES_PLATE_HELL@4	3767
T4_HEAD_PLATE_KEEPER	3768
T4_HEAD_PLATE_KEEPER@1	3769
T4_HEAD_PLATE_KEEPER@2	3770
T4_HEAD_PLATE_KEEPER@3	3771
T4_HEAD_PLATE_KEEPER@4	3772
T5_HEAD_PLATE_KEEPER	3773
T5_HEAD_PLATE_KEEPER@1	3774
T5_HEAD_PLATE_KEEPER@2	3775
T5_HEAD_PLATE_KEEPER@3	3776
T5_HEAD_PLATE_KEEPER@4	3777
T6_HEAD_PLATE_KEEPER	3778
T6_HEAD_PLATE_KEEPER@1	3779
T6_HEAD_PLATE_KEEPER@2	3780
T6_HEAD_PLATE_KEEPER@3	3781
T6_HEAD_PLATE_KEEPER@4	3782
T7_HEAD_PLATE_KEEPER	3783
T7_HEAD_PLATE_KEEPER@1	3784
T7_HEAD_PLATE_KEEPER@2	3785
T7_HEAD_PLATE_KEEPER@3	3786
T7_HEAD_PLATE_KEEPER@4	3787
T8_HEAD_PLATE_KEEPER	3788
T8_HEAD_PLATE_KEEPER@1	3789
T8_HEAD_PLATE_KEEPER@2	3790
T8_HEAD_PLATE_KEEPER@3	3791
T8_HEAD_PLATE_KEEPER@4	3792
T4_ARMOR_PLATE_KEEPER	3793
T4_ARMOR_PLATE_KEEPER@1	3794
T4_ARMOR_PLATE_KEEPER@2	3795
T4_ARMOR_PLATE_KEEPER@3	3796
T4_ARMOR_PLATE_KEEPER@4	3797
T5_ARMOR_PLATE_KEEPER	3798
T5_ARMOR_PLATE_KEEPER@1	3799
T5_ARMOR_PLATE_KEEPER@2	3800
T5_ARMOR_PLATE_KEEPER@3	3801
T5_ARMOR_PLATE_KEEPER@4	3802
T6_ARMOR_PLATE_KEEPER	3803
T6_ARMOR_PLATE_KEEPER@1	3804
T6_ARMOR_PLATE_KEEPER@2	3805
T6_ARMOR_PLATE_KEEPER@3	3806
T6_ARMOR_PLATE_KEEPER@4	3807
T7_ARMOR_PLATE_KEEPER	3808
T7_ARMOR_PLATE_KEEPER@1	3809
T7_ARMOR_PLATE_KEEPER@2	3810
T7_ARMOR_PLATE_KEEPER@3	3811
T7_ARMOR_PLATE_KEEPER@4	3812
T8_ARMOR_PLATE_KEEPER	3813
T8_ARMOR_PLATE_KEEPER@1	3814
T8_ARMOR_PLATE_KEEPER@2	3815
T8_ARMOR_PLATE_KEEPER@3	3816
T8_ARMOR_PLATE_KEEPER@4	3817
T4_SHOES_PLATE_KEEPER	3818
T4_SHOES_PLATE_KEEPER@1	3819
T4_SHOES_PLATE_KEEPER@2	3820
T4_SHOES_PLATE_KEEPER@3	3821
T4_SHOES_PLATE_KEEPER@4	3822
T5_SHOES_PLATE_KEEPER	3823
T5_SHOES_PLATE_KEEPER@1	3824
T5_SHOES_PLATE_KEEPER@2	3825
T5_SHOES_PLATE_KEEPER@3	3826
T5_SHOES_PLATE_KEEPER@4	3827
T6_SHOES_PLATE_KEEPER	3828
T6_SHOES_PLATE_KEEPER@1	3829
T6_SHOES_PLATE_KEEPER@2	3830
T6_SHOES_PLATE_KEEPER@3	3831
T6_SHOES_PLATE_KEEPER@4	3832
T7_SHOES_PLATE_KEEPER	3833
T7_SHOES_PLATE_KEEPER@1	3834
T7_SHOES_PLATE_KEEPER@2	3835
T7_SHOES_PLATE_KEEPER@3	3836
T7_SHOES_PLATE_KEEPER@4	3837
T8_SHOES_PLATE_KEEPER	3838
T8_SHOES_PLATE_KEEPER@1	3839
T8_SHOES_PLATE_KEEPER@2	3840
T8_SHOES_PLATE_KEEPER@3	3841
T8_SHOES_PLATE_KEEPER@4	3842
T4_HEAD_PLATE_FEY	3843
T4_HEAD_PLATE_FEY@1	3844
T4_HEAD_PLATE_FEY@2	3845
T4_HEAD_PLATE_FEY@3	3846
T4_HEAD_PLATE_FEY@4	3847
T5_HEAD_PLATE_FEY	3848
T5_HEAD_PLATE_FEY@1	3849
T5_HEAD_PLATE_FEY@2	3850
T5_HEAD_PLATE_FEY@3	3851
T5_HEAD_PLATE_FEY@4	3852
T6_HEAD_PLATE_FEY	3853
T6_HEAD_PLATE_FEY@1	3854
T6_HEAD_PLATE_FEY@2	3855
T6_HEAD_PLATE_FEY@3	3856
T6_HEAD_PLATE_FEY@4	3857
T7_HEAD_PLATE_FEY	3858
T7_HEAD_PLATE_FEY@1	3859
T7_HEAD_PLATE_FEY@2	3860
T7_HEAD_PLATE_FEY@3	3861
T7_HEAD_PLATE_FEY@4	3862
T8_HEAD_PLATE_FEY	3863
T8_HEAD_PLATE_FEY@1	3864
T8_HEAD_PLATE_FEY@2	3865
T8_HEAD_PLATE_FEY@3	3866
T8_HEAD_PLATE_FEY@4	3867
T4_ARMOR_PLATE_FEY	3868
T4_ARMOR_PLATE_FEY@1	3869
T4_ARMOR_PLATE_FEY@2	3870
T4_ARMOR_PLATE_FEY@3	3871
T4_ARMOR_PLATE_FEY@4	3872
T5_ARMOR_PLATE_FEY	3873
T5_ARMOR_PLATE_FEY@1	3874
T5_ARMOR_PLATE_FEY@2	3875
T5_ARMOR_PLATE_FEY@3	3876
T5_ARMOR_PLATE_FEY@4	3877
T6_ARMOR_PLATE_FEY	3878
T6_ARMOR_PLATE_FEY@1	3879
T6_ARMOR_PLATE_FEY@2	3880
T6_ARMOR_PLATE_FEY@3	3881
T6_ARMOR_PLATE_FEY@4	3882
T7_ARMOR_PLATE_FEY	3883
T7_ARMOR_PLATE_FEY@1	3884
T7_ARMOR_PLATE_FEY@2	3885
T7_ARMOR_PLATE_FEY@3	3886
T7_ARMOR_PLATE_FEY@4	3887
T8_ARMOR_PLATE_FEY	3888
T8_ARMOR_PLATE_FEY@1	3889
T8_ARMOR_PLATE_FEY@2	3890
T8_ARMOR_PLATE_FEY@3	3891
T8_ARMOR_PLATE_FEY@4	3892
T4_SHOES_PLATE_FEY	3893
T4_SHOES_PLATE_FEY@1	3894
T4_SHOES_PLATE_FEY@2	3895
T4_SHOES_PLATE_FEY@3	3896
T4_SHOES_PLATE_FEY@4	3897
T5_SHOES_PLATE_FEY	3898
T5_SHOES_PLATE_FEY@1	3899
T5_SHOES_PLATE_FEY@2	3900
T5_SHOES_PLATE_FEY@3	3901
T5_SHOES_PLATE_FEY@4	3902
T6_SHOES_PLATE_FEY	3903
T6_SHOES_PLATE_FEY@1	3904
T6_SHOES_PLATE_FEY@2	3905
T6_SHOES_PLATE_FEY@3	3906
T6_SHOES_PLATE_FEY@4	3907
T7_SHOES_PLATE_FEY	3908
T7_SHOES_PLATE_FEY@1	3909
T7_SHOES_PLATE_FEY@2	3910
T7_SHOES_PLATE_FEY@3	3911
T7_SHOES_PLATE_FEY@4	3912
T8_SHOES_PLATE_FEY	3913
T8_SHOES_PLATE_FEY@1	3914
T8_SHOES_PLATE_FEY@2	3915
T8_SHOES_PLATE_FEY@3	3916
T8_SHOES_PLATE_FEY@4	3917
T4_HEAD_PLATE_AVALON	3918
T4_HEAD_PLATE_AVALON@1	3919
T4_HEAD_PLATE_AVALON@2	3920
T4_HEAD_PLATE_AVALON@3	3921
T4_HEAD_PLATE_AVALON@4	3922
T5_HEAD_PLATE_AVALON	3923
T5_HEAD_PLATE_AVALON@1	3924
T5_HEAD_PLATE_AVALON@2	3925
T5_HEAD_PLATE_AVALON@3	3926
T5_HEAD_PLATE_AVALON@4	3927
T6_HEAD_PLATE_AVALON	3928
T6_HEAD_PLATE_AVALON@1	3929
T6_HEAD_PLATE_AVALON@2	3930
T6_HEAD_PLATE_AVALON@3	3931
T6_HEAD_PLATE_AVALON@4	3932
T7_HEAD_PLATE_AVALON	3933
T7_HEAD_PLATE_AVALON@1	3934
T7_HEAD_PLATE_AVALON@2	3935
T7_HEAD_PLATE_AVALON@3	3936
T7_HEAD_PLATE_AVALON@4	3937
T8_HEAD_PLATE_AVALON	3938
T8_HEAD_PLATE_AVALON@1	3939
T8_HEAD_PLATE_AVALON@2	3940
T8_HEAD_PLATE_AVALON@3	3941
T8_HEAD_PLATE_AVALON@4	3942
T4_ARMOR_PLATE_AVALON	3943
T4_ARMOR_PLATE_AVALON@1	3944
T4_ARMOR_PLATE_AVALON@2	3945
T4_ARMOR_PLATE_AVALON@3	3946
T4_ARMOR_PLATE_AVALON@4	3947
T5_ARMOR_PLATE_AVALON	3948
T5_ARMOR_PLATE_AVALON@1	3949
T5_ARMOR_PLATE_AVALON@2	3950
T5_ARMOR_PLATE_AVALON@3	3951
T5_ARMOR_PLATE_AVALON@4	3952
T6_ARMOR_PLATE_AVALON	3953
T6_ARMOR_PLATE_AVALON@1	3954
T6_ARMOR_PLATE_AVALON@2	3955
T6_ARMOR_PLATE_AVALON@3	3956
T6_ARMOR_PLATE_AVALON@4	3957
T7_ARMOR_PLATE_AVALON	3958
T7_ARMOR_PLATE_AVALON@1	3959
T7_ARMOR_PLATE_AVALON@2	3960
T7_ARMOR_PLATE_AVALON@3	3961
T7_ARMOR_PLATE_AVALON@4	3962
T8_ARMOR_PLATE_AVALON	3963
T8_ARMOR_PLATE_AVALON@1	3964
T8_ARMOR_PLATE_AVALON@2	3965
T8_ARMOR_PLATE_AVALON@3	3966
T8_ARMOR_PLATE_AVALON@4	3967
T4_SHOES_PLATE_AVALON	3968
T4_SHOES_PLATE_AVALON@1	3969
T4_SHOES_PLATE_AVALON@2	3970
T4_SHOES_PLATE_AVALON@3	3971
T4_SHOES_PLATE_AVALON@4	3972
T5_SHOES_PLATE_AVALON	3973
T5_SHOES_PLATE_AVALON@1	3974
T5_SHOES_PLATE_AVALON@2	3975
T5_SHOES_PLATE_AVALON@3	3976
T5_SHOES_PLATE_AVALON@4	3977
T6_SHOES_PLATE_AVALON	3978
T6_SHOES_PLATE_AVALON@1	3979
T6_SHOES_PLATE_AVALON@2	3980
T6_SHOES_PLATE_AVALON@3	3981
T6_SHOES_PLATE_AVALON@4	3982
T7_SHOES_PLATE_AVALON	3983
T7_SHOES_PLATE_AVALON@1	3984
T7_SHOES_PLATE_AVALON@2	3985
T7_SHOES_PLATE_AVALON@3	3986
T7_SHOES_PLATE_AVALON@4	3987
T8_SHOES_PLATE_AVALON	3988
T8_SHOES_PLATE_AVALON@1	3989
T8_SHOES_PLATE_AVALON@2	3990
T8_SHOES_PLATE_AVALON@3	3991
T8_SHOES_PLATE_AVALON@4	3992
T1_HEAD_LEATHER_SET1	3993
T2_HEAD_LEATHER_SET1	3994
T3_HEAD_LEATHER_SET1	3995
T4_HEAD_LEATHER_SET1	3996
T4_HEAD_LEATHER_SET1@1	3997
T4_HEAD_LEATHER_SET1@2	3998
T4_HEAD_LEATHER_SET1@3	3999
T4_HEAD_LEATHER_SET1@4	4000
T5_HEAD_LEATHER_SET1	4001
T5_HEAD_LEATHER_SET1@1	4002
T5_HEAD_LEATHER_SET1@2	4003
T5_HEAD_LEATHER_SET1@3	4004
T5_HEAD_LEATHER_SET1@4	4005
T6_HEAD_LEATHER_SET1	4006
T6_HEAD_LEATHER_SET1@1	4007
T6_HEAD_LEATHER_SET1@2	4008
T6_HEAD_LEATHER_SET1@3	4009
T6_HEAD_LEATHER_SET1@4	4010
T7_HEAD_LEATHER_SET1	4011
T7_HEAD_LEATHER_SET1@1	4012
T7_HEAD_LEATHER_SET1@2	4013
T7_HEAD_LEATHER_SET1@3	4014
T7_HEAD_LEATHER_SET1@4	4015
T8_HEAD_LEATHER_SET1	4016
T8_HEAD_LEATHER_SET1@1	4017
T8_HEAD_LEATHER_SET1@2	4018
T8_HEAD_LEATHER_SET1@3	4019
T8_HEAD_LEATHER_SET1@4	4020
T1_ARMOR_LEATHER_SET1	4021
T2_ARMOR_LEATHER_SET1	4022
T3_ARMOR_LEATHER_SET1	4023
T4_ARMOR_LEATHER_SET1	4024
T4_ARMOR_LEATHER_SET1@1	4025
T4_ARMOR_LEATHER_SET1@2	4026
T4_ARMOR_LEATHER_SET1@3	4027
T4_ARMOR_LEATHER_SET1@4	4028
T5_ARMOR_LEATHER_SET1	4029
T5_ARMOR_LEATHER_SET1@1	4030
T5_ARMOR_LEATHER_SET1@2	4031
T5_ARMOR_LEATHER_SET1@3	4032
T5_ARMOR_LEATHER_SET1@4	4033
T6_ARMOR_LEATHER_SET1	4034
T6_ARMOR_LEATHER_SET1@1	4035
T6_ARMOR_LEATHER_SET1@2	4036
T6_ARMOR_LEATHER_SET1@3	4037
T6_ARMOR_LEATHER_SET1@4	4038
T7_ARMOR_LEATHER_SET1	4039
T7_ARMOR_LEATHER_SET1@1	4040
T7_ARMOR_LEATHER_SET1@2	4041
T7_ARMOR_LEATHER_SET1@3	4042
T7_ARMOR_LEATHER_SET1@4	4043
T8_ARMOR_LEATHER_SET1	4044
T8_ARMOR_LEATHER_SET1@1	4045
T8_ARMOR_LEATHER_SET1@2	4046
T8_ARMOR_LEATHER_SET1@3	4047
T8_ARMOR_LEATHER_SET1@4	4048
T1_SHOES_LEATHER_SET1	4049
T2_SHOES_LEATHER_SET1	4050
T3_SHOES_LEATHER_SET1	4051
T4_SHOES_LEATHER_SET1	4052
T4_SHOES_LEATHER_SET1@1	4053
T4_SHOES_LEATHER_SET1@2	4054
T4_SHOES_LEATHER_SET1@3	4055
T4_SHOES_LEATHER_SET1@4	4056
T5_SHOES_LEATHER_SET1	4057
T5_SHOES_LEATHER_SET1@1	4058
T5_SHOES_LEATHER_SET1@2	4059
T5_SHOES_LEATHER_SET1@3	4060
T5_SHOES_LEATHER_SET1@4	4061
T6_SHOES_LEATHER_SET1	4062
T6_SHOES_LEATHER_SET1@1	4063
T6_SHOES_LEATHER_SET1@2	4064
T6_SHOES_LEATHER_SET1@3	4065
T6_SHOES_LEATHER_SET1@4	4066
T7_SHOES_LEATHER_SET1	4067
T7_SHOES_LEATHER_SET1@1	4068
T7_SHOES_LEATHER_SET1@2	4069
T7_SHOES_LEATHER_SET1@3	4070
T7_SHOES_LEATHER_SET1@4	4071
T8_SHOES_LEATHER_SET1	4072
T8_SHOES_LEATHER_SET1@1	4073
T8_SHOES_LEATHER_SET1@2	4074
T8_SHOES_LEATHER_SET1@3	4075
T8_SHOES_LEATHER_SET1@4	4076
T4_HEAD_LEATHER_SET2	4077
T4_HEAD_LEATHER_SET2@1	4078
T4_HEAD_LEATHER_SET2@2	4079
T4_HEAD_LEATHER_SET2@3	4080
T4_HEAD_LEATHER_SET2@4	4081
T5_HEAD_LEATHER_SET2	4082
T5_HEAD_LEATHER_SET2@1	4083
T5_HEAD_LEATHER_SET2@2	4084
T5_HEAD_LEATHER_SET2@3	4085
T5_HEAD_LEATHER_SET2@4	4086
T6_HEAD_LEATHER_SET2	4087
T6_HEAD_LEATHER_SET2@1	4088
T6_HEAD_LEATHER_SET2@2	4089
T6_HEAD_LEATHER_SET2@3	4090
T6_HEAD_LEATHER_SET2@4	4091
T7_HEAD_LEATHER_SET2	4092
T7_HEAD_LEATHER_SET2@1	4093
T7_HEAD_LEATHER_SET2@2	4094
T7_HEAD_LEATHER_SET2@3	4095
T7_HEAD_LEATHER_SET2@4	4096
T8_HEAD_LEATHER_SET2	4097
T8_HEAD_LEATHER_SET2@1	4098
T8_HEAD_LEATHER_SET2@2	4099
T8_HEAD_LEATHER_SET2@3	4100
T8_HEAD_LEATHER_SET2@4	4101
T4_ARMOR_LEATHER_SET2	4102
T4_ARMOR_LEATHER_SET2@1	4103
T4_ARMOR_LEATHER_SET2@2	4104
T4_ARMOR_LEATHER_SET2@3	4105
T4_ARMOR_LEATHER_SET2@4	4106
T5_ARMOR_LEATHER_SET2	4107
T5_ARMOR_LEATHER_SET2@1	4108
T5_ARMOR_LEATHER_SET2@2	4109
T5_ARMOR_LEATHER_SET2@3	4110
T5_ARMOR_LEATHER_SET2@4	4111
T6_ARMOR_LEATHER_SET2	4112
T6_ARMOR_LEATHER_SET2@1	4113
T6_ARMOR_LEATHER_SET2@2	4114
T6_ARMOR_LEATHER_SET2@3	4115
T6_ARMOR_LEATHER_SET2@4	4116
T7_ARMOR_LEATHER_SET2	4117
T7_ARMOR_LEATHER_SET2@1	4118
T7_ARMOR_LEATHER_SET2@2	4119
T7_ARMOR_LEATHER_SET2@3	4120
T7_ARMOR_LEATHER_SET2@4	4121
T8_ARMOR_LEATHER_SET2	4122
T8_ARMOR_LEATHER_SET2@1	4123
T8_ARMOR_LEATHER_SET2@2	4124
T8_ARMOR_LEATHER_SET2@3	4125
T8_ARMOR_LEATHER_SET2@4	4126
T4_SHOES_LEATHER_SET2	4127
T4_SHOES_LEATHER_SET2@1	4128
T4_SHOES_LEATHER_SET2@2	4129
T4_SHOES_LEATHER_SET2@3	4130
T4_SHOES_LEATHER_SET2@4	4131
T5_SHOES_LEATHER_SET2	4132
T5_SHOES_LEATHER_SET2@1	4133
T5_SHOES_LEATHER_SET2@2	4134
T5_SHOES_LEATHER_SET2@3	4135
T5_SHOES_LEATHER_SET2@4	4136
T6_SHOES_LEATHER_SET2	4137
T6_SHOES_LEATHER_SET2@1	4138
T6_SHOES_LEATHER_SET2@2	4139
T6_SHOES_LEATHER_SET2@3	4140
T6_SHOES_LEATHER_SET2@4	4141
T7_SHOES_LEATHER_SET2	4142
T7_SHOES_LEATHER_SET2@1	4143
T7_SHOES_LEATHER_SET2@2	4144
T7_SHOES_LEATHER_SET2@3	4145
T7_SHOES_LEATHER_SET2@4	4146
T8_SHOES_LEATHER_SET2	4147
T8_SHOES_LEATHER_SET2@1	4148
T8_SHOES_LEATHER_SET2@2	4149
T8_SHOES_LEATHER_SET2@3	4150
T8_SHOES_LEATHER_SET2@4	4151
T4_HEAD_LEATHER_SET3	4152
T4_HEAD_LEATHER_SET3@1	4153
T4_HEAD_LEATHER_SET3@2	4154
T4_HEAD_LEATHER_SET3@3	4155
T4_HEAD_LEATHER_SET3@4	4156
T5_HEAD_LEATHER_SET3	4157
T5_HEAD_LEATHER_SET3@1	4158
T5_HEAD_LEATHER_SET3@2	4159
T5_HEAD_LEATHER_SET3@3	4160
T5_HEAD_LEATHER_SET3@4	4161
T6_HEAD_LEATHER_SET3	4162
T6_HEAD_LEATHER_SET3@1	4163
T6_HEAD_LEATHER_SET3@2	4164
T6_HEAD_LEATHER_SET3@3	4165
T6_HEAD_LEATHER_SET3@4	4166
T7_HEAD_LEATHER_SET3	4167
T7_HEAD_LEATHER_SET3@1	4168
T7_HEAD_LEATHER_SET3@2	4169
T7_HEAD_LEATHER_SET3@3	4170
T7_HEAD_LEATHER_SET3@4	4171
T8_HEAD_LEATHER_SET3	4172
T8_HEAD_LEATHER_SET3@1	4173
T8_HEAD_LEATHER_SET3@2	4174
T8_HEAD_LEATHER_SET3@3	4175
T8_HEAD_LEATHER_SET3@4	4176
T4_ARMOR_LEATHER_SET3	4177
T4_ARMOR_LEATHER_SET3@1	4178
T4_ARMOR_LEATHER_SET3@2	4179
T4_ARMOR_LEATHER_SET3@3	4180
T4_ARMOR_LEATHER_SET3@4	4181
T5_ARMOR_LEATHER_SET3	4182
T5_ARMOR_LEATHER_SET3@1	4183
T5_ARMOR_LEATHER_SET3@2	4184
T5_ARMOR_LEATHER_SET3@3	4185
T5_ARMOR_LEATHER_SET3@4	4186
T6_ARMOR_LEATHER_SET3	4187
T6_ARMOR_LEATHER_SET3@1	4188
T6_ARMOR_LEATHER_SET3@2	4189
T6_ARMOR_LEATHER_SET3@3	4190
T6_ARMOR_LEATHER_SET3@4	4191
T7_ARMOR_LEATHER_SET3	4192
T7_ARMOR_LEATHER_SET3@1	4193
T7_ARMOR_LEATHER_SET3@2	4194
T7_ARMOR_LEATHER_SET3@3	4195
T7_ARMOR_LEATHER_SET3@4	4196
T8_ARMOR_LEATHER_SET3	4197
T8_ARMOR_LEATHER_SET3@1	4198
T8_ARMOR_LEATHER_SET3@2	4199
T8_ARMOR_LEATHER_SET3@3	4200
T8_ARMOR_LEATHER_SET3@4	4201
T4_SHOES_LEATHER_SET3	4202
T4_SHOES_LEATHER_SET3@1	4203
T4_SHOES_LEATHER_SET3@2	4204
T4_SHOES_LEATHER_SET3@3	4205
T4_SHOES_LEATHER_SET3@4	4206
T5_SHOES_LEATHER_SET3	4207
T5_SHOES_LEATHER_SET3@1	4208
T5_SHOES_LEATHER_SET3@2	4209
T5_SHOES_LEATHER_SET3@3	4210
T5_SHOES_LEATHER_SET3@4	4211
T6_SHOES_LEATHER_SET3	4212
T6_SHOES_LEATHER_SET3@1	4213
T6_SHOES_LEATHER_SET3@2	4214
T6_SHOES_LEATHER_SET3@3	4215
T6_SHOES_LEATHER_SET3@4	4216
T7_SHOES_LEATHER_SET3	4217
T7_SHOES_LEATHER_SET3@1	4218
T7_SHOES_LEATHER_SET3@2	4219
T7_SHOES_LEATHER_SET3@3	4220
T7_SHOES_LEATHER_SET3@4	4221
T8_SHOES_LEATHER_SET3	4222
T8_SHOES_LEATHER_SET3@1	4223
T8_SHOES_LEATHER_SET3@2	4224
T8_SHOES_LEATHER_SET3@3	4225
T8_SHOES_LEATHER_SET3@4	4226
T4_HEAD_LEATHER_MORGANA	4227
T4_HEAD_LEATHER_MORGANA@1	4228
T4_HEAD_LEATHER_MORGANA@2	4229
T4_HEAD_LEATHER_MORGANA@3	4230
T4_HEAD_LEATHER_MORGANA@4	4231
T5_HEAD_LEATHER_MORGANA	4232
T5_HEAD_LEATHER_MORGANA@1	4233
T5_HEAD_LEATHER_MORGANA@2	4234
T5_HEAD_LEATHER_MORGANA@3	4235
T5_HEAD_LEATHER_MORGANA@4	4236
T6_HEAD_LEATHER_MORGANA	4237
T6_HEAD_LEATHER_MORGANA@1	4238
T6_HEAD_LEATHER_MORGANA@2	4239
T6_HEAD_LEATHER_MORGANA@3	4240
T6_HEAD_LEATHER_MORGANA@4	4241
T7_HEAD_LEATHER_MORGANA	4242
T7_HEAD_LEATHER_MORGANA@1	4243
T7_HEAD_LEATHER_MORGANA@2	4244
T7_HEAD_LEATHER_MORGANA@3	4245
T7_HEAD_LEATHER_MORGANA@4	4246
T8_HEAD_LEATHER_MORGANA	4247
T8_HEAD_LEATHER_MORGANA@1	4248
T8_HEAD_LEATHER_MORGANA@2	4249
T8_HEAD_LEATHER_MORGANA@3	4250
T8_HEAD_LEATHER_MORGANA@4	4251
T4_ARMOR_LEATHER_MORGANA	4252
T4_ARMOR_LEATHER_MORGANA@1	4253
T4_ARMOR_LEATHER_MORGANA@2	4254
T4_ARMOR_LEATHER_MORGANA@3	4255
T4_ARMOR_LEATHER_MORGANA@4	4256
T5_ARMOR_LEATHER_MORGANA	4257
T5_ARMOR_LEATHER_MORGANA@1	4258
T5_ARMOR_LEATHER_MORGANA@2	4259
T5_ARMOR_LEATHER_MORGANA@3	4260
T5_ARMOR_LEATHER_MORGANA@4	4261
T6_ARMOR_LEATHER_MORGANA	4262
T6_ARMOR_LEATHER_MORGANA@1	4263
T6_ARMOR_LEATHER_MORGANA@2	4264
T6_ARMOR_LEATHER_MORGANA@3	4265
T6_ARMOR_LEATHER_MORGANA@4	4266
T7_ARMOR_LEATHER_MORGANA	4267
T7_ARMOR_LEATHER_MORGANA@1	4268
T7_ARMOR_LEATHER_MORGANA@2	4269
T7_ARMOR_LEATHER_MORGANA@3	4270
T7_ARMOR_LEATHER_MORGANA@4	4271
T8_ARMOR_LEATHER_MORGANA	4272
T8_ARMOR_LEATHER_MORGANA@1	4273
T8_ARMOR_LEATHER_MORGANA@2	4274
T8_ARMOR_LEATHER_MORGANA@3	4275
T8_ARMOR_LEATHER_MORGANA@4	4276
T4_SHOES_LEATHER_MORGANA	4277
T4_SHOES_LEATHER_MORGANA@1	4278
T4_SHOES_LEATHER_MORGANA@2	4279
T4_SHOES_LEATHER_MORGANA@3	4280
T4_SHOES_LEATHER_MORGANA@4	4281
T5_SHOES_LEATHER_MORGANA	4282
T5_SHOES_LEATHER_MORGANA@1	4283
T5_SHOES_LEATHER_MORGANA@2	4284
T5_SHOES_LEATHER_MORGANA@3	4285
T5_SHOES_LEATHER_MORGANA@4	4286
T6_SHOES_LEATHER_MORGANA	4287
T6_SHOES_LEATHER_MORGANA@1	4288
T6_SHOES_LEATHER_MORGANA@2	4289
T6_SHOES_LEATHER_MORGANA@3	4290
T6_SHOES_LEATHER_MORGANA@4	4291
T7_SHOES_LEATHER_MORGANA	4292
T7_SHOES_LEATHER_MORGANA@1	4293
T7_SHOES_LEATHER_MORGANA@2	4294
T7_SHOES_LEATHER_MORGANA@3	4295
T7_SHOES_LEATHER_MORGANA@4	4296
T8_SHOES_LEATHER_MORGANA	4297
T8_SHOES_LEATHER_MORGANA@1	4298
T8_SHOES_LEATHER_MORGANA@2	4299
T8_SHOES_LEATHER_MORGANA@3	4300
T8_SHOES_LEATHER_MORGANA@4	4301
T4_HEAD_LEATHER_HELL	4302
T4_HEAD_LEATHER_HELL@1	4303
T4_HEAD_LEATHER_HELL@2	4304
T4_HEAD_LEATHER_HELL@3	4305
T4_HEAD_LEATHER_HELL@4	4306
T5_HEAD_LEATHER_HELL	4307
T5_HEAD_LEATHER_HELL@1	4308
T5_HEAD_LEATHER_HELL@2	4309
T5_HEAD_LEATHER_HELL@3	4310
T5_HEAD_LEATHER_HELL@4	4311
T6_HEAD_LEATHER_HELL	4312
T6_HEAD_LEATHER_HELL@1	4313
T6_HEAD_LEATHER_HELL@2	4314
T6_HEAD_LEATHER_HELL@3	4315
T6_HEAD_LEATHER_HELL@4	4316
T7_HEAD_LEATHER_HELL	4317
T7_HEAD_LEATHER_HELL@1	4318
T7_HEAD_LEATHER_HELL@2	4319
T7_HEAD_LEATHER_HELL@3	4320
T7_HEAD_LEATHER_HELL@4	4321
T8_HEAD_LEATHER_HELL	4322
T8_HEAD_LEATHER_HELL@1	4323
T8_HEAD_LEATHER_HELL@2	4324
T8_HEAD_LEATHER_HELL@3	4325
T8_HEAD_LEATHER_HELL@4	4326
T4_ARMOR_LEATHER_HELL	4327
T4_ARMOR_LEATHER_HELL@1	4328
T4_ARMOR_LEATHER_HELL@2	4329
T4_ARMOR_LEATHER_HELL@3	4330
T4_ARMOR_LEATHER_HELL@4	4331
T5_ARMOR_LEATHER_HELL	4332
T5_ARMOR_LEATHER_HELL@1	4333
T5_ARMOR_LEATHER_HELL@2	4334
T5_ARMOR_LEATHER_HELL@3	4335
T5_ARMOR_LEATHER_HELL@4	4336
T6_ARMOR_LEATHER_HELL	4337
T6_ARMOR_LEATHER_HELL@1	4338
T6_ARMOR_LEATHER_HELL@2	4339
T6_ARMOR_LEATHER_HELL@3	4340
T6_ARMOR_LEATHER_HELL@4	4341
T7_ARMOR_LEATHER_HELL	4342
T7_ARMOR_LEATHER_HELL@1	4343
T7_ARMOR_LEATHER_HELL@2	4344
T7_ARMOR_LEATHER_HELL@3	4345
T7_ARMOR_LEATHER_HELL@4	4346
T8_ARMOR_LEATHER_HELL	4347
T8_ARMOR_LEATHER_HELL@1	4348
T8_ARMOR_LEATHER_HELL@2	4349
T8_ARMOR_LEATHER_HELL@3	4350
T8_ARMOR_LEATHER_HELL@4	4351
T4_SHOES_LEATHER_HELL	4352
T4_SHOES_LEATHER_HELL@1	4353
T4_SHOES_LEATHER_HELL@2	4354
T4_SHOES_LEATHER_HELL@3	4355
T4_SHOES_LEATHER_HELL@4	4356
T5_SHOES_LEATHER_HELL	4357
T5_SHOES_LEATHER_HELL@1	4358
T5_SHOES_LEATHER_HELL@2	4359
T5_SHOES_LEATHER_HELL@3	4360
T5_SHOES_LEATHER_HELL@4	4361
T6_SHOES_LEATHER_HELL	4362
T6_SHOES_LEATHER_HELL@1	4363
T6_SHOES_LEATHER_HELL@2	4364
T6_SHOES_LEATHER_HELL@3	4365
T6_SHOES_LEATHER_HELL@4	4366
T7_SHOES_LEATHER_HELL	4367
T7_SHOES_LEATHER_HELL@1	4368
T7_SHOES_LEATHER_HELL@2	4369
T7_SHOES_LEATHER_HELL@3	4370
T7_SHOES_LEATHER_HELL@4	4371
T8_SHOES_LEATHER_HELL	4372
T8_SHOES_LEATHER_HELL@1	4373
T8_SHOES_LEATHER_HELL@2	4374
T8_SHOES_LEATHER_HELL@3	4375
T8_SHOES_LEATHER_HELL@4	4376
T4_HEAD_LEATHER_UNDEAD	4377
T4_HEAD_LEATHER_UNDEAD@1	4378
T4_HEAD_LEATHER_UNDEAD@2	4379
T4_HEAD_LEATHER_UNDEAD@3	4380
T4_HEAD_LEATHER_UNDEAD@4	4381
T5_HEAD_LEATHER_UNDEAD	4382
T5_HEAD_LEATHER_UNDEAD@1	4383
T5_HEAD_LEATHER_UNDEAD@2	4384
T5_HEAD_LEATHER_UNDEAD@3	4385
T5_HEAD_LEATHER_UNDEAD@4	4386
T6_HEAD_LEATHER_UNDEAD	4387
T6_HEAD_LEATHER_UNDEAD@1	4388
T6_HEAD_LEATHER_UNDEAD@2	4389
T6_HEAD_LEATHER_UNDEAD@3	4390
T6_HEAD_LEATHER_UNDEAD@4	4391
T7_HEAD_LEATHER_UNDEAD	4392
T7_HEAD_LEATHER_UNDEAD@1	4393
T7_HEAD_LEATHER_UNDEAD@2	4394
T7_HEAD_LEATHER_UNDEAD@3	4395
T7_HEAD_LEATHER_UNDEAD@4	4396
T8_HEAD_LEATHER_UNDEAD	4397
T8_HEAD_LEATHER_UNDEAD@1	4398
T8_HEAD_LEATHER_UNDEAD@2	4399
T8_HEAD_LEATHER_UNDEAD@3	4400
T8_HEAD_LEATHER_UNDEAD@4	4401
T4_ARMOR_LEATHER_UNDEAD	4402
T4_ARMOR_LEATHER_UNDEAD@1	4403
T4_ARMOR_LEATHER_UNDEAD@2	4404
T4_ARMOR_LEATHER_UNDEAD@3	4405
T4_ARMOR_LEATHER_UNDEAD@4	4406
T5_ARMOR_LEATHER_UNDEAD	4407
T5_ARMOR_LEATHER_UNDEAD@1	4408
T5_ARMOR_LEATHER_UNDEAD@2	4409
T5_ARMOR_LEATHER_UNDEAD@3	4410
T5_ARMOR_LEATHER_UNDEAD@4	4411
T6_ARMOR_LEATHER_UNDEAD	4412
T6_ARMOR_LEATHER_UNDEAD@1	4413
T6_ARMOR_LEATHER_UNDEAD@2	4414
T6_ARMOR_LEATHER_UNDEAD@3	4415
T6_ARMOR_LEATHER_UNDEAD@4	4416
T7_ARMOR_LEATHER_UNDEAD	4417
T7_ARMOR_LEATHER_UNDEAD@1	4418
T7_ARMOR_LEATHER_UNDEAD@2	4419
T7_ARMOR_LEATHER_UNDEAD@3	4420
T7_ARMOR_LEATHER_UNDEAD@4	4421
T8_ARMOR_LEATHER_UNDEAD	4422
T8_ARMOR_LEATHER_UNDEAD@1	4423
T8_ARMOR_LEATHER_UNDEAD@2	4424
T8_ARMOR_LEATHER_UNDEAD@3	4425
T8_ARMOR_LEATHER_UNDEAD@4	4426
T4_SHOES_LEATHER_UNDEAD	4427
T4_SHOES_LEATHER_UNDEAD@1	4428
T4_SHOES_LEATHER_UNDEAD@2	4429
T4_SHOES_LEATHER_UNDEAD@3	4430
T4_SHOES_LEATHER_UNDEAD@4	4431
T5_SHOES_LEATHER_UNDEAD	4432
T5_SHOES_LEATHER_UNDEAD@1	4433
T5_SHOES_LEATHER_UNDEAD@2	4434
T5_SHOES_LEATHER_UNDEAD@3	4435
T5_SHOES_LEATHER_UNDEAD@4	4436
T6_SHOES_LEATHER_UNDEAD	4437
T6_SHOES_LEATHER_UNDEAD@1	4438
T6_SHOES_LEATHER_UNDEAD@2	4439
T6_SHOES_LEATHER_UNDEAD@3	4440
T6_SHOES_LEATHER_UNDEAD@4	4441
T7_SHOES_LEATHER_UNDEAD	4442
T7_SHOES_LEATHER_UNDEAD@1	4443
T7_SHOES_LEATHER_UNDEAD@2	4444
T7_SHOES_LEATHER_UNDEAD@3	4445
T7_SHOES_LEATHER_UNDEAD@4	4446
T8_SHOES_LEATHER_UNDEAD	4447
T8_SHOES_LEATHER_UNDEAD@1	4448
T8_SHOES_LEATHER_UNDEAD@2	4449
T8_SHOES_LEATHER_UNDEAD@3	4450
T8_SHOES_LEATHER_UNDEAD@4	4451
T4_HEAD_LEATHER_FEY	4452
T4_HEAD_LEATHER_FEY@1	4453
T4_HEAD_LEATHER_FEY@2	4454
T4_HEAD_LEATHER_FEY@3	4455
T4_HEAD_LEATHER_FEY@4	4456
T5_HEAD_LEATHER_FEY	4457
T5_HEAD_LEATHER_FEY@1	4458
T5_HEAD_LEATHER_FEY@2	4459
T5_HEAD_LEATHER_FEY@3	4460
T5_HEAD_LEATHER_FEY@4	4461
T6_HEAD_LEATHER_FEY	4462
T6_HEAD_LEATHER_FEY@1	4463
T6_HEAD_LEATHER_FEY@2	4464
T6_HEAD_LEATHER_FEY@3	4465
T6_HEAD_LEATHER_FEY@4	4466
T7_HEAD_LEATHER_FEY	4467
T7_HEAD_LEATHER_FEY@1	4468
T7_HEAD_LEATHER_FEY@2	4469
T7_HEAD_LEATHER_FEY@3	4470
T7_HEAD_LEATHER_FEY@4	4471
T8_HEAD_LEATHER_FEY	4472
T8_HEAD_LEATHER_FEY@1	4473
T8_HEAD_LEATHER_FEY@2	4474
T8_HEAD_LEATHER_FEY@3	4475
T8_HEAD_LEATHER_FEY@4	4476
T4_ARMOR_LEATHER_FEY	4477
T4_ARMOR_LEATHER_FEY@1	4478
T4_ARMOR_LEATHER_FEY@2	4479
T4_ARMOR_LEATHER_FEY@3	4480
T4_ARMOR_LEATHER_FEY@4	4481
T5_ARMOR_LEATHER_FEY	4482
T5_ARMOR_LEATHER_FEY@1	4483
T5_ARMOR_LEATHER_FEY@2	4484
T5_ARMOR_LEATHER_FEY@3	4485
T5_ARMOR_LEATHER_FEY@4	4486
T6_ARMOR_LEATHER_FEY	4487
T6_ARMOR_LEATHER_FEY@1	4488
T6_ARMOR_LEATHER_FEY@2	4489
T6_ARMOR_LEATHER_FEY@3	4490
T6_ARMOR_LEATHER_FEY@4	4491
T7_ARMOR_LEATHER_FEY	4492
T7_ARMOR_LEATHER_FEY@1	4493
T7_ARMOR_LEATHER_FEY@2	4494
T7_ARMOR_LEATHER_FEY@3	4495
T7_ARMOR_LEATHER_FEY@4	4496
T8_ARMOR_LEATHER_FEY	4497
T8_ARMOR_LEATHER_FEY@1	4498
T8_ARMOR_LEATHER_FEY@2	4499
T8_ARMOR_LEATHER_FEY@3	4500
T8_ARMOR_LEATHER_FEY@4	4501
T4_SHOES_LEATHER_FEY	4502
T4_SHOES_LEATHER_FEY@1	4503
T4_SHOES_LEATHER_FEY@2	4504
T4_SHOES_LEATHER_FEY@3	4505
T4_SHOES_LEATHER_FEY@4	4506
T5_SHOES_LEATHER_FEY	4507
T5_SHOES_LEATHER_FEY@1	4508
T5_SHOES_LEATHER_FEY@2	4509
T5_SHOES_LEATHER_FEY@3	4510
T5_SHOES_LEATHER_FEY@4	4511
T6_SHOES_LEATHER_FEY	4512
T6_SHOES_LEATHER_FEY@1	4513
T6_SHOES_LEATHER_FEY@2	4514
T6_SHOES_LEATHER_FEY@3	4515
T6_SHOES_LEATHER_FEY@4	4516
T7_SHOES_LEATHER_FEY	4517
T7_SHOES_LEATHER_FEY@1	4518
T7_SHOES_LEATHER_FEY@2	4519
T7_SHOES_LEATHER_FEY@3	4520
T7_SHOES_LEATHER_FEY@4	4521
T8_SHOES_LEATHER_FEY	4522
T8_SHOES_LEATHER_FEY@1	4523
T8_SHOES_LEATHER_FEY@2	4524
T8_SHOES_LEATHER_FEY@3	4525
T8_SHOES_LEATHER_FEY@4	4526
T4_HEAD_LEATHER_AVALON	4527
T4_HEAD_LEATHER_AVALON@1	4528
T4_HEAD_LEATHER_AVALON@2	4529
T4_HEAD_LEATHER_AVALON@3	4530
T4_HEAD_LEATHER_AVALON@4	4531
T5_HEAD_LEATHER_AVALON	4532
T5_HEAD_LEATHER_AVALON@1	4533
T5_HEAD_LEATHER_AVALON@2	4534
T5_HEAD_LEATHER_AVALON@3	4535
T5_HEAD_LEATHER_AVALON@4	4536
T6_HEAD_LEATHER_AVALON	4537
T6_HEAD_LEATHER_AVALON@1	4538
T6_HEAD_LEATHER_AVALON@2	4539
T6_HEAD_LEATHER_AVALON@3	4540
T6_HEAD_LEATHER_AVALON@4	4541
T7_HEAD_LEATHER_AVALON	4542
T7_HEAD_LEATHER_AVALON@1	4543
T7_HEAD_LEATHER_AVALON@2	4544
T7_HEAD_LEATHER_AVALON@3	4545
T7_HEAD_LEATHER_AVALON@4	4546
T8_HEAD_LEATHER_AVALON	4547
T8_HEAD_LEATHER_AVALON@1	4548
T8_HEAD_LEATHER_AVALON@2	4549
T8_HEAD_LEATHER_AVALON@3	4550
T8_HEAD_LEATHER_AVALON@4	4551
T4_ARMOR_LEATHER_AVALON	4552
T4_ARMOR_LEATHER_AVALON@1	4553
T4_ARMOR_LEATHER_AVALON@2	4554
T4_ARMOR_LEATHER_AVALON@3	4555
T4_ARMOR_LEATHER_AVALON@4	4556
T5_ARMOR_LEATHER_AVALON	4557
T5_ARMOR_LEATHER_AVALON@1	4558
T5_ARMOR_LEATHER_AVALON@2	4559
T5_ARMOR_LEATHER_AVALON@3	4560
T5_ARMOR_LEATHER_AVALON@4	4561
T6_ARMOR_LEATHER_AVALON	4562
T6_ARMOR_LEATHER_AVALON@1	4563
T6_ARMOR_LEATHER_AVALON@2	4564
T6_ARMOR_LEATHER_AVALON@3	4565
T6_ARMOR_LEATHER_AVALON@4	4566
T7_ARMOR_LEATHER_AVALON	4567
T7_ARMOR_LEATHER_AVALON@1	4568
T7_ARMOR_LEATHER_AVALON@2	4569
T7_ARMOR_LEATHER_AVALON@3	4570
T7_ARMOR_LEATHER_AVALON@4	4571
T8_ARMOR_LEATHER_AVALON	4572
T8_ARMOR_LEATHER_AVALON@1	4573
T8_ARMOR_LEATHER_AVALON@2	4574
T8_ARMOR_LEATHER_AVALON@3	4575
T8_ARMOR_LEATHER_AVALON@4	4576
T4_SHOES_LEATHER_AVALON	4577
T4_SHOES_LEATHER_AVALON@1	4578
T4_SHOES_LEATHER_AVALON@2	4579
T4_SHOES_LEATHER_AVALON@3	4580
T4_SHOES_LEATHER_AVALON@4	4581
T5_SHOES_LEATHER_AVALON	4582
T5_SHOES_LEATHER_AVALON@1	4583
T5_SHOES_LEATHER_AVALON@2	4584
T5_SHOES_LEATHER_AVALON@3	4585
T5_SHOES_LEATHER_AVALON@4	4586
T6_SHOES_LEATHER_AVALON	4587
T6_SHOES_LEATHER_AVALON@1	4588
T6_SHOES_LEATHER_AVALON@2	4589
T6_SHOES_LEATHER_AVALON@3	4590
T6_SHOES_LEATHER_AVALON@4	4591
T7_SHOES_LEATHER_AVALON	4592
T7_SHOES_LEATHER_AVALON@1	4593
T7_SHOES_LEATHER_AVALON@2	4594
T7_SHOES_LEATHER_AVALON@3	4595
T7_SHOES_LEATHER_AVALON@4	4596
T8_SHOES_LEATHER_AVALON	4597
T8_SHOES_LEATHER_AVALON@1	4598
T8_SHOES_LEATHER_AVALON@2	4599
T8_SHOES_LEATHER_AVALON@3	4600
T8_SHOES_LEATHER_AVALON@4	4601
T2_HEAD_CLOTH_SET1	4602
T3_HEAD_CLOTH_SET1	4603
T4_HEAD_CLOTH_SET1	4604
T4_HEAD_CLOTH_SET1@1	4605
T4_HEAD_CLOTH_SET1@2	4606
T4_HEAD_CLOTH_SET1@3	4607
T4_HEAD_CLOTH_SET1@4	4608
T5_HEAD_CLOTH_SET1	4609
T5_HEAD_CLOTH_SET1@1	4610
T5_HEAD_CLOTH_SET1@2	4611
T5_HEAD_CLOTH_SET1@3	4612
T5_HEAD_CLOTH_SET1@4	4613
T6_HEAD_CLOTH_SET1	4614
T6_HEAD_CLOTH_SET1@1	4615
T6_HEAD_CLOTH_SET1@2	4616
T6_HEAD_CLOTH_SET1@3	4617
T6_HEAD_CLOTH_SET1@4	4618
T7_HEAD_CLOTH_SET1	4619
T7_HEAD_CLOTH_SET1@1	4620
T7_HEAD_CLOTH_SET1@2	4621
T7_HEAD_CLOTH_SET1@3	4622
T7_HEAD_CLOTH_SET1@4	4623
T8_HEAD_CLOTH_SET1	4624
T8_HEAD_CLOTH_SET1@1	4625
T8_HEAD_CLOTH_SET1@2	4626
T8_HEAD_CLOTH_SET1@3	4627
T8_HEAD_CLOTH_SET1@4	4628
T2_ARMOR_CLOTH_SET1	4629
T3_ARMOR_CLOTH_SET1	4630
T4_ARMOR_CLOTH_SET1	4631
T4_ARMOR_CLOTH_SET1@1	4632
T4_ARMOR_CLOTH_SET1@2	4633
T4_ARMOR_CLOTH_SET1@3	4634
T4_ARMOR_CLOTH_SET1@4	4635
T5_ARMOR_CLOTH_SET1	4636
T5_ARMOR_CLOTH_SET1@1	4637
T5_ARMOR_CLOTH_SET1@2	4638
T5_ARMOR_CLOTH_SET1@3	4639
T5_ARMOR_CLOTH_SET1@4	4640
T6_ARMOR_CLOTH_SET1	4641
T6_ARMOR_CLOTH_SET1@1	4642
T6_ARMOR_CLOTH_SET1@2	4643
T6_ARMOR_CLOTH_SET1@3	4644
T6_ARMOR_CLOTH_SET1@4	4645
T7_ARMOR_CLOTH_SET1	4646
T7_ARMOR_CLOTH_SET1@1	4647
T7_ARMOR_CLOTH_SET1@2	4648
T7_ARMOR_CLOTH_SET1@3	4649
T7_ARMOR_CLOTH_SET1@4	4650
T8_ARMOR_CLOTH_SET1	4651
T8_ARMOR_CLOTH_SET1@1	4652
T8_ARMOR_CLOTH_SET1@2	4653
T8_ARMOR_CLOTH_SET1@3	4654
T8_ARMOR_CLOTH_SET1@4	4655
T2_SHOES_CLOTH_SET1	4656
T3_SHOES_CLOTH_SET1	4657
T4_SHOES_CLOTH_SET1	4658
T4_SHOES_CLOTH_SET1@1	4659
T4_SHOES_CLOTH_SET1@2	4660
T4_SHOES_CLOTH_SET1@3	4661
T4_SHOES_CLOTH_SET1@4	4662
T5_SHOES_CLOTH_SET1	4663
T5_SHOES_CLOTH_SET1@1	4664
T5_SHOES_CLOTH_SET1@2	4665
T5_SHOES_CLOTH_SET1@3	4666
T5_SHOES_CLOTH_SET1@4	4667
T6_SHOES_CLOTH_SET1	4668
T6_SHOES_CLOTH_SET1@1	4669
T6_SHOES_CLOTH_SET1@2	4670
T6_SHOES_CLOTH_SET1@3	4671
T6_SHOES_CLOTH_SET1@4	4672
T7_SHOES_CLOTH_SET1	4673
T7_SHOES_CLOTH_SET1@1	4674
T7_SHOES_CLOTH_SET1@2	4675
T7_SHOES_CLOTH_SET1@3	4676
T7_SHOES_CLOTH_SET1@4	4677
T8_SHOES_CLOTH_SET1	4678
T8_SHOES_CLOTH_SET1@1	4679
T8_SHOES_CLOTH_SET1@2	4680
T8_SHOES_CLOTH_SET1@3	4681
T8_SHOES_CLOTH_SET1@4	4682
T4_HEAD_CLOTH_SET2	4683
T4_HEAD_CLOTH_SET2@1	4684
T4_HEAD_CLOTH_SET2@2	4685
T4_HEAD_CLOTH_SET2@3	4686
T4_HEAD_CLOTH_SET2@4	4687
T5_HEAD_CLOTH_SET2	4688
T5_HEAD_CLOTH_SET2@1	4689
T5_HEAD_CLOTH_SET2@2	4690
T5_HEAD_CLOTH_SET2@3	4691
T5_HEAD_CLOTH_SET2@4	4692
T6_HEAD_CLOTH_SET2	4693
T6_HEAD_CLOTH_SET2@1	4694
T6_HEAD_CLOTH_SET2@2	4695
T6_HEAD_CLOTH_SET2@3	4696
T6_HEAD_CLOTH_SET2@4	4697
T7_HEAD_CLOTH_SET2	4698
T7_HEAD_CLOTH_SET2@1	4699
T7_HEAD_CLOTH_SET2@2	4700
T7_HEAD_CLOTH_SET2@3	4701
T7_HEAD_CLOTH_SET2@4	4702
T8_HEAD_CLOTH_SET2	4703
T8_HEAD_CLOTH_SET2@1	4704
T8_HEAD_CLOTH_SET2@2	4705
T8_HEAD_CLOTH_SET2@3	4706
T8_HEAD_CLOTH_SET2@4	4707
T4_ARMOR_CLOTH_SET2	4708
T4_ARMOR_CLOTH_SET2@1	4709
T4_ARMOR_CLOTH_SET2@2	4710
T4_ARMOR_CLOTH_SET2@3	4711
T4_ARMOR_CLOTH_SET2@4	4712
T5_ARMOR_CLOTH_SET2	4713
T5_ARMOR_CLOTH_SET2@1	4714
T5_ARMOR_CLOTH_SET2@2	4715
T5_ARMOR_CLOTH_SET2@3	4716
T5_ARMOR_CLOTH_SET2@4	4717
T6_ARMOR_CLOTH_SET2	4718
T6_ARMOR_CLOTH_SET2@1	4719
T6_ARMOR_CLOTH_SET2@2	4720
T6_ARMOR_CLOTH_SET2@3	4721
T6_ARMOR_CLOTH_SET2@4	4722
T7_ARMOR_CLOTH_SET2	4723
T7_ARMOR_CLOTH_SET2@1	4724
T7_ARMOR_CLOTH_SET2@2	4725
T7_ARMOR_CLOTH_SET2@3	4726
T7_ARMOR_CLOTH_SET2@4	4727
T8_ARMOR_CLOTH_SET2	4728
T8_ARMOR_CLOTH_SET2@1	4729
T8_ARMOR_CLOTH_SET2@2	4730
T8_ARMOR_CLOTH_SET2@3	4731
T8_ARMOR_CLOTH_SET2@4	4732
T4_SHOES_CLOTH_SET2	4733
T4_SHOES_CLOTH_SET2@1	4734
T4_SHOES_CLOTH_SET2@2	4735
T4_SHOES_CLOTH_SET2@3	4736
T4_SHOES_CLOTH_SET2@4	4737
T5_SHOES_CLOTH_SET2	4738
T5_SHOES_CLOTH_SET2@1	4739
T5_SHOES_CLOTH_SET2@2	4740
T5_SHOES_CLOTH_SET2@3	4741
T5_SHOES_CLOTH_SET2@4	4742
T6_SHOES_CLOTH_SET2	4743
T6_SHOES_CLOTH_SET2@1	4744
T6_SHOES_CLOTH_SET2@2	4745
T6_SHOES_CLOTH_SET2@3	4746
T6_SHOES_CLOTH_SET2@4	4747
T7_SHOES_CLOTH_SET2	4748
T7_SHOES_CLOTH_SET2@1	4749
T7_SHOES_CLOTH_SET2@2	4750
T7_SHOES_CLOTH_SET2@3	4751
T7_SHOES_CLOTH_SET2@4	4752
T8_SHOES_CLOTH_SET2	4753
T8_SHOES_CLOTH_SET2@1	4754
T8_SHOES_CLOTH_SET2@2	4755
T8_SHOES_CLOTH_SET2@3	4756
T8_SHOES_CLOTH_SET2@4	4757
T4_HEAD_CLOTH_SET3	4758
T4_HEAD_CLOTH_SET3@1	4759
T4_HEAD_CLOTH_SET3@2	4760
T4_HEAD_CLOTH_SET3@3	4761
T4_HEAD_CLOTH_SET3@4	4762
T5_HEAD_CLOTH_SET3	4763
T5_HEAD_CLOTH_SET3@1	4764
T5_HEAD_CLOTH_SET3@2	4765
T5_HEAD_CLOTH_SET3@3	4766
T5_HEAD_CLOTH_SET3@4	4767
T6_HEAD_CLOTH_SET3	4768
T6_HEAD_CLOTH_SET3@1	4769
T6_HEAD_CLOTH_SET3@2	4770
T6_HEAD_CLOTH_SET3@3	4771
T6_HEAD_CLOTH_SET3@4	4772
T7_HEAD_CLOTH_SET3	4773
T7_HEAD_CLOTH_SET3@1	4774
T7_HEAD_CLOTH_SET3@2	4775
T7_HEAD_CLOTH_SET3@3	4776
T7_HEAD_CLOTH_SET3@4	4777
T8_HEAD_CLOTH_SET3	4778
T8_HEAD_CLOTH_SET3@1	4779
T8_HEAD_CLOTH_SET3@2	4780
T8_HEAD_CLOTH_SET3@3	4781
T8_HEAD_CLOTH_SET3@4	4782
T4_ARMOR_CLOTH_SET3	4783
T4_ARMOR_CLOTH_SET3@1	4784
T4_ARMOR_CLOTH_SET3@2	4785
T4_ARMOR_CLOTH_SET3@3	4786
T4_ARMOR_CLOTH_SET3@4	4787
T5_ARMOR_CLOTH_SET3	4788
T5_ARMOR_CLOTH_SET3@1	4789
T5_ARMOR_CLOTH_SET3@2	4790
T5_ARMOR_CLOTH_SET3@3	4791
T5_ARMOR_CLOTH_SET3@4	4792
T6_ARMOR_CLOTH_SET3	4793
T6_ARMOR_CLOTH_SET3@1	4794
T6_ARMOR_CLOTH_SET3@2	4795
T6_ARMOR_CLOTH_SET3@3	4796
T6_ARMOR_CLOTH_SET3@4	4797
T7_ARMOR_CLOTH_SET3	4798
T7_ARMOR_CLOTH_SET3@1	4799
T7_ARMOR_CLOTH_SET3@2	4800
T7_ARMOR_CLOTH_SET3@3	4801
T7_ARMOR_CLOTH_SET3@4	4802
T8_ARMOR_CLOTH_SET3	4803
T8_ARMOR_CLOTH_SET3@1	4804
T8_ARMOR_CLOTH_SET3@2	4805
T8_ARMOR_CLOTH_SET3@3	4806
T8_ARMOR_CLOTH_SET3@4	4807
T4_SHOES_CLOTH_SET3	4808
T4_SHOES_CLOTH_SET3@1	4809
T4_SHOES_CLOTH_SET3@2	4810
T4_SHOES_CLOTH_SET3@3	4811
T4_SHOES_CLOTH_SET3@4	4812
T5_SHOES_CLOTH_SET3	4813
T5_SHOES_CLOTH_SET3@1	4814
T5_SHOES_CLOTH_SET3@2	4815
T5_SHOES_CLOTH_SET3@3	4816
T5_SHOES_CLOTH_SET3@4	4817
T6_SHOES_CLOTH_SET3	4818
T6_SHOES_CLOTH_SET3@1	4819
T6_SHOES_CLOTH_SET3@2	4820
T6_SHOES_CLOTH_SET3@3	4821
T6_SHOES_CLOTH_SET3@4	4822
T7_SHOES_CLOTH_SET3	4823
T7_SHOES_CLOTH_SET3@1	4824
T7_SHOES_CLOTH_SET3@2	4825
T7_SHOES_CLOTH_SET3@3	4826
T7_SHOES_CLOTH_SET3@4	4827
T8_SHOES_CLOTH_SET3	4828
T8_SHOES_CLOTH_SET3@1	4829
T8_SHOES_CLOTH_SET3@2	4830
T8_SHOES_CLOTH_SET3@3	4831
T8_SHOES_CLOTH_SET3@4	4832
T4_HEAD_CLOTH_KEEPER	4833
T4_HEAD_CLOTH_KEEPER@1	4834
T4_HEAD_CLOTH_KEEPER@2	4835
T4_HEAD_CLOTH_KEEPER@3	4836
T4_HEAD_CLOTH_KEEPER@4	4837
T5_HEAD_CLOTH_KEEPER	4838
T5_HEAD_CLOTH_KEEPER@1	4839
T5_HEAD_CLOTH_KEEPER@2	4840
T5_HEAD_CLOTH_KEEPER@3	4841
T5_HEAD_CLOTH_KEEPER@4	4842
T6_HEAD_CLOTH_KEEPER	4843
T6_HEAD_CLOTH_KEEPER@1	4844
T6_HEAD_CLOTH_KEEPER@2	4845
T6_HEAD_CLOTH_KEEPER@3	4846
T6_HEAD_CLOTH_KEEPER@4	4847
T7_HEAD_CLOTH_KEEPER	4848
T7_HEAD_CLOTH_KEEPER@1	4849
T7_HEAD_CLOTH_KEEPER@2	4850
T7_HEAD_CLOTH_KEEPER@3	4851
T7_HEAD_CLOTH_KEEPER@4	4852
T8_HEAD_CLOTH_KEEPER	4853
T8_HEAD_CLOTH_KEEPER@1	4854
T8_HEAD_CLOTH_KEEPER@2	4855
T8_HEAD_CLOTH_KEEPER@3	4856
T8_HEAD_CLOTH_KEEPER@4	4857
T4_ARMOR_CLOTH_KEEPER	4858
T4_ARMOR_CLOTH_KEEPER@1	4859
T4_ARMOR_CLOTH_KEEPER@2	4860
T4_ARMOR_CLOTH_KEEPER@3	4861
T4_ARMOR_CLOTH_KEEPER@4	4862
T5_ARMOR_CLOTH_KEEPER	4863
T5_ARMOR_CLOTH_KEEPER@1	4864
T5_ARMOR_CLOTH_KEEPER@2	4865
T5_ARMOR_CLOTH_KEEPER@3	4866
T5_ARMOR_CLOTH_KEEPER@4	4867
T6_ARMOR_CLOTH_KEEPER	4868
T6_ARMOR_CLOTH_KEEPER@1	4869
T6_ARMOR_CLOTH_KEEPER@2	4870
T6_ARMOR_CLOTH_KEEPER@3	4871
T6_ARMOR_CLOTH_KEEPER@4	4872
T7_ARMOR_CLOTH_KEEPER	4873
T7_ARMOR_CLOTH_KEEPER@1	4874
T7_ARMOR_CLOTH_KEEPER@2	4875
T7_ARMOR_CLOTH_KEEPER@3	4876
T7_ARMOR_CLOTH_KEEPER@4	4877
T8_ARMOR_CLOTH_KEEPER	4878
T8_ARMOR_CLOTH_KEEPER@1	4879
T8_ARMOR_CLOTH_KEEPER@2	4880
T8_ARMOR_CLOTH_KEEPER@3	4881
T8_ARMOR_CLOTH_KEEPER@4	4882
T4_SHOES_CLOTH_KEEPER	4883
T4_SHOES_CLOTH_KEEPER@1	4884
T4_SHOES_CLOTH_KEEPER@2	4885
T4_SHOES_CLOTH_KEEPER@3	4886
T4_SHOES_CLOTH_KEEPER@4	4887
T5_SHOES_CLOTH_KEEPER	4888
T5_SHOES_CLOTH_KEEPER@1	4889
T5_SHOES_CLOTH_KEEPER@2	4890
T5_SHOES_CLOTH_KEEPER@3	4891
T5_SHOES_CLOTH_KEEPER@4	4892
T6_SHOES_CLOTH_KEEPER	4893
T6_SHOES_CLOTH_KEEPER@1	4894
T6_SHOES_CLOTH_KEEPER@2	4895
T6_SHOES_CLOTH_KEEPER@3	4896
T6_SHOES_CLOTH_KEEPER@4	4897
T7_SHOES_CLOTH_KEEPER	4898
T7_SHOES_CLOTH_KEEPER@1	4899
T7_SHOES_CLOTH_KEEPER@2	4900
T7_SHOES_CLOTH_KEEPER@3	4901
T7_SHOES_CLOTH_KEEPER@4	4902
T8_SHOES_CLOTH_KEEPER	4903
T8_SHOES_CLOTH_KEEPER@1	4904
T8_SHOES_CLOTH_KEEPER@2	4905
T8_SHOES_CLOTH_KEEPER@3	4906
T8_SHOES_CLOTH_KEEPER@4	4907
T4_HEAD_CLOTH_HELL	4908
T4_HEAD_CLOTH_HELL@1	4909
T4_HEAD_CLOTH_HELL@2	4910
T4_HEAD_CLOTH_HELL@3	4911
T4_HEAD_CLOTH_HELL@4	4912
T5_HEAD_CLOTH_HELL	4913
T5_HEAD_CLOTH_HELL@1	4914
T5_HEAD_CLOTH_HELL@2	4915
T5_HEAD_CLOTH_HELL@3	4916
T5_HEAD_CLOTH_HELL@4	4917
T6_HEAD_CLOTH_HELL	4918
T6_HEAD_CLOTH_HELL@1	4919
T6_HEAD_CLOTH_HELL@2	4920
T6_HEAD_CLOTH_HELL@3	4921
T6_HEAD_CLOTH_HELL@4	4922
T7_HEAD_CLOTH_HELL	4923
T7_HEAD_CLOTH_HELL@1	4924
T7_HEAD_CLOTH_HELL@2	4925
T7_HEAD_CLOTH_HELL@3	4926
T7_HEAD_CLOTH_HELL@4	4927
T8_HEAD_CLOTH_HELL	4928
T8_HEAD_CLOTH_HELL@1	4929
T8_HEAD_CLOTH_HELL@2	4930
T8_HEAD_CLOTH_HELL@3	4931
T8_HEAD_CLOTH_HELL@4	4932
T4_ARMOR_CLOTH_HELL	4933
T4_ARMOR_CLOTH_HELL@1	4934
T4_ARMOR_CLOTH_HELL@2	4935
T4_ARMOR_CLOTH_HELL@3	4936
T4_ARMOR_CLOTH_HELL@4	4937
T5_ARMOR_CLOTH_HELL	4938
T5_ARMOR_CLOTH_HELL@1	4939
T5_ARMOR_CLOTH_HELL@2	4940
T5_ARMOR_CLOTH_HELL@3	4941
T5_ARMOR_CLOTH_HELL@4	4942
T6_ARMOR_CLOTH_HELL	4943
T6_ARMOR_CLOTH_HELL@1	4944
T6_ARMOR_CLOTH_HELL@2	4945
T6_ARMOR_CLOTH_HELL@3	4946
T6_ARMOR_CLOTH_HELL@4	4947
T7_ARMOR_CLOTH_HELL	4948
T7_ARMOR_CLOTH_HELL@1	4949
T7_ARMOR_CLOTH_HELL@2	4950
T7_ARMOR_CLOTH_HELL@3	4951
T7_ARMOR_CLOTH_HELL@4	4952
T8_ARMOR_CLOTH_HELL	4953
T8_ARMOR_CLOTH_HELL@1	4954
T8_ARMOR_CLOTH_HELL@2	4955
T8_ARMOR_CLOTH_HELL@3	4956
T8_ARMOR_CLOTH_HELL@4	4957
T4_SHOES_CLOTH_HELL	4958
T4_SHOES_CLOTH_HELL@1	4959
T4_SHOES_CLOTH_HELL@2	4960
T4_SHOES_CLOTH_HELL@3	4961
T4_SHOES_CLOTH_HELL@4	4962
T5_SHOES_CLOTH_HELL	4963
T5_SHOES_CLOTH_HELL@1	4964
T5_SHOES_CLOTH_HELL@2	4965
T5_SHOES_CLOTH_HELL@3	4966
T5_SHOES_CLOTH_HELL@4	4967
T6_SHOES_CLOTH_HELL	4968
T6_SHOES_CLOTH_HELL@1	4969
T6_SHOES_CLOTH_HELL@2	4970
T6_SHOES_CLOTH_HELL@3	4971
T6_SHOES_CLOTH_HELL@4	4972
T7_SHOES_CLOTH_HELL	4973
T7_SHOES_CLOTH_HELL@1	4974
T7_SHOES_CLOTH_HELL@2	4975
T7_SHOES_CLOTH_HELL@3	4976
T7_SHOES_CLOTH_HELL@4	4977
T8_SHOES_CLOTH_HELL	4978
T8_SHOES_CLOTH_HELL@1	4979
T8_SHOES_CLOTH_HELL@2	4980
T8_SHOES_CLOTH_HELL@3	4981
T8_SHOES_CLOTH_HELL@4	4982
T4_HEAD_CLOTH_MORGANA	4983
T4_HEAD_CLOTH_MORGANA@1	4984
T4_HEAD_CLOTH_MORGANA@2	4985
T4_HEAD_CLOTH_MORGANA@3	4986
T4_HEAD_CLOTH_MORGANA@4	4987
T5_HEAD_CLOTH_MORGANA	4988
T5_HEAD_CLOTH_MORGANA@1	4989
T5_HEAD_CLOTH_MORGANA@2	4990
T5_HEAD_CLOTH_MORGANA@3	4991
T5_HEAD_CLOTH_MORGANA@4	4992
T6_HEAD_CLOTH_MORGANA	4993
T6_HEAD_CLOTH_MORGANA@1	4994
T6_HEAD_CLOTH_MORGANA@2	4995
T6_HEAD_CLOTH_MORGANA@3	4996
T6_HEAD_CLOTH_MORGANA@4	4997
T7_HEAD_CLOTH_MORGANA	4998
T7_HEAD_CLOTH_MORGANA@1	4999
T7_HEAD_CLOTH_MORGANA@2	5000
T7_HEAD_CLOTH_MORGANA@3	5001
T7_HEAD_CLOTH_MORGANA@4	5002
T8_HEAD_CLOTH_MORGANA	5003
T8_HEAD_CLOTH_MORGANA@1	5004
T8_HEAD_CLOTH_MORGANA@2	5005
T8_HEAD_CLOTH_MORGANA@3	5006
T8_HEAD_CLOTH_MORGANA@4	5007
T4_ARMOR_CLOTH_MORGANA	5008
T4_ARMOR_CLOTH_MORGANA@1	5009
T4_ARMOR_CLOTH_MORGANA@2	5010
T4_ARMOR_CLOTH_MORGANA@3	5011
T4_ARMOR_CLOTH_MORGANA@4	5012
T5_ARMOR_CLOTH_MORGANA	5013
T5_ARMOR_CLOTH_MORGANA@1	5014
T5_ARMOR_CLOTH_MORGANA@2	5015
T5_ARMOR_CLOTH_MORGANA@3	5016
T5_ARMOR_CLOTH_MORGANA@4	5017
T6_ARMOR_CLOTH_MORGANA	5018
T6_ARMOR_CLOTH_MORGANA@1	5019
T6_ARMOR_CLOTH_MORGANA@2	5020
T6_ARMOR_CLOTH_MORGANA@3	5021
T6_ARMOR_CLOTH_MORGANA@4	5022
T7_ARMOR_CLOTH_MORGANA	5023
T7_ARMOR_CLOTH_MORGANA@1	5024
T7_ARMOR_CLOTH_MORGANA@2	5025
T7_ARMOR_CLOTH_MORGANA@3	5026
T7_ARMOR_CLOTH_MORGANA@4	5027
T8_ARMOR_CLOTH_MORGANA	5028
T8_ARMOR_CLOTH_MORGANA@1	5029
T8_ARMOR_CLOTH_MORGANA@2	5030
T8_ARMOR_CLOTH_MORGANA@3	5031
T8_ARMOR_CLOTH_MORGANA@4	5032
T4_SHOES_CLOTH_MORGANA	5033
T4_SHOES_CLOTH_MORGANA@1	5034
T4_SHOES_CLOTH_MORGANA@2	5035
T4_SHOES_CLOTH_MORGANA@3	5036
T4_SHOES_CLOTH_MORGANA@4	5037
T5_SHOES_CLOTH_MORGANA	5038
T5_SHOES_CLOTH_MORGANA@1	5039
T5_SHOES_CLOTH_MORGANA@2	5040
T5_SHOES_CLOTH_MORGANA@3	5041
T5_SHOES_CLOTH_MORGANA@4	5042
T6_SHOES_CLOTH_MORGANA	5043
T6_SHOES_CLOTH_MORGANA@1	5044
T6_SHOES_CLOTH_MORGANA@2	5045
T6_SHOES_CLOTH_MORGANA@3	5046
T6_SHOES_CLOTH_MORGANA@4	5047
T7_SHOES_CLOTH_MORGANA	5048
T7_SHOES_CLOTH_MORGANA@1	5049
T7_SHOES_CLOTH_MORGANA@2	5050
T7_SHOES_CLOTH_MORGANA@3	5051
T7_SHOES_CLOTH_MORGANA@4	5052
T8_SHOES_CLOTH_MORGANA	5053
T8_SHOES_CLOTH_MORGANA@1	5054
T8_SHOES_CLOTH_MORGANA@2	5055
T8_SHOES_CLOTH_MORGANA@3	5056
T8_SHOES_CLOTH_MORGANA@4	5057
T4_HEAD_CLOTH_FEY	5058
T4_HEAD_CLOTH_FEY@1	5059
T4_HEAD_CLOTH_FEY@2	5060
T4_HEAD_CLOTH_FEY@3	5061
T4_HEAD_CLOTH_FEY@4	5062
T5_HEAD_CLOTH_FEY	5063
T5_HEAD_CLOTH_FEY@1	5064
T5_HEAD_CLOTH_FEY@2	5065
T5_HEAD_CLOTH_FEY@3	5066
T5_HEAD_CLOTH_FEY@4	5067
T6_HEAD_CLOTH_FEY	5068
T6_HEAD_CLOTH_FEY@1	5069
T6_HEAD_CLOTH_FEY@2	5070
T6_HEAD_CLOTH_FEY@3	5071
T6_HEAD_CLOTH_FEY@4	5072
T7_HEAD_CLOTH_FEY	5073
T7_HEAD_CLOTH_FEY@1	5074
T7_HEAD_CLOTH_FEY@2	5075
T7_HEAD_CLOTH_FEY@3	5076
T7_HEAD_CLOTH_FEY@4	5077
T8_HEAD_CLOTH_FEY	5078
T8_HEAD_CLOTH_FEY@1	5079
T8_HEAD_CLOTH_FEY@2	5080
T8_HEAD_CLOTH_FEY@3	5081
T8_HEAD_CLOTH_FEY@4	5082
T4_ARMOR_CLOTH_FEY	5083
T4_ARMOR_CLOTH_FEY@1	5084
T4_ARMOR_CLOTH_FEY@2	5085
T4_ARMOR_CLOTH_FEY@3	5086
T4_ARMOR_CLOTH_FEY@4	5087
T5_ARMOR_CLOTH_FEY	5088
T5_ARMOR_CLOTH_FEY@1	5089
T5_ARMOR_CLOTH_FEY@2	5090
T5_ARMOR_CLOTH_FEY@3	5091
T5_ARMOR_CLOTH_FEY@4	5092
T6_ARMOR_CLOTH_FEY	5093
T6_ARMOR_CLOTH_FEY@1	5094
T6_ARMOR_CLOTH_FEY@2	5095
T6_ARMOR_CLOTH_FEY@3	5096
T6_ARMOR_CLOTH_FEY@4	5097
T7_ARMOR_CLOTH_FEY	5098
T7_ARMOR_CLOTH_FEY@1	5099
T7_ARMOR_CLOTH_FEY@2	5100
T7_ARMOR_CLOTH_FEY@3	5101
T7_ARMOR_CLOTH_FEY@4	5102
T8_ARMOR_CLOTH_FEY	5103
T8_ARMOR_CLOTH_FEY@1	5104
T8_ARMOR_CLOTH_FEY@2	5105
T8_ARMOR_CLOTH_FEY@3	5106
T8_ARMOR_CLOTH_FEY@4	5107
T4_SHOES_CLOTH_FEY	5108
T4_SHOES_CLOTH_FEY@1	5109
T4_SHOES_CLOTH_FEY@2	5110
T4_SHOES_CLOTH_FEY@3	5111
T4_SHOES_CLOTH_FEY@4	5112
T5_SHOES_CLOTH_FEY	5113
T5_SHOES_CLOTH_FEY@1	5114
T5_SHOES_CLOTH_FEY@2	5115
T5_SHOES_CLOTH_FEY@3	5116
T5_SHOES_CLOTH_FEY@4	5117
T6_SHOES_CLOTH_FEY	5118
T6_SHOES_CLOTH_FEY@1	5119
T6_SHOES_CLOTH_FEY@2	5120
T6_SHOES_CLOTH_FEY@3	5121
T6_SHOES_CLOTH_FEY@4	5122
T7_SHOES_CLOTH_FEY	5123
T7_SHOES_CLOTH_FEY@1	5124
T7_SHOES_CLOTH_FEY@2	5125
T7_SHOES_CLOTH_FEY@3	5126
T7_SHOES_CLOTH_FEY@4	5127
T8_SHOES_CLOTH_FEY	5128
T8_SHOES_CLOTH_FEY@1	5129
T8_SHOES_CLOTH_FEY@2	5130
T8_SHOES_CLOTH_FEY@3	5131
T8_SHOES_CLOTH_FEY@4	5132
T4_HEAD_CLOTH_AVALON	5133
T4_HEAD_CLOTH_AVALON@1	5134
T4_HEAD_CLOTH_AVALON@2	5135
T4_HEAD_CLOTH_AVALON@3	5136
T4_HEAD_CLOTH_AVALON@4	5137
T5_HEAD_CLOTH_AVALON	5138
T5_HEAD_CLOTH_AVALON@1	5139
T5_HEAD_CLOTH_AVALON@2	5140
T5_HEAD_CLOTH_AVALON@3	5141
T5_HEAD_CLOTH_AVALON@4	5142
T6_HEAD_CLOTH_AVALON	5143
T6_HEAD_CLOTH_AVALON@1	5144
T6_HEAD_CLOTH_AVALON@2	5145
T6_HEAD_CLOTH_AVALON@3	5146
T6_HEAD_CLOTH_AVALON@4	5147
T7_HEAD_CLOTH_AVALON	5148
T7_HEAD_CLOTH_AVALON@1	5149
T7_HEAD_CLOTH_AVALON@2	5150
T7_HEAD_CLOTH_AVALON@3	5151
T7_HEAD_CLOTH_AVALON@4	5152
T8_HEAD_CLOTH_AVALON	5153
T8_HEAD_CLOTH_AVALON@1	5154
T8_HEAD_CLOTH_AVALON@2	5155
T8_HEAD_CLOTH_AVALON@3	5156
T8_HEAD_CLOTH_AVALON@4	5157
T4_ARMOR_CLOTH_AVALON	5158
T4_ARMOR_CLOTH_AVALON@1	5159
T4_ARMOR_CLOTH_AVALON@2	5160
T4_ARMOR_CLOTH_AVALON@3	5161
T4_ARMOR_CLOTH_AVALON@4	5162
T5_ARMOR_CLOTH_AVALON	5163
T5_ARMOR_CLOTH_AVALON@1	5164
T5_ARMOR_CLOTH_AVALON@2	5165
T5_ARMOR_CLOTH_AVALON@3	5166
T5_ARMOR_CLOTH_AVALON@4	5167
T6_ARMOR_CLOTH_AVALON	5168
T6_ARMOR_CLOTH_AVALON@1	5169
T6_ARMOR_CLOTH_AVALON@2	5170
T6_ARMOR_CLOTH_AVALON@3	5171
T6_ARMOR_CLOTH_AVALON@4	5172
T7_ARMOR_CLOTH_AVALON	5173
T7_ARMOR_CLOTH_AVALON@1	5174
T7_ARMOR_CLOTH_AVALON@2	5175
T7_ARMOR_CLOTH_AVALON@3	5176
T7_ARMOR_CLOTH_AVALON@4	5177
T8_ARMOR_CLOTH_AVALON	5178
T8_ARMOR_CLOTH_AVALON@1	5179
T8_ARMOR_CLOTH_AVALON@2	5180
T8_ARMOR_CLOTH_AVALON@3	5181
T8_ARMOR_CLOTH_AVALON@4	5182
T4_SHOES_CLOTH_AVALON	5183
T4_SHOES_CLOTH_AVALON@1	5184
T4_SHOES_CLOTH_AVALON@2	5185
T4_SHOES_CLOTH_AVALON@3	5186
T4_SHOES_CLOTH_AVALON@4	5187
T5_SHOES_CLOTH_AVALON	5188
T5_SHOES_CLOTH_AVALON@1	5189
T5_SHOES_CLOTH_AVALON@2	5190
T5_SHOES_CLOTH_AVALON@3	5191
T5_SHOES_CLOTH_AVALON@4	5192
T6_SHOES_CLOTH_AVALON	5193
T6_SHOES_CLOTH_AVALON@1	5194
T6_SHOES_CLOTH_AVALON@2	5195
T6_SHOES_CLOTH_AVALON@3	5196
T6_SHOES_CLOTH_AVALON@4	5197
T7_SHOES_CLOTH_AVALON	5198
T7_SHOES_CLOTH_AVALON@1	5199
T7_SHOES_CLOTH_AVALON@2	5200
T7_SHOES_CLOTH_AVALON@3	5201
T7_SHOES_CLOTH_AVALON@4	5202
T8_SHOES_CLOTH_AVALON	5203
T8_SHOES_CLOTH_AVALON@1	5204
T8_SHOES_CLOTH_AVALON@2	5205
T8_SHOES_CLOTH_AVALON@3	5206
T8_SHOES_CLOTH_AVALON@4	5207
T4_HEAD_CLOTH_ROYAL	5208
T4_HEAD_CLOTH_ROYAL@1	5209
T4_HEAD_CLOTH_ROYAL@2	5210
T4_HEAD_CLOTH_ROYAL@3	5211
T4_HEAD_CLOTH_ROYAL@4	5212
T5_HEAD_CLOTH_ROYAL	5213
T5_HEAD_CLOTH_ROYAL@1	5214
T5_HEAD_CLOTH_ROYAL@2	5215
T5_HEAD_CLOTH_ROYAL@3	5216
T5_HEAD_CLOTH_ROYAL@4	5217
T6_HEAD_CLOTH_ROYAL	5218
T6_HEAD_CLOTH_ROYAL@1	5219
T6_HEAD_CLOTH_ROYAL@2	5220
T6_HEAD_CLOTH_ROYAL@3	5221
T6_HEAD_CLOTH_ROYAL@4	5222
T7_HEAD_CLOTH_ROYAL	5223
T7_HEAD_CLOTH_ROYAL@1	5224
T7_HEAD_CLOTH_ROYAL@2	5225
T7_HEAD_CLOTH_ROYAL@3	5226
T7_HEAD_CLOTH_ROYAL@4	5227
T8_HEAD_CLOTH_ROYAL	5228
T8_HEAD_CLOTH_ROYAL@1	5229
T8_HEAD_CLOTH_ROYAL@2	5230
T8_HEAD_CLOTH_ROYAL@3	5231
T8_HEAD_CLOTH_ROYAL@4	5232
T4_ARMOR_CLOTH_ROYAL	5233
T4_ARMOR_CLOTH_ROYAL@1	5234
T4_ARMOR_CLOTH_ROYAL@2	5235
T4_ARMOR_CLOTH_ROYAL@3	5236
T4_ARMOR_CLOTH_ROYAL@4	5237
T5_ARMOR_CLOTH_ROYAL	5238
T5_ARMOR_CLOTH_ROYAL@1	5239
T5_ARMOR_CLOTH_ROYAL@2	5240
T5_ARMOR_CLOTH_ROYAL@3	5241
T5_ARMOR_CLOTH_ROYAL@4	5242
T6_ARMOR_CLOTH_ROYAL	5243
T6_ARMOR_CLOTH_ROYAL@1	5244
T6_ARMOR_CLOTH_ROYAL@2	5245
T6_ARMOR_CLOTH_ROYAL@3	5246
T6_ARMOR_CLOTH_ROYAL@4	5247
T7_ARMOR_CLOTH_ROYAL	5248
T7_ARMOR_CLOTH_ROYAL@1	5249
T7_ARMOR_CLOTH_ROYAL@2	5250
T7_ARMOR_CLOTH_ROYAL@3	5251
T7_ARMOR_CLOTH_ROYAL@4	5252
T8_ARMOR_CLOTH_ROYAL	5253
T8_ARMOR_CLOTH_ROYAL@1	5254
T8_ARMOR_CLOTH_ROYAL@2	5255
T8_ARMOR_CLOTH_ROYAL@3	5256
T8_ARMOR_CLOTH_ROYAL@4	5257
T4_SHOES_CLOTH_ROYAL	5258
T4_SHOES_CLOTH_ROYAL@1	5259
T4_SHOES_CLOTH_ROYAL@2	5260
T4_SHOES_CLOTH_ROYAL@3	5261
T4_SHOES_CLOTH_ROYAL@4	5262
T5_SHOES_CLOTH_ROYAL	5263
T5_SHOES_CLOTH_ROYAL@1	5264
T5_SHOES_CLOTH_ROYAL@2	5265
T5_SHOES_CLOTH_ROYAL@3	5266
T5_SHOES_CLOTH_ROYAL@4	5267
T6_SHOES_CLOTH_ROYAL	5268
T6_SHOES_CLOTH_ROYAL@1	5269
T6_SHOES_CLOTH_ROYAL@2	5270
T6_SHOES_CLOTH_ROYAL@3	5271
T6_SHOES_CLOTH_ROYAL@4	5272
T7_SHOES_CLOTH_ROYAL	5273
T7_SHOES_CLOTH_ROYAL@1	5274
T7_SHOES_CLOTH_ROYAL@2	5275
T7_SHOES_CLOTH_ROYAL@3	5276
T7_SHOES_CLOTH_ROYAL@4	5277
T8_SHOES_CLOTH_ROYAL	5278
T8_SHOES_CLOTH_ROYAL@1	5279
T8_SHOES_CLOTH_ROYAL@2	5280
T8_SHOES_CLOTH_ROYAL@3	5281
T8_SHOES_CLOTH_ROYAL@4	5282
T4_HEAD_LEATHER_ROYAL	5283
T4_HEAD_LEATHER_ROYAL@1	5284
T4_HEAD_LEATHER_ROYAL@2	5285
T4_HEAD_LEATHER_ROYAL@3	5286
T4_HEAD_LEATHER_ROYAL@4	5287
T5_HEAD_LEATHER_ROYAL	5288
T5_HEAD_LEATHER_ROYAL@1	5289
T5_HEAD_LEATHER_ROYAL@2	5290
T5_HEAD_LEATHER_ROYAL@3	5291
T5_HEAD_LEATHER_ROYAL@4	5292
T6_HEAD_LEATHER_ROYAL	5293
T6_HEAD_LEATHER_ROYAL@1	5294
T6_HEAD_LEATHER_ROYAL@2	5295
T6_HEAD_LEATHER_ROYAL@3	5296
T6_HEAD_LEATHER_ROYAL@4	5297
T7_HEAD_LEATHER_ROYAL	5298
T7_HEAD_LEATHER_ROYAL@1	5299
T7_HEAD_LEATHER_ROYAL@2	5300
T7_HEAD_LEATHER_ROYAL@3	5301
T7_HEAD_LEATHER_ROYAL@4	5302
T8_HEAD_LEATHER_ROYAL	5303
T8_HEAD_LEATHER_ROYAL@1	5304
T8_HEAD_LEATHER_ROYAL@2	5305
T8_HEAD_LEATHER_ROYAL@3	5306
T8_HEAD_LEATHER_ROYAL@4	5307
T4_ARMOR_LEATHER_ROYAL	5308
T4_ARMOR_LEATHER_ROYAL@1	5309
T4_ARMOR_LEATHER_ROYAL@2	5310
T4_ARMOR_LEATHER_ROYAL@3	5311
T4_ARMOR_LEATHER_ROYAL@4	5312
T5_ARMOR_LEATHER_ROYAL	5313
T5_ARMOR_LEATHER_ROYAL@1	5314
T5_ARMOR_LEATHER_ROYAL@2	5315
T5_ARMOR_LEATHER_ROYAL@3	5316
T5_ARMOR_LEATHER_ROYAL@4	5317
T6_ARMOR_LEATHER_ROYAL	5318
T6_ARMOR_LEATHER_ROYAL@1	5319
T6_ARMOR_LEATHER_ROYAL@2	5320
T6_ARMOR_LEATHER_ROYAL@3	5321
T6_ARMOR_LEATHER_ROYAL@4	5322
T7_ARMOR_LEATHER_ROYAL	5323
T7_ARMOR_LEATHER_ROYAL@1	5324
T7_ARMOR_LEATHER_ROYAL@2	5325
T7_ARMOR_LEATHER_ROYAL@3	5326
T7_ARMOR_LEATHER_ROYAL@4	5327
T8_ARMOR_LEATHER_ROYAL	5328
T8_ARMOR_LEATHER_ROYAL@1	5329
T8_ARMOR_LEATHER_ROYAL@2	5330
T8_ARMOR_LEATHER_ROYAL@3	5331
T8_ARMOR_LEATHER_ROYAL@4	5332
T4_SHOES_LEATHER_ROYAL	5333
T4_SHOES_LEATHER_ROYAL@1	5334
T4_SHOES_LEATHER_ROYAL@2	5335
T4_SHOES_LEATHER_ROYAL@3	5336
T4_SHOES_LEATHER_ROYAL@4	5337
T5_SHOES_LEATHER_ROYAL	5338
T5_SHOES_LEATHER_ROYAL@1	5339
T5_SHOES_LEATHER_ROYAL@2	5340
T5_SHOES_LEATHER_ROYAL@3	5341
T5_SHOES_LEATHER_ROYAL@4	5342
T6_SHOES_LEATHER_ROYAL	5343
T6_SHOES_LEATHER_ROYAL@1	5344
T6_SHOES_LEATHER_ROYAL@2	5345
T6_SHOES_LEATHER_ROYAL@3	5346
T6_SHOES_LEATHER_ROYAL@4	5347
T7_SHOES_LEATHER_ROYAL	5348
T7_SHOES_LEATHER_ROYAL@1	5349
T7_SHOES_LEATHER_ROYAL@2	5350
T7_SHOES_LEATHER_ROYAL@3	5351
T7_SHOES_LEATHER_ROYAL@4	5352
T8_SHOES_LEATHER_ROYAL	5353
T8_SHOES_LEATHER_ROYAL@1	5354
T8_SHOES_LEATHER_ROYAL@2	5355
T8_SHOES_LEATHER_ROYAL@3	5356
T8_SHOES_LEATHER_ROYAL@4	5357
T4_HEAD_PLATE_ROYAL	5358
T4_HEAD_PLATE_ROYAL@1	5359
T4_HEAD_PLATE_ROYAL@2	5360
T4_HEAD_PLATE_ROYAL@3	5361
T4_HEAD_PLATE_ROYAL@4	5362
T5_HEAD_PLATE_ROYAL	5363
T5_HEAD_PLATE_ROYAL@1	5364
T5_HEAD_PLATE_ROYAL@2	5365
T5_HEAD_PLATE_ROYAL@3	5366
T5_HEAD_PLATE_ROYAL@4	5367
T6_HEAD_PLATE_ROYAL	5368
T6_HEAD_PLATE_ROYAL@1	5369
T6_HEAD_PLATE_ROYAL@2	5370
T6_HEAD_PLATE_ROYAL@3	5371
T6_HEAD_PLATE_ROYAL@4	5372
T7_HEAD_PLATE_ROYAL	5373
T7_HEAD_PLATE_ROYAL@1	5374
T7_HEAD_PLATE_ROYAL@2	5375
T7_HEAD_PLATE_ROYAL@3	5376
T7_HEAD_PLATE_ROYAL@4	5377
T8_HEAD_PLATE_ROYAL	5378
T8_HEAD_PLATE_ROYAL@1	5379
T8_HEAD_PLATE_ROYAL@2	5380
T8_HEAD_PLATE_ROYAL@3	5381
T8_HEAD_PLATE_ROYAL@4	5382
T4_ARMOR_PLATE_ROYAL	5383
T4_ARMOR_PLATE_ROYAL@1	5384
T4_ARMOR_PLATE_ROYAL@2	5385
T4_ARMOR_PLATE_ROYAL@3	5386
T4_ARMOR_PLATE_ROYAL@4	5387
T5_ARMOR_PLATE_ROYAL	5388
T5_ARMOR_PLATE_ROYAL@1	5389
T5_ARMOR_PLATE_ROYAL@2	5390
T5_ARMOR_PLATE_ROYAL@3	5391
T5_ARMOR_PLATE_ROYAL@4	5392
T6_ARMOR_PLATE_ROYAL	5393
T6_ARMOR_PLATE_ROYAL@1	5394
T6_ARMOR_PLATE_ROYAL@2	5395
T6_ARMOR_PLATE_ROYAL@3	5396
T6_ARMOR_PLATE_ROYAL@4	5397
T7_ARMOR_PLATE_ROYAL	5398
T7_ARMOR_PLATE_ROYAL@1	5399
T7_ARMOR_PLATE_ROYAL@2	5400
T7_ARMOR_PLATE_ROYAL@3	5401
T7_ARMOR_PLATE_ROYAL@4	5402
T8_ARMOR_PLATE_ROYAL	5403
T8_ARMOR_PLATE_ROYAL@1	5404
T8_ARMOR_PLATE_ROYAL@2	5405
T8_ARMOR_PLATE_ROYAL@3	5406
T8_ARMOR_PLATE_ROYAL@4	5407
T4_SHOES_PLATE_ROYAL	5408
T4_SHOES_PLATE_ROYAL@1	5409
T4_SHOES_PLATE_ROYAL@2	5410
T4_SHOES_PLATE_ROYAL@3	5411
T4_SHOES_PLATE_ROYAL@4	5412
T5_SHOES_PLATE_ROYAL	5413
T5_SHOES_PLATE_ROYAL@1	5414
T5_SHOES_PLATE_ROYAL@2	5415
T5_SHOES_PLATE_ROYAL@3	5416
T5_SHOES_PLATE_ROYAL@4	5417
T6_SHOES_PLATE_ROYAL	5418
T6_SHOES_PLATE_ROYAL@1	5419
T6_SHOES_PLATE_ROYAL@2	5420
T6_SHOES_PLATE_ROYAL@3	5421
T6_SHOES_PLATE_ROYAL@4	5422
T7_SHOES_PLATE_ROYAL	5423
T7_SHOES_PLATE_ROYAL@1	5424
T7_SHOES_PLATE_ROYAL@2	5425
T7_SHOES_PLATE_ROYAL@3	5426
T7_SHOES_PLATE_ROYAL@4	5427
T8_SHOES_PLATE_ROYAL	5428
T8_SHOES_PLATE_ROYAL@1	5429
T8_SHOES_PLATE_ROYAL@2	5430
T8_SHOES_PLATE_ROYAL@3	5431
T8_SHOES_PLATE_ROYAL@4	5432
T4_HEAD_GATHERER_FIBER	5433
T4_HEAD_GATHERER_FIBER@1	5434
T4_HEAD_GATHERER_FIBER@2	5435
T4_HEAD_GATHERER_FIBER@3	5436
T4_HEAD_GATHERER_FIBER@4	5437
T5_HEAD_GATHERER_FIBER	5438
T5_HEAD_GATHERER_FIBER@1	5439
T5_HEAD_GATHERER_FIBER@2	5440
T5_HEAD_GATHERER_FIBER@3	5441
T5_HEAD_GATHERER_FIBER@4	5442
T6_HEAD_GATHERER_FIBER	5443
T6_HEAD_GATHERER_FIBER@1	5444
T6_HEAD_GATHERER_FIBER@2	5445
T6_HEAD_GATHERER_FIBER@3	5446
T6_HEAD_GATHERER_FIBER@4	5447
T7_HEAD_GATHERER_FIBER	5448
T7_HEAD_GATHERER_FIBER@1	5449
T7_HEAD_GATHERER_FIBER@2	5450
T7_HEAD_GATHERER_FIBER@3	5451
T7_HEAD_GATHERER_FIBER@4	5452
T8_HEAD_GATHERER_FIBER	5453
T8_HEAD_GATHERER_FIBER@1	5454
T8_HEAD_GATHERER_FIBER@2	5455
T8_HEAD_GATHERER_FIBER@3	5456
T8_HEAD_GATHERER_FIBER@4	5457
T4_ARMOR_GATHERER_FIBER	5458
T4_ARMOR_GATHERER_FIBER@1	5459
T4_ARMOR_GATHERER_FIBER@2	5460
T4_ARMOR_GATHERER_FIBER@3	5461
T4_ARMOR_GATHERER_FIBER@4	5462
T5_ARMOR_GATHERER_FIBER	5463
T5_ARMOR_GATHERER_FIBER@1	5464
T5_ARMOR_GATHERER_FIBER@2	5465
T5_ARMOR_GATHERER_FIBER@3	5466
T5_ARMOR_GATHERER_FIBER@4	5467
T6_ARMOR_GATHERER_FIBER	5468
T6_ARMOR_GATHERER_FIBER@1	5469
T6_ARMOR_GATHERER_FIBER@2	5470
T6_ARMOR_GATHERER_FIBER@3	5471
T6_ARMOR_GATHERER_FIBER@4	5472
T7_ARMOR_GATHERER_FIBER	5473
T7_ARMOR_GATHERER_FIBER@1	5474
T7_ARMOR_GATHERER_FIBER@2	5475
T7_ARMOR_GATHERER_FIBER@3	5476
T7_ARMOR_GATHERER_FIBER@4	5477
T8_ARMOR_GATHERER_FIBER	5478
T8_ARMOR_GATHERER_FIBER@1	5479
T8_ARMOR_GATHERER_FIBER@2	5480
T8_ARMOR_GATHERER_FIBER@3	5481
T8_ARMOR_GATHERER_FIBER@4	5482
T4_SHOES_GATHERER_FIBER	5483
T4_SHOES_GATHERER_FIBER@1	5484
T4_SHOES_GATHERER_FIBER@2	5485
T4_SHOES_GATHERER_FIBER@3	5486
T4_SHOES_GATHERER_FIBER@4	5487
T5_SHOES_GATHERER_FIBER	5488
T5_SHOES_GATHERER_FIBER@1	5489
T5_SHOES_GATHERER_FIBER@2	5490
T5_SHOES_GATHERER_FIBER@3	5491
T5_SHOES_GATHERER_FIBER@4	5492
T6_SHOES_GATHERER_FIBER	5493
T6_SHOES_GATHERER_FIBER@1	5494
T6_SHOES_GATHERER_FIBER@2	5495
T6_SHOES_GATHERER_FIBER@3	5496
T6_SHOES_GATHERER_FIBER@4	5497
T7_SHOES_GATHERER_FIBER	5498
T7_SHOES_GATHERER_FIBER@1	5499
T7_SHOES_GATHERER_FIBER@2	5500
T7_SHOES_GATHERER_FIBER@3	5501
T7_SHOES_GATHERER_FIBER@4	5502
T8_SHOES_GATHERER_FIBER	5503
T8_SHOES_GATHERER_FIBER@1	5504
T8_SHOES_GATHERER_FIBER@2	5505
T8_SHOES_GATHERER_FIBER@3	5506
T8_SHOES_GATHERER_FIBER@4	5507
T4_BACKPACK_GATHERER_FIBER	5508
T4_BACKPACK_GATHERER_FIBER@1	5509
T4_BACKPACK_GATHERER_FIBER@2	5510
T4_BACKPACK_GATHERER_FIBER@3	5511
T4_BACKPACK_GATHERER_FIBER@4	5512
T5_BACKPACK_GATHERER_FIBER	5513
T5_BACKPACK_GATHERER_FIBER@1	5514
T5_BACKPACK_GATHERER_FIBER@2	5515
T5_BACKPACK_GATHERER_FIBER@3	5516
T5_BACKPACK_GATHERER_FIBER@4	5517
T6_BACKPACK_GATHERER_FIBER	5518
T6_BACKPACK_GATHERER_FIBER@1	5519
T6_BACKPACK_GATHERER_FIBER@2	5520
T6_BACKPACK_GATHERER_FIBER@3	5521
T6_BACKPACK_GATHERER_FIBER@4	5522
T7_BACKPACK_GATHERER_FIBER	5523
T7_BACKPACK_GATHERER_FIBER@1	5524
T7_BACKPACK_GATHERER_FIBER@2	5525
T7_BACKPACK_GATHERER_FIBER@3	5526
T7_BACKPACK_GATHERER_FIBER@4	5527
T8_BACKPACK_GATHERER_FIBER	5528
T8_BACKPACK_GATHERER_FIBER@1	5529
T8_BACKPACK_GATHERER_FIBER@2	5530
T8_BACKPACK_GATHERER_FIBER@3	5531
T8_BACKPACK_GATHERER_FIBER@4	5532
T4_HEAD_GATHERER_HIDE	5533
T4_HEAD_GATHERER_HIDE@1	5534
T4_HEAD_GATHERER_HIDE@2	5535
T4_HEAD_GATHERER_HIDE@3	5536
T4_HEAD_GATHERER_HIDE@4	5537
T5_HEAD_GATHERER_HIDE	5538
T5_HEAD_GATHERER_HIDE@1	5539
T5_HEAD_GATHERER_HIDE@2	5540
T5_HEAD_GATHERER_HIDE@3	5541
T5_HEAD_GATHERER_HIDE@4	5542
T6_HEAD_GATHERER_HIDE	5543
T6_HEAD_GATHERER_HIDE@1	5544
T6_HEAD_GATHERER_HIDE@2	5545
T6_HEAD_GATHERER_HIDE@3	5546
T6_HEAD_GATHERER_HIDE@4	5547
T7_HEAD_GATHERER_HIDE	5548
T7_HEAD_GATHERER_HIDE@1	5549
T7_HEAD_GATHERER_HIDE@2	5550
T7_HEAD_GATHERER_HIDE@3	5551
T7_HEAD_GATHERER_HIDE@4	5552
T8_HEAD_GATHERER_HIDE	5553
T8_HEAD_GATHERER_HIDE@1	5554
T8_HEAD_GATHERER_HIDE@2	5555
T8_HEAD_GATHERER_HIDE@3	5556
T8_HEAD_GATHERER_HIDE@4	5557
T4_ARMOR_GATHERER_HIDE	5558
T4_ARMOR_GATHERER_HIDE@1	5559
T4_ARMOR_GATHERER_HIDE@2	5560
T4_ARMOR_GATHERER_HIDE@3	5561
T4_ARMOR_GATHERER_HIDE@4	5562
T5_ARMOR_GATHERER_HIDE	5563
T5_ARMOR_GATHERER_HIDE@1	5564
T5_ARMOR_GATHERER_HIDE@2	5565
T5_ARMOR_GATHERER_HIDE@3	5566
T5_ARMOR_GATHERER_HIDE@4	5567
T6_ARMOR_GATHERER_HIDE	5568
T6_ARMOR_GATHERER_HIDE@1	5569
T6_ARMOR_GATHERER_HIDE@2	5570
T6_ARMOR_GATHERER_HIDE@3	5571
T6_ARMOR_GATHERER_HIDE@4	5572
T7_ARMOR_GATHERER_HIDE	5573
T7_ARMOR_GATHERER_HIDE@1	5574
T7_ARMOR_GATHERER_HIDE@2	5575
T7_ARMOR_GATHERER_HIDE@3	5576
T7_ARMOR_GATHERER_HIDE@4	5577
T8_ARMOR_GATHERER_HIDE	5578
T8_ARMOR_GATHERER_HIDE@1	5579
T8_ARMOR_GATHERER_HIDE@2	5580
T8_ARMOR_GATHERER_HIDE@3	5581
T8_ARMOR_GATHERER_HIDE@4	5582
T4_SHOES_GATHERER_HIDE	5583
T4_SHOES_GATHERER_HIDE@1	5584
T4_SHOES_GATHERER_HIDE@2	5585
T4_SHOES_GATHERER_HIDE@3	5586
T4_SHOES_GATHERER_HIDE@4	5587
T5_SHOES_GATHERER_HIDE	5588
T5_SHOES_GATHERER_HIDE@1	5589
T5_SHOES_GATHERER_HIDE@2	5590
T5_SHOES_GATHERER_HIDE@3	5591
T5_SHOES_GATHERER_HIDE@4	5592
T6_SHOES_GATHERER_HIDE	5593
T6_SHOES_GATHERER_HIDE@1	5594
T6_SHOES_GATHERER_HIDE@2	5595
T6_SHOES_GATHERER_HIDE@3	5596
T6_SHOES_GATHERER_HIDE@4	5597
T7_SHOES_GATHERER_HIDE	5598
T7_SHOES_GATHERER_HIDE@1	5599
T7_SHOES_GATHERER_HIDE@2	5600
T7_SHOES_GATHERER_HIDE@3	5601
T7_SHOES_GATHERER_HIDE@4	5602
T8_SHOES_GATHERER_HIDE	5603
T8_SHOES_GATHERER_HIDE@1	5604
T8_SHOES_GATHERER_HIDE@2	5605
T8_SHOES_GATHERER_HIDE@3	5606
T8_SHOES_GATHERER_HIDE@4	5607
T4_BACKPACK_GATHERER_HIDE	5608
T4_BACKPACK_GATHERER_HIDE@1	5609
T4_BACKPACK_GATHERER_HIDE@2	5610
T4_BACKPACK_GATHERER_HIDE@3	5611
T4_BACKPACK_GATHERER_HIDE@4	5612
T5_BACKPACK_GATHERER_HIDE	5613
T5_BACKPACK_GATHERER_HIDE@1	5614
T5_BACKPACK_GATHERER_HIDE@2	5615
T5_BACKPACK_GATHERER_HIDE@3	5616
T5_BACKPACK_GATHERER_HIDE@4	5617
T6_BACKPACK_GATHERER_HIDE	5618
T6_BACKPACK_GATHERER_HIDE@1	5619
T6_BACKPACK_GATHERER_HIDE@2	5620
T6_BACKPACK_GATHERER_HIDE@3	5621
T6_BACKPACK_GATHERER_HIDE@4	5622
T7_BACKPACK_GATHERER_HIDE	5623
T7_BACKPACK_GATHERER_HIDE@1	5624
T7_BACKPACK_GATHERER_HIDE@2	5625
T7_BACKPACK_GATHERER_HIDE@3	5626
T7_BACKPACK_GATHERER_HIDE@4	5627
T8_BACKPACK_GATHERER_HIDE	5628
T8_BACKPACK_GATHERER_HIDE@1	5629
T8_BACKPACK_GATHERER_HIDE@2	5630
T8_BACKPACK_GATHERER_HIDE@3	5631
T8_BACKPACK_GATHERER_HIDE@4	5632
T4_HEAD_GATHERER_ORE	5633
T4_HEAD_GATHERER_ORE@1	5634
T4_HEAD_GATHERER_ORE@2	5635
T4_HEAD_GATHERER_ORE@3	5636
T4_HEAD_GATHERER_ORE@4	5637
T5_HEAD_GATHERER_ORE	5638
T5_HEAD_GATHERER_ORE@1	5639
T5_HEAD_GATHERER_ORE@2	5640
T5_HEAD_GATHERER_ORE@3	5641
T5_HEAD_GATHERER_ORE@4	5642
T6_HEAD_GATHERER_ORE	5643
T6_HEAD_GATHERER_ORE@1	5644
T6_HEAD_GATHERER_ORE@2	5645
T6_HEAD_GATHERER_ORE@3	5646
T6_HEAD_GATHERER_ORE@4	5647
T7_HEAD_GATHERER_ORE	5648
T7_HEAD_GATHERER_ORE@1	5649
T7_HEAD_GATHERER_ORE@2	5650
T7_HEAD_GATHERER_ORE@3	5651
T7_HEAD_GATHERER_ORE@4	5652
T8_HEAD_GATHERER_ORE	5653
T8_HEAD_GATHERER_ORE@1	5654
T8_HEAD_GATHERER_ORE@2	5655
T8_HEAD_GATHERER_ORE@3	5656
T8_HEAD_GATHERER_ORE@4	5657
T4_ARMOR_GATHERER_ORE	5658
T4_ARMOR_GATHERER_ORE@1	5659
T4_ARMOR_GATHERER_ORE@2	5660
T4_ARMOR_GATHERER_ORE@3	5661
T4_ARMOR_GATHERER_ORE@4	5662
T5_ARMOR_GATHERER_ORE	5663
T5_ARMOR_GATHERER_ORE@1	5664
T5_ARMOR_GATHERER_ORE@2	5665
T5_ARMOR_GATHERER_ORE@3	5666
T5_ARMOR_GATHERER_ORE@4	5667
T6_ARMOR_GATHERER_ORE	5668
T6_ARMOR_GATHERER_ORE@1	5669
T6_ARMOR_GATHERER_ORE@2	5670
T6_ARMOR_GATHERER_ORE@3	5671
T6_ARMOR_GATHERER_ORE@4	5672
T7_ARMOR_GATHERER_ORE	5673
T7_ARMOR_GATHERER_ORE@1	5674
T7_ARMOR_GATHERER_ORE@2	5675
T7_ARMOR_GATHERER_ORE@3	5676
T7_ARMOR_GATHERER_ORE@4	5677
T8_ARMOR_GATHERER_ORE	5678
T8_ARMOR_GATHERER_ORE@1	5679
T8_ARMOR_GATHERER_ORE@2	5680
T8_ARMOR_GATHERER_ORE@3	5681
T8_ARMOR_GATHERER_ORE@4	5682
T4_SHOES_GATHERER_ORE	5683
T4_SHOES_GATHERER_ORE@1	5684
T4_SHOES_GATHERER_ORE@2	5685
T4_SHOES_GATHERER_ORE@3	5686
T4_SHOES_GATHERER_ORE@4	5687
T5_SHOES_GATHERER_ORE	5688
T5_SHOES_GATHERER_ORE@1	5689
T5_SHOES_GATHERER_ORE@2	5690
T5_SHOES_GATHERER_ORE@3	5691
T5_SHOES_GATHERER_ORE@4	5692
T6_SHOES_GATHERER_ORE	5693
T6_SHOES_GATHERER_ORE@1	5694
T6_SHOES_GATHERER_ORE@2	5695
T6_SHOES_GATHERER_ORE@3	5696
T6_SHOES_GATHERER_ORE@4	5697
T7_SHOES_GATHERER_ORE	5698
T7_SHOES_GATHERER_ORE@1	5699
T7_SHOES_GATHERER_ORE@2	5700
T7_SHOES_GATHERER_ORE@3	5701
T7_SHOES_GATHERER_ORE@4	5702
T8_SHOES_GATHERER_ORE	5703
T8_SHOES_GATHERER_ORE@1	5704
T8_SHOES_GATHERER_ORE@2	5705
T8_SHOES_GATHERER_ORE@3	5706
T8_SHOES_GATHERER_ORE@4	5707
T4_BACKPACK_GATHERER_ORE	5708
T4_BACKPACK_GATHERER_ORE@1	5709
T4_BACKPACK_GATHERER_ORE@2	5710
T4_BACKPACK_GATHERER_ORE@3	5711
T4_BACKPACK_GATHERER_ORE@4	5712
T5_BACKPACK_GATHERER_ORE	5713
T5_BACKPACK_GATHERER_ORE@1	5714
T5_BACKPACK_GATHERER_ORE@2	5715
T5_BACKPACK_GATHERER_ORE@3	5716
T5_BACKPACK_GATHERER_ORE@4	5717
T6_BACKPACK_GATHERER_ORE	5718
T6_BACKPACK_GATHERER_ORE@1	5719
T6_BACKPACK_GATHERER_ORE@2	5720
T6_BACKPACK_GATHERER_ORE@3	5721
T6_BACKPACK_GATHERER_ORE@4	5722
T7_BACKPACK_GATHERER_ORE	5723
T7_BACKPACK_GATHERER_ORE@1	5724
T7_BACKPACK_GATHERER_ORE@2	5725
T7_BACKPACK_GATHERER_ORE@3	5726
T7_BACKPACK_GATHERER_ORE@4	5727
T8_BACKPACK_GATHERER_ORE	5728
T8_BACKPACK_GATHERER_ORE@1	5729
T8_BACKPACK_GATHERER_ORE@2	5730
T8_BACKPACK_GATHERER_ORE@3	5731
T8_BACKPACK_GATHERER_ORE@4	5732
T4_HEAD_GATHERER_ROCK	5733
T4_HEAD_GATHERER_ROCK@1	5734
T4_HEAD_GATHERER_ROCK@2	5735
T4_HEAD_GATHERER_ROCK@3	5736
T4_HEAD_GATHERER_ROCK@4	5737
T5_HEAD_GATHERER_ROCK	5738
T5_HEAD_GATHERER_ROCK@1	5739
T5_HEAD_GATHERER_ROCK@2	5740
T5_HEAD_GATHERER_ROCK@3	5741
T5_HEAD_GATHERER_ROCK@4	5742
T6_HEAD_GATHERER_ROCK	5743
T6_HEAD_GATHERER_ROCK@1	5744
T6_HEAD_GATHERER_ROCK@2	5745
T6_HEAD_GATHERER_ROCK@3	5746
T6_HEAD_GATHERER_ROCK@4	5747
T7_HEAD_GATHERER_ROCK	5748
T7_HEAD_GATHERER_ROCK@1	5749
T7_HEAD_GATHERER_ROCK@2	5750
T7_HEAD_GATHERER_ROCK@3	5751
T7_HEAD_GATHERER_ROCK@4	5752
T8_HEAD_GATHERER_ROCK	5753
T8_HEAD_GATHERER_ROCK@1	5754
T8_HEAD_GATHERER_ROCK@2	5755
T8_HEAD_GATHERER_ROCK@3	5756
T8_HEAD_GATHERER_ROCK@4	5757
T4_ARMOR_GATHERER_ROCK	5758
T4_ARMOR_GATHERER_ROCK@1	5759
T4_ARMOR_GATHERER_ROCK@2	5760
T4_ARMOR_GATHERER_ROCK@3	5761
T4_ARMOR_GATHERER_ROCK@4	5762
T5_ARMOR_GATHERER_ROCK	5763
T5_ARMOR_GATHERER_ROCK@1	5764
T5_ARMOR_GATHERER_ROCK@2	5765
T5_ARMOR_GATHERER_ROCK@3	5766
T5_ARMOR_GATHERER_ROCK@4	5767
T6_ARMOR_GATHERER_ROCK	5768
T6_ARMOR_GATHERER_ROCK@1	5769
T6_ARMOR_GATHERER_ROCK@2	5770
T6_ARMOR_GATHERER_ROCK@3	5771
T6_ARMOR_GATHERER_ROCK@4	5772
T7_ARMOR_GATHERER_ROCK	5773
T7_ARMOR_GATHERER_ROCK@1	5774
T7_ARMOR_GATHERER_ROCK@2	5775
T7_ARMOR_GATHERER_ROCK@3	5776
T7_ARMOR_GATHERER_ROCK@4	5777
T8_ARMOR_GATHERER_ROCK	5778
T8_ARMOR_GATHERER_ROCK@1	5779
T8_ARMOR_GATHERER_ROCK@2	5780
T8_ARMOR_GATHERER_ROCK@3	5781
T8_ARMOR_GATHERER_ROCK@4	5782
T4_SHOES_GATHERER_ROCK	5783
T4_SHOES_GATHERER_ROCK@1	5784
T4_SHOES_GATHERER_ROCK@2	5785
T4_SHOES_GATHERER_ROCK@3	5786
T4_SHOES_GATHERER_ROCK@4	5787
T5_SHOES_GATHERER_ROCK	5788
T5_SHOES_GATHERER_ROCK@1	5789
T5_SHOES_GATHERER_ROCK@2	5790
T5_SHOES_GATHERER_ROCK@3	5791
T5_SHOES_GATHERER_ROCK@4	5792
T6_SHOES_GATHERER_ROCK	5793
T6_SHOES_GATHERER_ROCK@1	5794
T6_SHOES_GATHERER_ROCK@2	5795
T6_SHOES_GATHERER_ROCK@3	5796
T6_SHOES_GATHERER_ROCK@4	5797
T7_SHOES_GATHERER_ROCK	5798
T7_SHOES_GATHERER_ROCK@1	5799
T7_SHOES_GATHERER_ROCK@2	5800
T7_SHOES_GATHERER_ROCK@3	5801
T7_SHOES_GATHERER_ROCK@4	5802
T8_SHOES_GATHERER_ROCK	5803
T8_SHOES_GATHERER_ROCK@1	5804
T8_SHOES_GATHERER_ROCK@2	5805
T8_SHOES_GATHERER_ROCK@3	5806
T8_SHOES_GATHERER_ROCK@4	5807
T4_BACKPACK_GATHERER_ROCK	5808
T4_BACKPACK_GATHERER_ROCK@1	5809
T4_BACKPACK_GATHERER_ROCK@2	5810
T4_BACKPACK_GATHERER_ROCK@3	5811
T4_BACKPACK_GATHERER_ROCK@4	5812
T5_BACKPACK_GATHERER_ROCK	5813
T5_BACKPACK_GATHERER_ROCK@1	5814
T5_BACKPACK_GATHERER_ROCK@2	5815
T5_BACKPACK_GATHERER_ROCK@3	5816
T5_BACKPACK_GATHERER_ROCK@4	5817
T6_BACKPACK_GATHERER_ROCK	5818
T6_BACKPACK_GATHERER_ROCK@1	5819
T6_BACKPACK_GATHERER_ROCK@2	5820
T6_BACKPACK_GATHERER_ROCK@3	5821
T6_BACKPACK_GATHERER_ROCK@4	5822
T7_BACKPACK_GATHERER_ROCK	5823
T7_BACKPACK_GATHERER_ROCK@1	5824
T7_BACKPACK_GATHERER_ROCK@2	5825
T7_BACKPACK_GATHERER_ROCK@3	5826
T7_BACKPACK_GATHERER_ROCK@4	5827
T8_BACKPACK_GATHERER_ROCK	5828
T8_BACKPACK_GATHERER_ROCK@1	5829
T8_BACKPACK_GATHERER_ROCK@2	5830
T8_BACKPACK_GATHERER_ROCK@3	5831
T8_BACKPACK_GATHERER_ROCK@4	5832
T4_HEAD_GATHERER_WOOD	5833
T4_HEAD_GATHERER_WOOD@1	5834
T4_HEAD_GATHERER_WOOD@2	5835
T4_HEAD_GATHERER_WOOD@3	5836
T4_HEAD_GATHERER_WOOD@4	5837
T5_HEAD_GATHERER_WOOD	5838
T5_HEAD_GATHERER_WOOD@1	5839
T5_HEAD_GATHERER_WOOD@2	5840
T5_HEAD_GATHERER_WOOD@3	5841
T5_HEAD_GATHERER_WOOD@4	5842
T6_HEAD_GATHERER_WOOD	5843
T6_HEAD_GATHERER_WOOD@1	5844
T6_HEAD_GATHERER_WOOD@2	5845
T6_HEAD_GATHERER_WOOD@3	5846
T6_HEAD_GATHERER_WOOD@4	5847
T7_HEAD_GATHERER_WOOD	5848
T7_HEAD_GATHERER_WOOD@1	5849
T7_HEAD_GATHERER_WOOD@2	5850
T7_HEAD_GATHERER_WOOD@3	5851
T7_HEAD_GATHERER_WOOD@4	5852
T8_HEAD_GATHERER_WOOD	5853
T8_HEAD_GATHERER_WOOD@1	5854
T8_HEAD_GATHERER_WOOD@2	5855
T8_HEAD_GATHERER_WOOD@3	5856
T8_HEAD_GATHERER_WOOD@4	5857
T4_ARMOR_GATHERER_WOOD	5858
T4_ARMOR_GATHERER_WOOD@1	5859
T4_ARMOR_GATHERER_WOOD@2	5860
T4_ARMOR_GATHERER_WOOD@3	5861
T4_ARMOR_GATHERER_WOOD@4	5862
T5_ARMOR_GATHERER_WOOD	5863
T5_ARMOR_GATHERER_WOOD@1	5864
T5_ARMOR_GATHERER_WOOD@2	5865
T5_ARMOR_GATHERER_WOOD@3	5866
T5_ARMOR_GATHERER_WOOD@4	5867
T6_ARMOR_GATHERER_WOOD	5868
T6_ARMOR_GATHERER_WOOD@1	5869
T6_ARMOR_GATHERER_WOOD@2	5870
T6_ARMOR_GATHERER_WOOD@3	5871
T6_ARMOR_GATHERER_WOOD@4	5872
T7_ARMOR_GATHERER_WOOD	5873
T7_ARMOR_GATHERER_WOOD@1	5874
T7_ARMOR_GATHERER_WOOD@2	5875
T7_ARMOR_GATHERER_WOOD@3	5876
T7_ARMOR_GATHERER_WOOD@4	5877
T8_ARMOR_GATHERER_WOOD	5878
T8_ARMOR_GATHERER_WOOD@1	5879
T8_ARMOR_GATHERER_WOOD@2	5880
T8_ARMOR_GATHERER_WOOD@3	5881
T8_ARMOR_GATHERER_WOOD@4	5882
T4_SHOES_GATHERER_WOOD	5883
T4_SHOES_GATHERER_WOOD@1	5884
T4_SHOES_GATHERER_WOOD@2	5885
T4_SHOES_GATHERER_WOOD@3	5886
T4_SHOES_GATHERER_WOOD@4	5887
T5_SHOES_GATHERER_WOOD	5888
T5_SHOES_GATHERER_WOOD@1	5889
T5_SHOES_GATHERER_WOOD@2	5890
T5_SHOES_GATHERER_WOOD@3	5891
T5_SHOES_GATHERER_WOOD@4	5892
T6_SHOES_GATHERER_WOOD	5893
T6_SHOES_GATHERER_WOOD@1	5894
T6_SHOES_GATHERER_WOOD@2	5895
T6_SHOES_GATHERER_WOOD@3	5896
T6_SHOES_GATHERER_WOOD@4	5897
T7_SHOES_GATHERER_WOOD	5898
T7_SHOES_GATHERER_WOOD@1	5899
T7_SHOES_GATHERER_WOOD@2	5900
T7_SHOES_GATHERER_WOOD@3	5901
T7_SHOES_GATHERER_WOOD@4	5902
T8_SHOES_GATHERER_WOOD	5903
T8_SHOES_GATHERER_WOOD@1	5904
T8_SHOES_GATHERER_WOOD@2	5905
T8_SHOES_GATHERER_WOOD@3	5906
T8_SHOES_GATHERER_WOOD@4	5907
T4_BACKPACK_GATHERER_WOOD	5908
T4_BACKPACK_GATHERER_WOOD@1	5909
T4_BACKPACK_GATHERER_WOOD@2	5910
T4_BACKPACK_GATHERER_WOOD@3	5911
T4_BACKPACK_GATHERER_WOOD@4	5912
T5_BACKPACK_GATHERER_WOOD	5913
T5_BACKPACK_GATHERER_WOOD@1	5914
T5_BACKPACK_GATHERER_WOOD@2	5915
T5_BACKPACK_GATHERER_WOOD@3	5916
T5_BACKPACK_GATHERER_WOOD@4	5917
T6_BACKPACK_GATHERER_WOOD	5918
T6_BACKPACK_GATHERER_WOOD@1	5919
T6_BACKPACK_GATHERER_WOOD@2	5920
T6_BACKPACK_GATHERER_WOOD@3	5921
T6_BACKPACK_GATHERER_WOOD@4	5922
T7_BACKPACK_GATHERER_WOOD	5923
T7_BACKPACK_GATHERER_WOOD@1	5924
T7_BACKPACK_GATHERER_WOOD@2	5925
T7_BACKPACK_GATHERER_WOOD@3	5926
T7_BACKPACK_GATHERER_WOOD@4	5927
T8_BACKPACK_GATHERER_WOOD	5928
T8_BACKPACK_GATHERER_WOOD@1	5929
T8_BACKPACK_GATHERER_WOOD@2	5930
T8_BACKPACK_GATHERER_WOOD@3	5931
T8_BACKPACK_GATHERER_WOOD@4	5932
T4_HEAD_GATHERER_FISH	5933
T4_HEAD_GATHERER_FISH@1	5934
T4_HEAD_GATHERER_FISH@2	5935
T4_HEAD_GATHERER_FISH@3	5936
T4_HEAD_GATHERER_FISH@4	5937
T5_HEAD_GATHERER_FISH	5938
T5_HEAD_GATHERER_FISH@1	5939
T5_HEAD_GATHERER_FISH@2	5940
T5_HEAD_GATHERER_FISH@3	5941
T5_HEAD_GATHERER_FISH@4	5942
T6_HEAD_GATHERER_FISH	5943
T6_HEAD_GATHERER_FISH@1	5944
T6_HEAD_GATHERER_FISH@2	5945
T6_HEAD_GATHERER_FISH@3	5946
T6_HEAD_GATHERER_FISH@4	5947
T7_HEAD_GATHERER_FISH	5948
T7_HEAD_GATHERER_FISH@1	5949
T7_HEAD_GATHERER_FISH@2	5950
T7_HEAD_GATHERER_FISH@3	5951
T7_HEAD_GATHERER_FISH@4	5952
T8_HEAD_GATHERER_FISH	5953
T8_HEAD_GATHERER_FISH@1	5954
T8_HEAD_GATHERER_FISH@2	5955
T8_HEAD_GATHERER_FISH@3	5956
T8_HEAD_GATHERER_FISH@4	5957
T4_ARMOR_GATHERER_FISH	5958
T4_ARMOR_GATHERER_FISH@1	5959
T4_ARMOR_GATHERER_FISH@2	5960
T4_ARMOR_GATHERER_FISH@3	5961
T4_ARMOR_GATHERER_FISH@4	5962
T5_ARMOR_GATHERER_FISH	5963
T5_ARMOR_GATHERER_FISH@1	5964
T5_ARMOR_GATHERER_FISH@2	5965
T5_ARMOR_GATHERER_FISH@3	5966
T5_ARMOR_GATHERER_FISH@4	5967
T6_ARMOR_GATHERER_FISH	5968
T6_ARMOR_GATHERER_FISH@1	5969
T6_ARMOR_GATHERER_FISH@2	5970
T6_ARMOR_GATHERER_FISH@3	5971
T6_ARMOR_GATHERER_FISH@4	5972
T7_ARMOR_GATHERER_FISH	5973
T7_ARMOR_GATHERER_FISH@1	5974
T7_ARMOR_GATHERER_FISH@2	5975
T7_ARMOR_GATHERER_FISH@3	5976
T7_ARMOR_GATHERER_FISH@4	5977
T8_ARMOR_GATHERER_FISH	5978
T8_ARMOR_GATHERER_FISH@1	5979
T8_ARMOR_GATHERER_FISH@2	5980
T8_ARMOR_GATHERER_FISH@3	5981
T8_ARMOR_GATHERER_FISH@4	5982
T4_SHOES_GATHERER_FISH	5983
T4_SHOES_GATHERER_FISH@1	5984
T4_SHOES_GATHERER_FISH@2	5985
T4_SHOES_GATHERER_FISH@3	5986
T4_SHOES_GATHERER_FISH@4	5987
T5_SHOES_GATHERER_FISH	5988
T5_SHOES_GATHERER_FISH@1	5989
T5_SHOES_GATHERER_FISH@2	5990
T5_SHOES_GATHERER_FISH@3	5991
T5_SHOES_GATHERER_FISH@4	5992
T6_SHOES_GATHERER_FISH	5993
T6_SHOES_GATHERER_FISH@1	5994
T6_SHOES_GATHERER_FISH@2	5995
T6_SHOES_GATHERER_FISH@3	5996
T6_SHOES_GATHERER_FISH@4	5997
T7_SHOES_GATHERER_FISH	5998
T7_SHOES_GATHERER_FISH@1	5999
T7_SHOES_GATHERER_FISH@2	6000
T7_SHOES_GATHERER_FISH@3	6001
T7_SHOES_GATHERER_FISH@4	6002
T8_SHOES_GATHERER_FISH	6003
T8_SHOES_GATHERER_FISH@1	6004
T8_SHOES_GATHERER_FISH@2	6005
T8_SHOES_GATHERER_FISH@3	6006
T8_SHOES_GATHERER_FISH@4	6007
T4_BACKPACK_GATHERER_FISH	6008
T4_BACKPACK_GATHERER_FISH@1	6009
T4_BACKPACK_GATHERER_FISH@2	6010
T4_BACKPACK_GATHERER_FISH@3	6011
T4_BACKPACK_GATHERER_FISH@4	6012
T5_BACKPACK_GATHERER_FISH	6013
T5_BACKPACK_GATHERER_FISH@1	6014
T5_BACKPACK_GATHERER_FISH@2	6015
T5_BACKPACK_GATHERER_FISH@3	6016
T5_BACKPACK_GATHERER_FISH@4	6017
T6_BACKPACK_GATHERER_FISH	6018
T6_BACKPACK_GATHERER_FISH@1	6019
T6_BACKPACK_GATHERER_FISH@2	6020
T6_BACKPACK_GATHERER_FISH@3	6021
T6_BACKPACK_GATHERER_FISH@4	6022
T7_BACKPACK_GATHERER_FISH	6023
T7_BACKPACK_GATHERER_FISH@1	6024
T7_BACKPACK_GATHERER_FISH@2	6025
T7_BACKPACK_GATHERER_FISH@3	6026
T7_BACKPACK_GATHERER_FISH@4	6027
T8_BACKPACK_GATHERER_FISH	6028
T8_BACKPACK_GATHERER_FISH@1	6029
T8_BACKPACK_GATHERER_FISH@2	6030
T8_BACKPACK_GATHERER_FISH@3	6031
T8_BACKPACK_GATHERER_FISH@4	6032
T2_JOURNAL_WOOD	6033
T3_JOURNAL_WOOD	6034
T4_JOURNAL_WOOD	6035
T5_JOURNAL_WOOD	6036
T6_JOURNAL_WOOD	6037
T7_JOURNAL_WOOD	6038
T8_JOURNAL_WOOD	6039
T2_JOURNAL_STONE	6040
T3_JOURNAL_STONE	6041
T4_JOURNAL_STONE	6042
T5_JOURNAL_STONE	6043
T6_JOURNAL_STONE	6044
T7_JOURNAL_STONE	6045
T8_JOURNAL_STONE	6046
T2_JOURNAL_ORE	6047
T3_JOURNAL_ORE	6048
T4_JOURNAL_ORE	6049
T5_JOURNAL_ORE	6050
T6_JOURNAL_ORE	6051
T7_JOURNAL_ORE	6052
T8_JOURNAL_ORE	6053
T2_JOURNAL_FIBER	6054
T3_JOURNAL_FIBER	6055
T4_JOURNAL_FIBER	6056
T5_JOURNAL_FIBER	6057
T6_JOURNAL_FIBER	6058
T7_JOURNAL_FIBER	6059
T8_JOURNAL_FIBER	6060
T2_JOURNAL_HIDE	6061
T3_JOURNAL_HIDE	6062
T4_JOURNAL_HIDE	6063
T5_JOURNAL_HIDE	6064
T6_JOURNAL_HIDE	6065
T7_JOURNAL_HIDE	6066
T8_JOURNAL_HIDE	6067
T2_JOURNAL_WARRIOR	6068
T3_JOURNAL_WARRIOR	6069
T4_JOURNAL_WARRIOR	6070
T5_JOURNAL_WARRIOR	6071
T6_JOURNAL_WARRIOR	6072
T7_JOURNAL_WARRIOR	6073
T8_JOURNAL_WARRIOR	6074
T2_JOURNAL_HUNTER	6075
T3_JOURNAL_HUNTER	6076
T4_JOURNAL_HUNTER	6077
T5_JOURNAL_HUNTER	6078
T6_JOURNAL_HUNTER	6079
T7_JOURNAL_HUNTER	6080
T8_JOURNAL_HUNTER	6081
T2_JOURNAL_MAGE	6082
T3_JOURNAL_MAGE	6083
T4_JOURNAL_MAGE	6084
T5_JOURNAL_MAGE	6085
T6_JOURNAL_MAGE	6086
T7_JOURNAL_MAGE	6087
T8_JOURNAL_MAGE	6088
T2_JOURNAL_TOOLMAKER	6089
T3_JOURNAL_TOOLMAKER	6090
T4_JOURNAL_TOOLMAKER	6091
T5_JOURNAL_TOOLMAKER	6092
T6_JOURNAL_TOOLMAKER	6093
T7_JOURNAL_TOOLMAKER	6094
T8_JOURNAL_TOOLMAKER	6095
T2_JOURNAL_MERCENARY	6096
T3_JOURNAL_MERCENARY	6097
T4_JOURNAL_MERCENARY	6098
T5_JOURNAL_MERCENARY	6099
T6_JOURNAL_MERCENARY	6100
T7_JOURNAL_MERCENARY	6101
T8_JOURNAL_MERCENARY	6102
T2_JOURNAL_TROPHY_GENERAL	6103
T3_JOURNAL_TROPHY_GENERAL	6104
T4_JOURNAL_TROPHY_GENERAL	6105
T5_JOURNAL_TROPHY_GENERAL	6106
T6_JOURNAL_TROPHY_GENERAL	6107
T7_JOURNAL_TROPHY_GENERAL	6108
T8_JOURNAL_TROPHY_GENERAL	6109
T2_JOURNAL_TROPHY_MERCENARY	6110
T3_JOURNAL_TROPHY_MERCENARY	6111
T4_JOURNAL_TROPHY_MERCENARY	6112
T5_JOURNAL_TROPHY_MERCENARY	6113
T6_JOURNAL_TROPHY_MERCENARY	6114
T7_JOURNAL_TROPHY_MERCENARY	6115
T8_JOURNAL_TROPHY_MERCENARY	6116
T2_JOURNAL_TROPHY_HIDE	6117
T3_JOURNAL_TROPHY_HIDE	6118
T4_JOURNAL_TROPHY_HIDE	6119
T5_JOURNAL_TROPHY_HIDE	6120
T6_JOURNAL_TROPHY_HIDE	6121
T7_JOURNAL_TROPHY_HIDE	6122
T8_JOURNAL_TROPHY_HIDE	6123
T2_JOURNAL_TROPHY_WOOD	6124
T3_JOURNAL_TROPHY_WOOD	6125
T4_JOURNAL_TROPHY_WOOD	6126
T5_JOURNAL_TROPHY_WOOD	6127
T6_JOURNAL_TROPHY_WOOD	6128
T7_JOURNAL_TROPHY_WOOD	6129
T8_JOURNAL_TROPHY_WOOD	6130
T2_JOURNAL_TROPHY_STONE	6131
T3_JOURNAL_TROPHY_STONE	6132
T4_JOURNAL_TROPHY_STONE	6133
T5_JOURNAL_TROPHY_STONE	6134
T6_JOURNAL_TROPHY_STONE	6135
T7_JOURNAL_TROPHY_STONE	6136
T8_JOURNAL_TROPHY_STONE	6137
T2_JOURNAL_TROPHY_ORE	6138
T3_JOURNAL_TROPHY_ORE	6139
T4_JOURNAL_TROPHY_ORE	6140
T5_JOURNAL_TROPHY_ORE	6141
T6_JOURNAL_TROPHY_ORE	6142
T7_JOURNAL_TROPHY_ORE	6143
T8_JOURNAL_TROPHY_ORE	6144
T2_JOURNAL_TROPHY_FIBER	6145
T3_JOURNAL_TROPHY_FIBER	6146
T4_JOURNAL_TROPHY_FIBER	6147
T5_JOURNAL_TROPHY_FIBER	6148
T6_JOURNAL_TROPHY_FIBER	6149
T7_JOURNAL_TROPHY_FIBER	6150
T8_JOURNAL_TROPHY_FIBER	6151
T2_JOURNAL_TROPHY_FISHING	6152
T3_JOURNAL_TROPHY_FISHING	6153
T4_JOURNAL_TROPHY_FISHING	6154
T5_JOURNAL_TROPHY_FISHING	6155
T6_JOURNAL_TROPHY_FISHING	6156
T7_JOURNAL_TROPHY_FISHING	6157
T8_JOURNAL_TROPHY_FISHING	6158
T2_JOURNAL_FISHING	6159
T3_JOURNAL_FISHING	6160
T4_JOURNAL_FISHING	6161
T5_JOURNAL_FISHING	6162
T6_JOURNAL_FISHING	6163
T7_JOURNAL_FISHING	6164
T8_JOURNAL_FISHING	6165
T2_LABOURER_CONTRACT_WOOD	6166
T3_LABOURER_CONTRACT_WOOD	6167
T4_LABOURER_CONTRACT_WOOD	6168
T5_LABOURER_CONTRACT_WOOD	6169
T6_LABOURER_CONTRACT_WOOD	6170
T7_LABOURER_CONTRACT_WOOD	6171
T8_LABOURER_CONTRACT_WOOD	6172
T2_LABOURER_CONTRACT_STONE	6173
T3_LABOURER_CONTRACT_STONE	6174
T4_LABOURER_CONTRACT_STONE	6175
T5_LABOURER_CONTRACT_STONE	6176
T6_LABOURER_CONTRACT_STONE	6177
T7_LABOURER_CONTRACT_STONE	6178
T8_LABOURER_CONTRACT_STONE	6179
T2_LABOURER_CONTRACT_FIBER	6180
T3_LABOURER_CONTRACT_FIBER	6181
T4_LABOURER_CONTRACT_FIBER	6182
T5_LABOURER_CONTRACT_FIBER	6183
T6_LABOURER_CONTRACT_FIBER	6184
T7_LABOURER_CONTRACT_FIBER	6185
T8_LABOURER_CONTRACT_FIBER	6186
T2_LABOURER_CONTRACT_HIDE	6187
T3_LABOURER_CONTRACT_HIDE	6188
T4_LABOURER_CONTRACT_HIDE	6189
T5_LABOURER_CONTRACT_HIDE	6190
T6_LABOURER_CONTRACT_HIDE	6191
T7_LABOURER_CONTRACT_HIDE	6192
T8_LABOURER_CONTRACT_HIDE	6193
T2_LABOURER_CONTRACT_ORE	6194
T3_LABOURER_CONTRACT_ORE	6195
T4_LABOURER_CONTRACT_ORE	6196
T5_LABOURER_CONTRACT_ORE	6197
T6_LABOURER_CONTRACT_ORE	6198
T7_LABOURER_CONTRACT_ORE	6199
T8_LABOURER_CONTRACT_ORE	6200
T2_LABOURER_CONTRACT_MERCENARY	6201
T3_LABOURER_CONTRACT_MERCENARY	6202
T4_LABOURER_CONTRACT_MERCENARY	6203
T5_LABOURER_CONTRACT_MERCENARY	6204
T6_LABOURER_CONTRACT_MERCENARY	6205
T7_LABOURER_CONTRACT_MERCENARY	6206
T8_LABOURER_CONTRACT_MERCENARY	6207
T2_LABOURER_CONTRACT_FISHERMAN	6208
T3_LABOURER_CONTRACT_FISHERMAN	6209
T4_LABOURER_CONTRACT_FISHERMAN	6210
T5_LABOURER_CONTRACT_FISHERMAN	6211
T6_LABOURER_CONTRACT_FISHERMAN	6212
T7_LABOURER_CONTRACT_FISHERMAN	6213
T8_LABOURER_CONTRACT_FISHERMAN	6214
T2_LABOURER_CONTRACT_HUNTER	6215
T3_LABOURER_CONTRACT_HUNTER	6216
T4_LABOURER_CONTRACT_HUNTER	6217
T5_LABOURER_CONTRACT_HUNTER	6218
T6_LABOURER_CONTRACT_HUNTER	6219
T7_LABOURER_CONTRACT_HUNTER	6220
T8_LABOURER_CONTRACT_HUNTER	6221
T2_LABOURER_CONTRACT_MAGE	6222
T3_LABOURER_CONTRACT_MAGE	6223
T4_LABOURER_CONTRACT_MAGE	6224
T5_LABOURER_CONTRACT_MAGE	6225
T6_LABOURER_CONTRACT_MAGE	6226
T7_LABOURER_CONTRACT_MAGE	6227
T8_LABOURER_CONTRACT_MAGE	6228
T2_LABOURER_CONTRACT_WARRIOR	6229
T3_LABOURER_CONTRACT_WARRIOR	6230
T4_LABOURER_CONTRACT_WARRIOR	6231
T5_LABOURER_CONTRACT_WARRIOR	6232
T6_LABOURER_CONTRACT_WARRIOR	6233
T7_LABOURER_CONTRACT_WARRIOR	6234
T8_LABOURER_CONTRACT_WARRIOR	6235
T2_LABOURER_CONTRACT_TOOLMAKER	6236
T3_LABOURER_CONTRACT_TOOLMAKER	6237
T4_LABOURER_CONTRACT_TOOLMAKER	6238
T5_LABOURER_CONTRACT_TOOLMAKER	6239
T6_LABOURER_CONTRACT_TOOLMAKER	6240
T7_LABOURER_CONTRACT_TOOLMAKER	6241
T8_LABOURER_CONTRACT_TOOLMAKER	6242
T2_2H_BOW	6243
T3_2H_BOW	6244
T4_2H_BOW	6245
T4_2H_BOW@1	6246
T4_2H_BOW@2	6247
T4_2H_BOW@3	6248
T4_2H_BOW@4	6249
T5_2H_BOW	6250
T5_2H_BOW@1	6251
T5_2H_BOW@2	6252
T5_2H_BOW@3	6253
T5_2H_BOW@4	6254
T6_2H_BOW	6255
T6_2H_BOW@1	6256
T6_2H_BOW@2	6257
T6_2H_BOW@3	6258
T6_2H_BOW@4	6259
T7_2H_BOW	6260
T7_2H_BOW@1	6261
T7_2H_BOW@2	6262
T7_2H_BOW@3	6263
T7_2H_BOW@4	6264
T8_2H_BOW	6265
T8_2H_BOW@1	6266
T8_2H_BOW@2	6267
T8_2H_BOW@3	6268
T8_2H_BOW@4	6269
T4_2H_WARBOW	6270
T4_2H_WARBOW@1	6271
T4_2H_WARBOW@2	6272
T4_2H_WARBOW@3	6273
T4_2H_WARBOW@4	6274
T5_2H_WARBOW	6275
T5_2H_WARBOW@1	6276
T5_2H_WARBOW@2	6277
T5_2H_WARBOW@3	6278
T5_2H_WARBOW@4	6279
T6_2H_WARBOW	6280
T6_2H_WARBOW@1	6281
T6_2H_WARBOW@2	6282
T6_2H_WARBOW@3	6283
T6_2H_WARBOW@4	6284
T7_2H_WARBOW	6285
T7_2H_WARBOW@1	6286
T7_2H_WARBOW@2	6287
T7_2H_WARBOW@3	6288
T7_2H_WARBOW@4	6289
T8_2H_WARBOW	6290
T8_2H_WARBOW@1	6291
T8_2H_WARBOW@2	6292
T8_2H_WARBOW@3	6293
T8_2H_WARBOW@4	6294
T4_2H_LONGBOW	6295
T4_2H_LONGBOW@1	6296
T4_2H_LONGBOW@2	6297
T4_2H_LONGBOW@3	6298
T4_2H_LONGBOW@4	6299
T5_2H_LONGBOW	6300
T5_2H_LONGBOW@1	6301
T5_2H_LONGBOW@2	6302
T5_2H_LONGBOW@3	6303
T5_2H_LONGBOW@4	6304
T6_2H_LONGBOW	6305
T6_2H_LONGBOW@1	6306
T6_2H_LONGBOW@2	6307
T6_2H_LONGBOW@3	6308
T6_2H_LONGBOW@4	6309
T7_2H_LONGBOW	6310
T7_2H_LONGBOW@1	6311
T7_2H_LONGBOW@2	6312
T7_2H_LONGBOW@3	6313
T7_2H_LONGBOW@4	6314
T8_2H_LONGBOW	6315
T8_2H_LONGBOW@1	6316
T8_2H_LONGBOW@2	6317
T8_2H_LONGBOW@3	6318
T8_2H_LONGBOW@4	6319
T4_2H_LONGBOW_UNDEAD	6320
T4_2H_LONGBOW_UNDEAD@1	6321
T4_2H_LONGBOW_UNDEAD@2	6322
T4_2H_LONGBOW_UNDEAD@3	6323
T4_2H_LONGBOW_UNDEAD@4	6324
T5_2H_LONGBOW_UNDEAD	6325
T5_2H_LONGBOW_UNDEAD@1	6326
T5_2H_LONGBOW_UNDEAD@2	6327
T5_2H_LONGBOW_UNDEAD@3	6328
T5_2H_LONGBOW_UNDEAD@4	6329
T6_2H_LONGBOW_UNDEAD	6330
T6_2H_LONGBOW_UNDEAD@1	6331
T6_2H_LONGBOW_UNDEAD@2	6332
T6_2H_LONGBOW_UNDEAD@3	6333
T6_2H_LONGBOW_UNDEAD@4	6334
T7_2H_LONGBOW_UNDEAD	6335
T7_2H_LONGBOW_UNDEAD@1	6336
T7_2H_LONGBOW_UNDEAD@2	6337
T7_2H_LONGBOW_UNDEAD@3	6338
T7_2H_LONGBOW_UNDEAD@4	6339
T8_2H_LONGBOW_UNDEAD	6340
T8_2H_LONGBOW_UNDEAD@1	6341
T8_2H_LONGBOW_UNDEAD@2	6342
T8_2H_LONGBOW_UNDEAD@3	6343
T8_2H_LONGBOW_UNDEAD@4	6344
T4_2H_BOW_HELL	6345
T4_2H_BOW_HELL@1	6346
T4_2H_BOW_HELL@2	6347
T4_2H_BOW_HELL@3	6348
T4_2H_BOW_HELL@4	6349
T5_2H_BOW_HELL	6350
T5_2H_BOW_HELL@1	6351
T5_2H_BOW_HELL@2	6352
T5_2H_BOW_HELL@3	6353
T5_2H_BOW_HELL@4	6354
T6_2H_BOW_HELL	6355
T6_2H_BOW_HELL@1	6356
T6_2H_BOW_HELL@2	6357
T6_2H_BOW_HELL@3	6358
T6_2H_BOW_HELL@4	6359
T7_2H_BOW_HELL	6360
T7_2H_BOW_HELL@1	6361
T7_2H_BOW_HELL@2	6362
T7_2H_BOW_HELL@3	6363
T7_2H_BOW_HELL@4	6364
T8_2H_BOW_HELL	6365
T8_2H_BOW_HELL@1	6366
T8_2H_BOW_HELL@2	6367
T8_2H_BOW_HELL@3	6368
T8_2H_BOW_HELL@4	6369
T4_2H_BOW_KEEPER	6370
T4_2H_BOW_KEEPER@1	6371
T4_2H_BOW_KEEPER@2	6372
T4_2H_BOW_KEEPER@3	6373
T4_2H_BOW_KEEPER@4	6374
T5_2H_BOW_KEEPER	6375
T5_2H_BOW_KEEPER@1	6376
T5_2H_BOW_KEEPER@2	6377
T5_2H_BOW_KEEPER@3	6378
T5_2H_BOW_KEEPER@4	6379
T6_2H_BOW_KEEPER	6380
T6_2H_BOW_KEEPER@1	6381
T6_2H_BOW_KEEPER@2	6382
T6_2H_BOW_KEEPER@3	6383
T6_2H_BOW_KEEPER@4	6384
T7_2H_BOW_KEEPER	6385
T7_2H_BOW_KEEPER@1	6386
T7_2H_BOW_KEEPER@2	6387
T7_2H_BOW_KEEPER@3	6388
T7_2H_BOW_KEEPER@4	6389
T8_2H_BOW_KEEPER	6390
T8_2H_BOW_KEEPER@1	6391
T8_2H_BOW_KEEPER@2	6392
T8_2H_BOW_KEEPER@3	6393
T8_2H_BOW_KEEPER@4	6394
T4_2H_BOW_AVALON	6395
T4_2H_BOW_AVALON@1	6396
T4_2H_BOW_AVALON@2	6397
T4_2H_BOW_AVALON@3	6398
T4_2H_BOW_AVALON@4	6399
T5_2H_BOW_AVALON	6400
T5_2H_BOW_AVALON@1	6401
T5_2H_BOW_AVALON@2	6402
T5_2H_BOW_AVALON@3	6403
T5_2H_BOW_AVALON@4	6404
T6_2H_BOW_AVALON	6405
T6_2H_BOW_AVALON@1	6406
T6_2H_BOW_AVALON@2	6407
T6_2H_BOW_AVALON@3	6408
T6_2H_BOW_AVALON@4	6409
T7_2H_BOW_AVALON	6410
T7_2H_BOW_AVALON@1	6411
T7_2H_BOW_AVALON@2	6412
T7_2H_BOW_AVALON@3	6413
T7_2H_BOW_AVALON@4	6414
T8_2H_BOW_AVALON	6415
T8_2H_BOW_AVALON@1	6416
T8_2H_BOW_AVALON@2	6417
T8_2H_BOW_AVALON@3	6418
T8_2H_BOW_AVALON@4	6419
T4_2H_BOW_CRYSTAL	6420
T4_2H_BOW_CRYSTAL@1	6421
T4_2H_BOW_CRYSTAL@2	6422
T4_2H_BOW_CRYSTAL@3	6423
T4_2H_BOW_CRYSTAL@4	6424
T5_2H_BOW_CRYSTAL	6425
T5_2H_BOW_CRYSTAL@1	6426
T5_2H_BOW_CRYSTAL@2	6427
T5_2H_BOW_CRYSTAL@3	6428
T5_2H_BOW_CRYSTAL@4	6429
T6_2H_BOW_CRYSTAL	6430
T6_2H_BOW_CRYSTAL@1	6431
T6_2H_BOW_CRYSTAL@2	6432
T6_2H_BOW_CRYSTAL@3	6433
T6_2H_BOW_CRYSTAL@4	6434
T7_2H_BOW_CRYSTAL	6435
T7_2H_BOW_CRYSTAL@1	6436
T7_2H_BOW_CRYSTAL@2	6437
T7_2H_BOW_CRYSTAL@3	6438
T7_2H_BOW_CRYSTAL@4	6439
T8_2H_BOW_CRYSTAL	6440
T8_2H_BOW_CRYSTAL@1	6441
T8_2H_BOW_CRYSTAL@2	6442
T8_2H_BOW_CRYSTAL@3	6443
T8_2H_BOW_CRYSTAL@4	6444
T3_2H_CROSSBOW	6445
T4_2H_CROSSBOW	6446
T4_2H_CROSSBOW@1	6447
T4_2H_CROSSBOW@2	6448
T4_2H_CROSSBOW@3	6449
T4_2H_CROSSBOW@4	6450
T5_2H_CROSSBOW	6451
T5_2H_CROSSBOW@1	6452
T5_2H_CROSSBOW@2	6453
T5_2H_CROSSBOW@3	6454
T5_2H_CROSSBOW@4	6455
T6_2H_CROSSBOW	6456
T6_2H_CROSSBOW@1	6457
T6_2H_CROSSBOW@2	6458
T6_2H_CROSSBOW@3	6459
T6_2H_CROSSBOW@4	6460
T7_2H_CROSSBOW	6461
T7_2H_CROSSBOW@1	6462
T7_2H_CROSSBOW@2	6463
T7_2H_CROSSBOW@3	6464
T7_2H_CROSSBOW@4	6465
T8_2H_CROSSBOW	6466
T8_2H_CROSSBOW@1	6467
T8_2H_CROSSBOW@2	6468
T8_2H_CROSSBOW@3	6469
T8_2H_CROSSBOW@4	6470
T4_2H_CROSSBOWLARGE	6471
T4_2H_CROSSBOWLARGE@1	6472
T4_2H_CROSSBOWLARGE@2	6473
T4_2H_CROSSBOWLARGE@3	6474
T4_2H_CROSSBOWLARGE@4	6475
T5_2H_CROSSBOWLARGE	6476
T5_2H_CROSSBOWLARGE@1	6477
T5_2H_CROSSBOWLARGE@2	6478
T5_2H_CROSSBOWLARGE@3	6479
T5_2H_CROSSBOWLARGE@4	6480
T6_2H_CROSSBOWLARGE	6481
T6_2H_CROSSBOWLARGE@1	6482
T6_2H_CROSSBOWLARGE@2	6483
T6_2H_CROSSBOWLARGE@3	6484
T6_2H_CROSSBOWLARGE@4	6485
T7_2H_CROSSBOWLARGE	6486
T7_2H_CROSSBOWLARGE@1	6487
T7_2H_CROSSBOWLARGE@2	6488
T7_2H_CROSSBOWLARGE@3	6489
T7_2H_CROSSBOWLARGE@4	6490
T8_2H_CROSSBOWLARGE	6491
T8_2H_CROSSBOWLARGE@1	6492
T8_2H_CROSSBOWLARGE@2	6493
T8_2H_CROSSBOWLARGE@3	6494
T8_2H_CROSSBOWLARGE@4	6495
T4_MAIN_1HCROSSBOW	6496
T4_MAIN_1HCROSSBOW@1	6497
T4_MAIN_1HCROSSBOW@2	6498
T4_MAIN_1HCROSSBOW@3	6499
T4_MAIN_1HCROSSBOW@4	6500
T5_MAIN_1HCROSSBOW	6501
T5_MAIN_1HCROSSBOW@1	6502
T5_MAIN_1HCROSSBOW@2	6503
T5_MAIN_1HCROSSBOW@3	6504
T5_MAIN_1HCROSSBOW@4	6505
T6_MAIN_1HCROSSBOW	6506
T6_MAIN_1HCROSSBOW@1	6507
T6_MAIN_1HCROSSBOW@2	6508
T6_MAIN_1HCROSSBOW@3	6509
T6_MAIN_1HCROSSBOW@4	6510
T7_MAIN_1HCROSSBOW	6511
T7_MAIN_1HCROSSBOW@1	6512
T7_MAIN_1HCROSSBOW@2	6513
T7_MAIN_1HCROSSBOW@3	6514
T7_MAIN_1HCROSSBOW@4	6515
T8_MAIN_1HCROSSBOW	6516
T8_MAIN_1HCROSSBOW@1	6517
T8_MAIN_1HCROSSBOW@2	6518
T8_MAIN_1HCROSSBOW@3	6519
T8_MAIN_1HCROSSBOW@4	6520
T4_2H_REPEATINGCROSSBOW_UNDEAD	6521
T4_2H_REPEATINGCROSSBOW_UNDEAD@1	6522
T4_2H_REPEATINGCROSSBOW_UNDEAD@2	6523
T4_2H_REPEATINGCROSSBOW_UNDEAD@3	6524
T4_2H_REPEATINGCROSSBOW_UNDEAD@4	6525
T5_2H_REPEATINGCROSSBOW_UNDEAD	6526
T5_2H_REPEATINGCROSSBOW_UNDEAD@1	6527
T5_2H_REPEATINGCROSSBOW_UNDEAD@2	6528
T5_2H_REPEATINGCROSSBOW_UNDEAD@3	6529
T5_2H_REPEATINGCROSSBOW_UNDEAD@4	6530
T6_2H_REPEATINGCROSSBOW_UNDEAD	6531
T6_2H_REPEATINGCROSSBOW_UNDEAD@1	6532
T6_2H_REPEATINGCROSSBOW_UNDEAD@2	6533
T6_2H_REPEATINGCROSSBOW_UNDEAD@3	6534
T6_2H_REPEATINGCROSSBOW_UNDEAD@4	6535
T7_2H_REPEATINGCROSSBOW_UNDEAD	6536
T7_2H_REPEATINGCROSSBOW_UNDEAD@1	6537
T7_2H_REPEATINGCROSSBOW_UNDEAD@2	6538
T7_2H_REPEATINGCROSSBOW_UNDEAD@3	6539
T7_2H_REPEATINGCROSSBOW_UNDEAD@4	6540
T8_2H_REPEATINGCROSSBOW_UNDEAD	6541
T8_2H_REPEATINGCROSSBOW_UNDEAD@1	6542
T8_2H_REPEATINGCROSSBOW_UNDEAD@2	6543
T8_2H_REPEATINGCROSSBOW_UNDEAD@3	6544
T8_2H_REPEATINGCROSSBOW_UNDEAD@4	6545
T4_2H_DUALCROSSBOW_HELL	6546
T4_2H_DUALCROSSBOW_HELL@1	6547
T4_2H_DUALCROSSBOW_HELL@2	6548
T4_2H_DUALCROSSBOW_HELL@3	6549
T4_2H_DUALCROSSBOW_HELL@4	6550
T5_2H_DUALCROSSBOW_HELL	6551
T5_2H_DUALCROSSBOW_HELL@1	6552
T5_2H_DUALCROSSBOW_HELL@2	6553
T5_2H_DUALCROSSBOW_HELL@3	6554
T5_2H_DUALCROSSBOW_HELL@4	6555
T6_2H_DUALCROSSBOW_HELL	6556
T6_2H_DUALCROSSBOW_HELL@1	6557
T6_2H_DUALCROSSBOW_HELL@2	6558
T6_2H_DUALCROSSBOW_HELL@3	6559
T6_2H_DUALCROSSBOW_HELL@4	6560
T7_2H_DUALCROSSBOW_HELL	6561
T7_2H_DUALCROSSBOW_HELL@1	6562
T7_2H_DUALCROSSBOW_HELL@2	6563
T7_2H_DUALCROSSBOW_HELL@3	6564
T7_2H_DUALCROSSBOW_HELL@4	6565
T8_2H_DUALCROSSBOW_HELL	6566
T8_2H_DUALCROSSBOW_HELL@1	6567
T8_2H_DUALCROSSBOW_HELL@2	6568
T8_2H_DUALCROSSBOW_HELL@3	6569
T8_2H_DUALCROSSBOW_HELL@4	6570
T4_2H_CROSSBOWLARGE_MORGANA	6571
T4_2H_CROSSBOWLARGE_MORGANA@1	6572
T4_2H_CROSSBOWLARGE_MORGANA@2	6573
T4_2H_CROSSBOWLARGE_MORGANA@3	6574
T4_2H_CROSSBOWLARGE_MORGANA@4	6575
T5_2H_CROSSBOWLARGE_MORGANA	6576
T5_2H_CROSSBOWLARGE_MORGANA@1	6577
T5_2H_CROSSBOWLARGE_MORGANA@2	6578
T5_2H_CROSSBOWLARGE_MORGANA@3	6579
T5_2H_CROSSBOWLARGE_MORGANA@4	6580
T6_2H_CROSSBOWLARGE_MORGANA	6581
T6_2H_CROSSBOWLARGE_MORGANA@1	6582
T6_2H_CROSSBOWLARGE_MORGANA@2	6583
T6_2H_CROSSBOWLARGE_MORGANA@3	6584
T6_2H_CROSSBOWLARGE_MORGANA@4	6585
T7_2H_CROSSBOWLARGE_MORGANA	6586
T7_2H_CROSSBOWLARGE_MORGANA@1	6587
T7_2H_CROSSBOWLARGE_MORGANA@2	6588
T7_2H_CROSSBOWLARGE_MORGANA@3	6589
T7_2H_CROSSBOWLARGE_MORGANA@4	6590
T8_2H_CROSSBOWLARGE_MORGANA	6591
T8_2H_CROSSBOWLARGE_MORGANA@1	6592
T8_2H_CROSSBOWLARGE_MORGANA@2	6593
T8_2H_CROSSBOWLARGE_MORGANA@3	6594
T8_2H_CROSSBOWLARGE_MORGANA@4	6595
T4_2H_CROSSBOW_CANNON_AVALON	6596
T4_2H_CROSSBOW_CANNON_AVALON@1	6597
T4_2H_CROSSBOW_CANNON_AVALON@2	6598
T4_2H_CROSSBOW_CANNON_AVALON@3	6599
T4_2H_CROSSBOW_CANNON_AVALON@4	6600
T5_2H_CROSSBOW_CANNON_AVALON	6601
T5_2H_CROSSBOW_CANNON_AVALON@1	6602
T5_2H_CROSSBOW_CANNON_AVALON@2	6603
T5_2H_CROSSBOW_CANNON_AVALON@3	6604
T5_2H_CROSSBOW_CANNON_AVALON@4	6605
T6_2H_CROSSBOW_CANNON_AVALON	6606
T6_2H_CROSSBOW_CANNON_AVALON@1	6607
T6_2H_CROSSBOW_CANNON_AVALON@2	6608
T6_2H_CROSSBOW_CANNON_AVALON@3	6609
T6_2H_CROSSBOW_CANNON_AVALON@4	6610
T7_2H_CROSSBOW_CANNON_AVALON	6611
T7_2H_CROSSBOW_CANNON_AVALON@1	6612
T7_2H_CROSSBOW_CANNON_AVALON@2	6613
T7_2H_CROSSBOW_CANNON_AVALON@3	6614
T7_2H_CROSSBOW_CANNON_AVALON@4	6615
T8_2H_CROSSBOW_CANNON_AVALON	6616
T8_2H_CROSSBOW_CANNON_AVALON@1	6617
T8_2H_CROSSBOW_CANNON_AVALON@2	6618
T8_2H_CROSSBOW_CANNON_AVALON@3	6619
T8_2H_CROSSBOW_CANNON_AVALON@4	6620
T4_2H_DUALCROSSBOW_CRYSTAL	6621
T4_2H_DUALCROSSBOW_CRYSTAL@1	6622
T4_2H_DUALCROSSBOW_CRYSTAL@2	6623
T4_2H_DUALCROSSBOW_CRYSTAL@3	6624
T4_2H_DUALCROSSBOW_CRYSTAL@4	6625
T5_2H_DUALCROSSBOW_CRYSTAL	6626
T5_2H_DUALCROSSBOW_CRYSTAL@1	6627
T5_2H_DUALCROSSBOW_CRYSTAL@2	6628
T5_2H_DUALCROSSBOW_CRYSTAL@3	6629
T5_2H_DUALCROSSBOW_CRYSTAL@4	6630
T6_2H_DUALCROSSBOW_CRYSTAL	6631
T6_2H_DUALCROSSBOW_CRYSTAL@1	6632
T6_2H_DUALCROSSBOW_CRYSTAL@2	6633
T6_2H_DUALCROSSBOW_CRYSTAL@3	6634
T6_2H_DUALCROSSBOW_CRYSTAL@4	6635
T7_2H_DUALCROSSBOW_CRYSTAL	6636
T7_2H_DUALCROSSBOW_CRYSTAL@1	6637
T7_2H_DUALCROSSBOW_CRYSTAL@2	6638
T7_2H_DUALCROSSBOW_CRYSTAL@3	6639
T7_2H_DUALCROSSBOW_CRYSTAL@4	6640
T8_2H_DUALCROSSBOW_CRYSTAL	6641
T8_2H_DUALCROSSBOW_CRYSTAL@1	6642
T8_2H_DUALCROSSBOW_CRYSTAL@2	6643
T8_2H_DUALCROSSBOW_CRYSTAL@3	6644
T8_2H_DUALCROSSBOW_CRYSTAL@4	6645
T3_MAIN_CURSEDSTAFF	6646
T4_MAIN_CURSEDSTAFF	6647
T4_MAIN_CURSEDSTAFF@1	6648
T4_MAIN_CURSEDSTAFF@2	6649
T4_MAIN_CURSEDSTAFF@3	6650
T4_MAIN_CURSEDSTAFF@4	6651
T5_MAIN_CURSEDSTAFF	6652
T5_MAIN_CURSEDSTAFF@1	6653
T5_MAIN_CURSEDSTAFF@2	6654
T5_MAIN_CURSEDSTAFF@3	6655
T5_MAIN_CURSEDSTAFF@4	6656
T6_MAIN_CURSEDSTAFF	6657
T6_MAIN_CURSEDSTAFF@1	6658
T6_MAIN_CURSEDSTAFF@2	6659
T6_MAIN_CURSEDSTAFF@3	6660
T6_MAIN_CURSEDSTAFF@4	6661
T7_MAIN_CURSEDSTAFF	6662
T7_MAIN_CURSEDSTAFF@1	6663
T7_MAIN_CURSEDSTAFF@2	6664
T7_MAIN_CURSEDSTAFF@3	6665
T7_MAIN_CURSEDSTAFF@4	6666
T8_MAIN_CURSEDSTAFF	6667
T8_MAIN_CURSEDSTAFF@1	6668
T8_MAIN_CURSEDSTAFF@2	6669
T8_MAIN_CURSEDSTAFF@3	6670
T8_MAIN_CURSEDSTAFF@4	6671
T4_2H_CURSEDSTAFF	6672
T4_2H_CURSEDSTAFF@1	6673
T4_2H_CURSEDSTAFF@2	6674
T4_2H_CURSEDSTAFF@3	6675
T4_2H_CURSEDSTAFF@4	6676
T5_2H_CURSEDSTAFF	6677
T5_2H_CURSEDSTAFF@1	6678
T5_2H_CURSEDSTAFF@2	6679
T5_2H_CURSEDSTAFF@3	6680
T5_2H_CURSEDSTAFF@4	6681
T6_2H_CURSEDSTAFF	6682
T6_2H_CURSEDSTAFF@1	6683
T6_2H_CURSEDSTAFF@2	6684
T6_2H_CURSEDSTAFF@3	6685
T6_2H_CURSEDSTAFF@4	6686
T7_2H_CURSEDSTAFF	6687
T7_2H_CURSEDSTAFF@1	6688
T7_2H_CURSEDSTAFF@2	6689
T7_2H_CURSEDSTAFF@3	6690
T7_2H_CURSEDSTAFF@4	6691
T8_2H_CURSEDSTAFF	6692
T8_2H_CURSEDSTAFF@1	6693
T8_2H_CURSEDSTAFF@2	6694
T8_2H_CURSEDSTAFF@3	6695
T8_2H_CURSEDSTAFF@4	6696
T4_2H_DEMONICSTAFF	6697
T4_2H_DEMONICSTAFF@1	6698
T4_2H_DEMONICSTAFF@2	6699
T4_2H_DEMONICSTAFF@3	6700
T4_2H_DEMONICSTAFF@4	6701
T5_2H_DEMONICSTAFF	6702
T5_2H_DEMONICSTAFF@1	6703
T5_2H_DEMONICSTAFF@2	6704
T5_2H_DEMONICSTAFF@3	6705
T5_2H_DEMONICSTAFF@4	6706
T6_2H_DEMONICSTAFF	6707
T6_2H_DEMONICSTAFF@1	6708
T6_2H_DEMONICSTAFF@2	6709
T6_2H_DEMONICSTAFF@3	6710
T6_2H_DEMONICSTAFF@4	6711
T7_2H_DEMONICSTAFF	6712
T7_2H_DEMONICSTAFF@1	6713
T7_2H_DEMONICSTAFF@2	6714
T7_2H_DEMONICSTAFF@3	6715
T7_2H_DEMONICSTAFF@4	6716
T8_2H_DEMONICSTAFF	6717
T8_2H_DEMONICSTAFF@1	6718
T8_2H_DEMONICSTAFF@2	6719
T8_2H_DEMONICSTAFF@3	6720
T8_2H_DEMONICSTAFF@4	6721
T4_MAIN_CURSEDSTAFF_UNDEAD	6722
T4_MAIN_CURSEDSTAFF_UNDEAD@1	6723
T4_MAIN_CURSEDSTAFF_UNDEAD@2	6724
T4_MAIN_CURSEDSTAFF_UNDEAD@3	6725
T4_MAIN_CURSEDSTAFF_UNDEAD@4	6726
T5_MAIN_CURSEDSTAFF_UNDEAD	6727
T5_MAIN_CURSEDSTAFF_UNDEAD@1	6728
T5_MAIN_CURSEDSTAFF_UNDEAD@2	6729
T5_MAIN_CURSEDSTAFF_UNDEAD@3	6730
T5_MAIN_CURSEDSTAFF_UNDEAD@4	6731
T6_MAIN_CURSEDSTAFF_UNDEAD	6732
T6_MAIN_CURSEDSTAFF_UNDEAD@1	6733
T6_MAIN_CURSEDSTAFF_UNDEAD@2	6734
T6_MAIN_CURSEDSTAFF_UNDEAD@3	6735
T6_MAIN_CURSEDSTAFF_UNDEAD@4	6736
T7_MAIN_CURSEDSTAFF_UNDEAD	6737
T7_MAIN_CURSEDSTAFF_UNDEAD@1	6738
T7_MAIN_CURSEDSTAFF_UNDEAD@2	6739
T7_MAIN_CURSEDSTAFF_UNDEAD@3	6740
T7_MAIN_CURSEDSTAFF_UNDEAD@4	6741
T8_MAIN_CURSEDSTAFF_UNDEAD	6742
T8_MAIN_CURSEDSTAFF_UNDEAD@1	6743
T8_MAIN_CURSEDSTAFF_UNDEAD@2	6744
T8_MAIN_CURSEDSTAFF_UNDEAD@3	6745
T8_MAIN_CURSEDSTAFF_UNDEAD@4	6746
T4_2H_SKULLORB_HELL	6747
T4_2H_SKULLORB_HELL@1	6748
T4_2H_SKULLORB_HELL@2	6749
T4_2H_SKULLORB_HELL@3	6750
T4_2H_SKULLORB_HELL@4	6751
T5_2H_SKULLORB_HELL	6752
T5_2H_SKULLORB_HELL@1	6753
T5_2H_SKULLORB_HELL@2	6754
T5_2H_SKULLORB_HELL@3	6755
T5_2H_SKULLORB_HELL@4	6756
T6_2H_SKULLORB_HELL	6757
T6_2H_SKULLORB_HELL@1	6758
T6_2H_SKULLORB_HELL@2	6759
T6_2H_SKULLORB_HELL@3	6760
T6_2H_SKULLORB_HELL@4	6761
T7_2H_SKULLORB_HELL	6762
T7_2H_SKULLORB_HELL@1	6763
T7_2H_SKULLORB_HELL@2	6764
T7_2H_SKULLORB_HELL@3	6765
T7_2H_SKULLORB_HELL@4	6766
T8_2H_SKULLORB_HELL	6767
T8_2H_SKULLORB_HELL@1	6768
T8_2H_SKULLORB_HELL@2	6769
T8_2H_SKULLORB_HELL@3	6770
T8_2H_SKULLORB_HELL@4	6771
T4_2H_CURSEDSTAFF_MORGANA	6772
T4_2H_CURSEDSTAFF_MORGANA@1	6773
T4_2H_CURSEDSTAFF_MORGANA@2	6774
T4_2H_CURSEDSTAFF_MORGANA@3	6775
T4_2H_CURSEDSTAFF_MORGANA@4	6776
T5_2H_CURSEDSTAFF_MORGANA	6777
T5_2H_CURSEDSTAFF_MORGANA@1	6778
T5_2H_CURSEDSTAFF_MORGANA@2	6779
T5_2H_CURSEDSTAFF_MORGANA@3	6780
T5_2H_CURSEDSTAFF_MORGANA@4	6781
T6_2H_CURSEDSTAFF_MORGANA	6782
T6_2H_CURSEDSTAFF_MORGANA@1	6783
T6_2H_CURSEDSTAFF_MORGANA@2	6784
T6_2H_CURSEDSTAFF_MORGANA@3	6785
T6_2H_CURSEDSTAFF_MORGANA@4	6786
T7_2H_CURSEDSTAFF_MORGANA	6787
T7_2H_CURSEDSTAFF_MORGANA@1	6788
T7_2H_CURSEDSTAFF_MORGANA@2	6789
T7_2H_CURSEDSTAFF_MORGANA@3	6790
T7_2H_CURSEDSTAFF_MORGANA@4	6791
T8_2H_CURSEDSTAFF_MORGANA	6792
T8_2H_CURSEDSTAFF_MORGANA@1	6793
T8_2H_CURSEDSTAFF_MORGANA@2	6794
T8_2H_CURSEDSTAFF_MORGANA@3	6795
T8_2H_CURSEDSTAFF_MORGANA@4	6796
T4_MAIN_CURSEDSTAFF_AVALON	6797
T4_MAIN_CURSEDSTAFF_AVALON@1	6798
T4_MAIN_CURSEDSTAFF_AVALON@2	6799
T4_MAIN_CURSEDSTAFF_AVALON@3	6800
T4_MAIN_CURSEDSTAFF_AVALON@4	6801
T5_MAIN_CURSEDSTAFF_AVALON	6802
T5_MAIN_CURSEDSTAFF_AVALON@1	6803
T5_MAIN_CURSEDSTAFF_AVALON@2	6804
T5_MAIN_CURSEDSTAFF_AVALON@3	6805
T5_MAIN_CURSEDSTAFF_AVALON@4	6806
T6_MAIN_CURSEDSTAFF_AVALON	6807
T6_MAIN_CURSEDSTAFF_AVALON@1	6808
T6_MAIN_CURSEDSTAFF_AVALON@2	6809
T6_MAIN_CURSEDSTAFF_AVALON@3	6810
T6_MAIN_CURSEDSTAFF_AVALON@4	6811
T7_MAIN_CURSEDSTAFF_AVALON	6812
T7_MAIN_CURSEDSTAFF_AVALON@1	6813
T7_MAIN_CURSEDSTAFF_AVALON@2	6814
T7_MAIN_CURSEDSTAFF_AVALON@3	6815
T7_MAIN_CURSEDSTAFF_AVALON@4	6816
T8_MAIN_CURSEDSTAFF_AVALON	6817
T8_MAIN_CURSEDSTAFF_AVALON@1	6818
T8_MAIN_CURSEDSTAFF_AVALON@2	6819
T8_MAIN_CURSEDSTAFF_AVALON@3	6820
T8_MAIN_CURSEDSTAFF_AVALON@4	6821
T4_MAIN_CURSEDSTAFF_CRYSTAL	6822
T4_MAIN_CURSEDSTAFF_CRYSTAL@1	6823
T4_MAIN_CURSEDSTAFF_CRYSTAL@2	6824
T4_MAIN_CURSEDSTAFF_CRYSTAL@3	6825
T4_MAIN_CURSEDSTAFF_CRYSTAL@4	6826
T5_MAIN_CURSEDSTAFF_CRYSTAL	6827
T5_MAIN_CURSEDSTAFF_CRYSTAL@1	6828
T5_MAIN_CURSEDSTAFF_CRYSTAL@2	6829
T5_MAIN_CURSEDSTAFF_CRYSTAL@3	6830
T5_MAIN_CURSEDSTAFF_CRYSTAL@4	6831
T6_MAIN_CURSEDSTAFF_CRYSTAL	6832
T6_MAIN_CURSEDSTAFF_CRYSTAL@1	6833
T6_MAIN_CURSEDSTAFF_CRYSTAL@2	6834
T6_MAIN_CURSEDSTAFF_CRYSTAL@3	6835
T6_MAIN_CURSEDSTAFF_CRYSTAL@4	6836
T7_MAIN_CURSEDSTAFF_CRYSTAL	6837
T7_MAIN_CURSEDSTAFF_CRYSTAL@1	6838
T7_MAIN_CURSEDSTAFF_CRYSTAL@2	6839
T7_MAIN_CURSEDSTAFF_CRYSTAL@3	6840
T7_MAIN_CURSEDSTAFF_CRYSTAL@4	6841
T8_MAIN_CURSEDSTAFF_CRYSTAL	6842
T8_MAIN_CURSEDSTAFF_CRYSTAL@1	6843
T8_MAIN_CURSEDSTAFF_CRYSTAL@2	6844
T8_MAIN_CURSEDSTAFF_CRYSTAL@3	6845
T8_MAIN_CURSEDSTAFF_CRYSTAL@4	6846
T2_MAIN_FIRESTAFF	6847
T3_MAIN_FIRESTAFF	6848
T4_MAIN_FIRESTAFF	6849
T4_MAIN_FIRESTAFF@1	6850
T4_MAIN_FIRESTAFF@2	6851
T4_MAIN_FIRESTAFF@3	6852
T4_MAIN_FIRESTAFF@4	6853
T5_MAIN_FIRESTAFF	6854
T5_MAIN_FIRESTAFF@1	6855
T5_MAIN_FIRESTAFF@2	6856
T5_MAIN_FIRESTAFF@3	6857
T5_MAIN_FIRESTAFF@4	6858
T6_MAIN_FIRESTAFF	6859
T6_MAIN_FIRESTAFF@1	6860
T6_MAIN_FIRESTAFF@2	6861
T6_MAIN_FIRESTAFF@3	6862
T6_MAIN_FIRESTAFF@4	6863
T7_MAIN_FIRESTAFF	6864
T7_MAIN_FIRESTAFF@1	6865
T7_MAIN_FIRESTAFF@2	6866
T7_MAIN_FIRESTAFF@3	6867
T7_MAIN_FIRESTAFF@4	6868
T8_MAIN_FIRESTAFF	6869
T8_MAIN_FIRESTAFF@1	6870
T8_MAIN_FIRESTAFF@2	6871
T8_MAIN_FIRESTAFF@3	6872
T8_MAIN_FIRESTAFF@4	6873
T4_2H_FIRESTAFF	6874
T4_2H_FIRESTAFF@1	6875
T4_2H_FIRESTAFF@2	6876
T4_2H_FIRESTAFF@3	6877
T4_2H_FIRESTAFF@4	6878
T5_2H_FIRESTAFF	6879
T5_2H_FIRESTAFF@1	6880
T5_2H_FIRESTAFF@2	6881
T5_2H_FIRESTAFF@3	6882
T5_2H_FIRESTAFF@4	6883
T6_2H_FIRESTAFF	6884
T6_2H_FIRESTAFF@1	6885
T6_2H_FIRESTAFF@2	6886
T6_2H_FIRESTAFF@3	6887
T6_2H_FIRESTAFF@4	6888
T7_2H_FIRESTAFF	6889
T7_2H_FIRESTAFF@1	6890
T7_2H_FIRESTAFF@2	6891
T7_2H_FIRESTAFF@3	6892
T7_2H_FIRESTAFF@4	6893
T8_2H_FIRESTAFF	6894
T8_2H_FIRESTAFF@1	6895
T8_2H_FIRESTAFF@2	6896
T8_2H_FIRESTAFF@3	6897
T8_2H_FIRESTAFF@4	6898
T4_2H_INFERNOSTAFF	6899
T4_2H_INFERNOSTAFF@1	6900
T4_2H_INFERNOSTAFF@2	6901
T4_2H_INFERNOSTAFF@3	6902
T4_2H_INFERNOSTAFF@4	6903
T5_2H_INFERNOSTAFF	6904
T5_2H_INFERNOSTAFF@1	6905
T5_2H_INFERNOSTAFF@2	6906
T5_2H_INFERNOSTAFF@3	6907
T5_2H_INFERNOSTAFF@4	6908
T6_2H_INFERNOSTAFF	6909
T6_2H_INFERNOSTAFF@1	6910
T6_2H_INFERNOSTAFF@2	6911
T6_2H_INFERNOSTAFF@3	6912
T6_2H_INFERNOSTAFF@4	6913
T7_2H_INFERNOSTAFF	6914
T7_2H_INFERNOSTAFF@1	6915
T7_2H_INFERNOSTAFF@2	6916
T7_2H_INFERNOSTAFF@3	6917
T7_2H_INFERNOSTAFF@4	6918
T8_2H_INFERNOSTAFF	6919
T8_2H_INFERNOSTAFF@1	6920
T8_2H_INFERNOSTAFF@2	6921
T8_2H_INFERNOSTAFF@3	6922
T8_2H_INFERNOSTAFF@4	6923
T4_MAIN_FIRESTAFF_KEEPER	6924
T4_MAIN_FIRESTAFF_KEEPER@1	6925
T4_MAIN_FIRESTAFF_KEEPER@2	6926
T4_MAIN_FIRESTAFF_KEEPER@3	6927
T4_MAIN_FIRESTAFF_KEEPER@4	6928
T5_MAIN_FIRESTAFF_KEEPER	6929
T5_MAIN_FIRESTAFF_KEEPER@1	6930
T5_MAIN_FIRESTAFF_KEEPER@2	6931
T5_MAIN_FIRESTAFF_KEEPER@3	6932
T5_MAIN_FIRESTAFF_KEEPER@4	6933
T6_MAIN_FIRESTAFF_KEEPER	6934
T6_MAIN_FIRESTAFF_KEEPER@1	6935
T6_MAIN_FIRESTAFF_KEEPER@2	6936
T6_MAIN_FIRESTAFF_KEEPER@3	6937
T6_MAIN_FIRESTAFF_KEEPER@4	6938
T7_MAIN_FIRESTAFF_KEEPER	6939
T7_MAIN_FIRESTAFF_KEEPER@1	6940
T7_MAIN_FIRESTAFF_KEEPER@2	6941
T7_MAIN_FIRESTAFF_KEEPER@3	6942
T7_MAIN_FIRESTAFF_KEEPER@4	6943
T8_MAIN_FIRESTAFF_KEEPER	6944
T8_MAIN_FIRESTAFF_KEEPER@1	6945
T8_MAIN_FIRESTAFF_KEEPER@2	6946
T8_MAIN_FIRESTAFF_KEEPER@3	6947
T8_MAIN_FIRESTAFF_KEEPER@4	6948
T4_2H_FIRESTAFF_HELL	6949
T4_2H_FIRESTAFF_HELL@1	6950
T4_2H_FIRESTAFF_HELL@2	6951
T4_2H_FIRESTAFF_HELL@3	6952
T4_2H_FIRESTAFF_HELL@4	6953
T5_2H_FIRESTAFF_HELL	6954
T5_2H_FIRESTAFF_HELL@1	6955
T5_2H_FIRESTAFF_HELL@2	6956
T5_2H_FIRESTAFF_HELL@3	6957
T5_2H_FIRESTAFF_HELL@4	6958
T6_2H_FIRESTAFF_HELL	6959
T6_2H_FIRESTAFF_HELL@1	6960
T6_2H_FIRESTAFF_HELL@2	6961
T6_2H_FIRESTAFF_HELL@3	6962
T6_2H_FIRESTAFF_HELL@4	6963
T7_2H_FIRESTAFF_HELL	6964
T7_2H_FIRESTAFF_HELL@1	6965
T7_2H_FIRESTAFF_HELL@2	6966
T7_2H_FIRESTAFF_HELL@3	6967
T7_2H_FIRESTAFF_HELL@4	6968
T8_2H_FIRESTAFF_HELL	6969
T8_2H_FIRESTAFF_HELL@1	6970
T8_2H_FIRESTAFF_HELL@2	6971
T8_2H_FIRESTAFF_HELL@3	6972
T8_2H_FIRESTAFF_HELL@4	6973
T4_2H_INFERNOSTAFF_MORGANA	6974
T4_2H_INFERNOSTAFF_MORGANA@1	6975
T4_2H_INFERNOSTAFF_MORGANA@2	6976
T4_2H_INFERNOSTAFF_MORGANA@3	6977
T4_2H_INFERNOSTAFF_MORGANA@4	6978
T5_2H_INFERNOSTAFF_MORGANA	6979
T5_2H_INFERNOSTAFF_MORGANA@1	6980
T5_2H_INFERNOSTAFF_MORGANA@2	6981
T5_2H_INFERNOSTAFF_MORGANA@3	6982
T5_2H_INFERNOSTAFF_MORGANA@4	6983
T6_2H_INFERNOSTAFF_MORGANA	6984
T6_2H_INFERNOSTAFF_MORGANA@1	6985
T6_2H_INFERNOSTAFF_MORGANA@2	6986
T6_2H_INFERNOSTAFF_MORGANA@3	6987
T6_2H_INFERNOSTAFF_MORGANA@4	6988
T7_2H_INFERNOSTAFF_MORGANA	6989
T7_2H_INFERNOSTAFF_MORGANA@1	6990
T7_2H_INFERNOSTAFF_MORGANA@2	6991
T7_2H_INFERNOSTAFF_MORGANA@3	6992
T7_2H_INFERNOSTAFF_MORGANA@4	6993
T8_2H_INFERNOSTAFF_MORGANA	6994
T8_2H_INFERNOSTAFF_MORGANA@1	6995
T8_2H_INFERNOSTAFF_MORGANA@2	6996
T8_2H_INFERNOSTAFF_MORGANA@3	6997
T8_2H_INFERNOSTAFF_MORGANA@4	6998
T4_2H_FIRE_RINGPAIR_AVALON	6999
T4_2H_FIRE_RINGPAIR_AVALON@1	7000
T4_2H_FIRE_RINGPAIR_AVALON@2	7001
T4_2H_FIRE_RINGPAIR_AVALON@3	7002
T4_2H_FIRE_RINGPAIR_AVALON@4	7003
T5_2H_FIRE_RINGPAIR_AVALON	7004
T5_2H_FIRE_RINGPAIR_AVALON@1	7005
T5_2H_FIRE_RINGPAIR_AVALON@2	7006
T5_2H_FIRE_RINGPAIR_AVALON@3	7007
T5_2H_FIRE_RINGPAIR_AVALON@4	7008
T6_2H_FIRE_RINGPAIR_AVALON	7009
T6_2H_FIRE_RINGPAIR_AVALON@1	7010
T6_2H_FIRE_RINGPAIR_AVALON@2	7011
T6_2H_FIRE_RINGPAIR_AVALON@3	7012
T6_2H_FIRE_RINGPAIR_AVALON@4	7013
T7_2H_FIRE_RINGPAIR_AVALON	7014
T7_2H_FIRE_RINGPAIR_AVALON@1	7015
T7_2H_FIRE_RINGPAIR_AVALON@2	7016
T7_2H_FIRE_RINGPAIR_AVALON@3	7017
T7_2H_FIRE_RINGPAIR_AVALON@4	7018
T8_2H_FIRE_RINGPAIR_AVALON	7019
T8_2H_FIRE_RINGPAIR_AVALON@1	7020
T8_2H_FIRE_RINGPAIR_AVALON@2	7021
T8_2H_FIRE_RINGPAIR_AVALON@3	7022
T8_2H_FIRE_RINGPAIR_AVALON@4	7023
T4_MAIN_FIRESTAFF_CRYSTAL	7024
T4_MAIN_FIRESTAFF_CRYSTAL@1	7025
T4_MAIN_FIRESTAFF_CRYSTAL@2	7026
T4_MAIN_FIRESTAFF_CRYSTAL@3	7027
T4_MAIN_FIRESTAFF_CRYSTAL@4	7028
T5_MAIN_FIRESTAFF_CRYSTAL	7029
T5_MAIN_FIRESTAFF_CRYSTAL@1	7030
T5_MAIN_FIRESTAFF_CRYSTAL@2	7031
T5_MAIN_FIRESTAFF_CRYSTAL@3	7032
T5_MAIN_FIRESTAFF_CRYSTAL@4	7033
T6_MAIN_FIRESTAFF_CRYSTAL	7034
T6_MAIN_FIRESTAFF_CRYSTAL@1	7035
T6_MAIN_FIRESTAFF_CRYSTAL@2	7036
T6_MAIN_FIRESTAFF_CRYSTAL@3	7037
T6_MAIN_FIRESTAFF_CRYSTAL@4	7038
T7_MAIN_FIRESTAFF_CRYSTAL	7039
T7_MAIN_FIRESTAFF_CRYSTAL@1	7040
T7_MAIN_FIRESTAFF_CRYSTAL@2	7041
T7_MAIN_FIRESTAFF_CRYSTAL@3	7042
T7_MAIN_FIRESTAFF_CRYSTAL@4	7043
T8_MAIN_FIRESTAFF_CRYSTAL	7044
T8_MAIN_FIRESTAFF_CRYSTAL@1	7045
T8_MAIN_FIRESTAFF_CRYSTAL@2	7046
T8_MAIN_FIRESTAFF_CRYSTAL@3	7047
T8_MAIN_FIRESTAFF_CRYSTAL@4	7048
T3_MAIN_FROSTSTAFF	7049
T4_MAIN_FROSTSTAFF	7050
T4_MAIN_FROSTSTAFF@1	7051
T4_MAIN_FROSTSTAFF@2	7052
T4_MAIN_FROSTSTAFF@3	7053
T4_MAIN_FROSTSTAFF@4	7054
T5_MAIN_FROSTSTAFF	7055
T5_MAIN_FROSTSTAFF@1	7056
T5_MAIN_FROSTSTAFF@2	7057
T5_MAIN_FROSTSTAFF@3	7058
T5_MAIN_FROSTSTAFF@4	7059
T6_MAIN_FROSTSTAFF	7060
T6_MAIN_FROSTSTAFF@1	7061
T6_MAIN_FROSTSTAFF@2	7062
T6_MAIN_FROSTSTAFF@3	7063
T6_MAIN_FROSTSTAFF@4	7064
T7_MAIN_FROSTSTAFF	7065
T7_MAIN_FROSTSTAFF@1	7066
T7_MAIN_FROSTSTAFF@2	7067
T7_MAIN_FROSTSTAFF@3	7068
T7_MAIN_FROSTSTAFF@4	7069
T8_MAIN_FROSTSTAFF	7070
T8_MAIN_FROSTSTAFF@1	7071
T8_MAIN_FROSTSTAFF@2	7072
T8_MAIN_FROSTSTAFF@3	7073
T8_MAIN_FROSTSTAFF@4	7074
T4_2H_FROSTSTAFF	7075
T4_2H_FROSTSTAFF@1	7076
T4_2H_FROSTSTAFF@2	7077
T4_2H_FROSTSTAFF@3	7078
T4_2H_FROSTSTAFF@4	7079
T5_2H_FROSTSTAFF	7080
T5_2H_FROSTSTAFF@1	7081
T5_2H_FROSTSTAFF@2	7082
T5_2H_FROSTSTAFF@3	7083
T5_2H_FROSTSTAFF@4	7084
T6_2H_FROSTSTAFF	7085
T6_2H_FROSTSTAFF@1	7086
T6_2H_FROSTSTAFF@2	7087
T6_2H_FROSTSTAFF@3	7088
T6_2H_FROSTSTAFF@4	7089
T7_2H_FROSTSTAFF	7090
T7_2H_FROSTSTAFF@1	7091
T7_2H_FROSTSTAFF@2	7092
T7_2H_FROSTSTAFF@3	7093
T7_2H_FROSTSTAFF@4	7094
T8_2H_FROSTSTAFF	7095
T8_2H_FROSTSTAFF@1	7096
T8_2H_FROSTSTAFF@2	7097
T8_2H_FROSTSTAFF@3	7098
T8_2H_FROSTSTAFF@4	7099
T4_2H_GLACIALSTAFF	7100
T4_2H_GLACIALSTAFF@1	7101
T4_2H_GLACIALSTAFF@2	7102
T4_2H_GLACIALSTAFF@3	7103
T4_2H_GLACIALSTAFF@4	7104
T5_2H_GLACIALSTAFF	7105
T5_2H_GLACIALSTAFF@1	7106
T5_2H_GLACIALSTAFF@2	7107
T5_2H_GLACIALSTAFF@3	7108
T5_2H_GLACIALSTAFF@4	7109
T6_2H_GLACIALSTAFF	7110
T6_2H_GLACIALSTAFF@1	7111
T6_2H_GLACIALSTAFF@2	7112
T6_2H_GLACIALSTAFF@3	7113
T6_2H_GLACIALSTAFF@4	7114
T7_2H_GLACIALSTAFF	7115
T7_2H_GLACIALSTAFF@1	7116
T7_2H_GLACIALSTAFF@2	7117
T7_2H_GLACIALSTAFF@3	7118
T7_2H_GLACIALSTAFF@4	7119
T8_2H_GLACIALSTAFF	7120
T8_2H_GLACIALSTAFF@1	7121
T8_2H_GLACIALSTAFF@2	7122
T8_2H_GLACIALSTAFF@3	7123
T8_2H_GLACIALSTAFF@4	7124
T4_MAIN_FROSTSTAFF_KEEPER	7125
T4_MAIN_FROSTSTAFF_KEEPER@1	7126
T4_MAIN_FROSTSTAFF_KEEPER@2	7127
T4_MAIN_FROSTSTAFF_KEEPER@3	7128
T4_MAIN_FROSTSTAFF_KEEPER@4	7129
T5_MAIN_FROSTSTAFF_KEEPER	7130
T5_MAIN_FROSTSTAFF_KEEPER@1	7131
T5_MAIN_FROSTSTAFF_KEEPER@2	7132
T5_MAIN_FROSTSTAFF_KEEPER@3	7133
T5_MAIN_FROSTSTAFF_KEEPER@4	7134
T6_MAIN_FROSTSTAFF_KEEPER	7135
T6_MAIN_FROSTSTAFF_KEEPER@1	7136
T6_MAIN_FROSTSTAFF_KEEPER@2	7137
T6_MAIN_FROSTSTAFF_KEEPER@3	7138
T6_MAIN_FROSTSTAFF_KEEPER@4	7139
T7_MAIN_FROSTSTAFF_KEEPER	7140
T7_MAIN_FROSTSTAFF_KEEPER@1	7141
T7_MAIN_FROSTSTAFF_KEEPER@2	7142
T7_MAIN_FROSTSTAFF_KEEPER@3	7143
T7_MAIN_FROSTSTAFF_KEEPER@4	7144
T8_MAIN_FROSTSTAFF_KEEPER	7145
T8_MAIN_FROSTSTAFF_KEEPER@1	7146
T8_MAIN_FROSTSTAFF_KEEPER@2	7147
T8_MAIN_FROSTSTAFF_KEEPER@3	7148
T8_MAIN_FROSTSTAFF_KEEPER@4	7149
T4_2H_ICEGAUNTLETS_HELL	7150
T4_2H_ICEGAUNTLETS_HELL@1	7151
T4_2H_ICEGAUNTLETS_HELL@2	7152
T4_2H_ICEGAUNTLETS_HELL@3	7153
T4_2H_ICEGAUNTLETS_HELL@4	7154
T5_2H_ICEGAUNTLETS_HELL	7155
T5_2H_ICEGAUNTLETS_HELL@1	7156
T5_2H_ICEGAUNTLETS_HELL@2	7157
T5_2H_ICEGAUNTLETS_HELL@3	7158
T5_2H_ICEGAUNTLETS_HELL@4	7159
T6_2H_ICEGAUNTLETS_HELL	7160
T6_2H_ICEGAUNTLETS_HELL@1	7161
T6_2H_ICEGAUNTLETS_HELL@2	7162
T6_2H_ICEGAUNTLETS_HELL@3	7163
T6_2H_ICEGAUNTLETS_HELL@4	7164
T7_2H_ICEGAUNTLETS_HELL	7165
T7_2H_ICEGAUNTLETS_HELL@1	7166
T7_2H_ICEGAUNTLETS_HELL@2	7167
T7_2H_ICEGAUNTLETS_HELL@3	7168
T7_2H_ICEGAUNTLETS_HELL@4	7169
T8_2H_ICEGAUNTLETS_HELL	7170
T8_2H_ICEGAUNTLETS_HELL@1	7171
T8_2H_ICEGAUNTLETS_HELL@2	7172
T8_2H_ICEGAUNTLETS_HELL@3	7173
T8_2H_ICEGAUNTLETS_HELL@4	7174
T4_2H_ICECRYSTAL_UNDEAD	7175
T4_2H_ICECRYSTAL_UNDEAD@1	7176
T4_2H_ICECRYSTAL_UNDEAD@2	7177
T4_2H_ICECRYSTAL_UNDEAD@3	7178
T4_2H_ICECRYSTAL_UNDEAD@4	7179
T5_2H_ICECRYSTAL_UNDEAD	7180
T5_2H_ICECRYSTAL_UNDEAD@1	7181
T5_2H_ICECRYSTAL_UNDEAD@2	7182
T5_2H_ICECRYSTAL_UNDEAD@3	7183
T5_2H_ICECRYSTAL_UNDEAD@4	7184
T6_2H_ICECRYSTAL_UNDEAD	7185
T6_2H_ICECRYSTAL_UNDEAD@1	7186
T6_2H_ICECRYSTAL_UNDEAD@2	7187
T6_2H_ICECRYSTAL_UNDEAD@3	7188
T6_2H_ICECRYSTAL_UNDEAD@4	7189
T7_2H_ICECRYSTAL_UNDEAD	7190
T7_2H_ICECRYSTAL_UNDEAD@1	7191
T7_2H_ICECRYSTAL_UNDEAD@2	7192
T7_2H_ICECRYSTAL_UNDEAD@3	7193
T7_2H_ICECRYSTAL_UNDEAD@4	7194
T8_2H_ICECRYSTAL_UNDEAD	7195
T8_2H_ICECRYSTAL_UNDEAD@1	7196
T8_2H_ICECRYSTAL_UNDEAD@2	7197
T8_2H_ICECRYSTAL_UNDEAD@3	7198
T8_2H_ICECRYSTAL_UNDEAD@4	7199
T4_MAIN_FROSTSTAFF_AVALON	7200
T4_MAIN_FROSTSTAFF_AVALON@1	7201
T4_MAIN_FROSTSTAFF_AVALON@2	7202
T4_MAIN_FROSTSTAFF_AVALON@3	7203
T4_MAIN_FROSTSTAFF_AVALON@4	7204
T5_MAIN_FROSTSTAFF_AVALON	7205
T5_MAIN_FROSTSTAFF_AVALON@1	7206
T5_MAIN_FROSTSTAFF_AVALON@2	7207
T5_MAIN_FROSTSTAFF_AVALON@3	7208
T5_MAIN_FROSTSTAFF_AVALON@4	7209
T6_MAIN_FROSTSTAFF_AVALON	7210
T6_MAIN_FROSTSTAFF_AVALON@1	7211
T6_MAIN_FROSTSTAFF_AVALON@2	7212
T6_MAIN_FROSTSTAFF_AVALON@3	7213
T6_MAIN_FROSTSTAFF_AVALON@4	7214
T7_MAIN_FROSTSTAFF_AVALON	7215
T7_MAIN_FROSTSTAFF_AVALON@1	7216
T7_MAIN_FROSTSTAFF_AVALON@2	7217
T7_MAIN_FROSTSTAFF_AVALON@3	7218
T7_MAIN_FROSTSTAFF_AVALON@4	7219
T8_MAIN_FROSTSTAFF_AVALON	7220
T8_MAIN_FROSTSTAFF_AVALON@1	7221
T8_MAIN_FROSTSTAFF_AVALON@2	7222
T8_MAIN_FROSTSTAFF_AVALON@3	7223
T8_MAIN_FROSTSTAFF_AVALON@4	7224
T4_2H_FROSTSTAFF_CRYSTAL	7225
T4_2H_FROSTSTAFF_CRYSTAL@1	7226
T4_2H_FROSTSTAFF_CRYSTAL@2	7227
T4_2H_FROSTSTAFF_CRYSTAL@3	7228
T4_2H_FROSTSTAFF_CRYSTAL@4	7229
T5_2H_FROSTSTAFF_CRYSTAL	7230
T5_2H_FROSTSTAFF_CRYSTAL@1	7231
T5_2H_FROSTSTAFF_CRYSTAL@2	7232
T5_2H_FROSTSTAFF_CRYSTAL@3	7233
T5_2H_FROSTSTAFF_CRYSTAL@4	7234
T6_2H_FROSTSTAFF_CRYSTAL	7235
T6_2H_FROSTSTAFF_CRYSTAL@1	7236
T6_2H_FROSTSTAFF_CRYSTAL@2	7237
T6_2H_FROSTSTAFF_CRYSTAL@3	7238
T6_2H_FROSTSTAFF_CRYSTAL@4	7239
T7_2H_FROSTSTAFF_CRYSTAL	7240
T7_2H_FROSTSTAFF_CRYSTAL@1	7241
T7_2H_FROSTSTAFF_CRYSTAL@2	7242
T7_2H_FROSTSTAFF_CRYSTAL@3	7243
T7_2H_FROSTSTAFF_CRYSTAL@4	7244
T8_2H_FROSTSTAFF_CRYSTAL	7245
T8_2H_FROSTSTAFF_CRYSTAL@1	7246
T8_2H_FROSTSTAFF_CRYSTAL@2	7247
T8_2H_FROSTSTAFF_CRYSTAL@3	7248
T8_2H_FROSTSTAFF_CRYSTAL@4	7249
T3_MAIN_ARCANESTAFF	7250
T4_MAIN_ARCANESTAFF	7251
T4_MAIN_ARCANESTAFF@1	7252
T4_MAIN_ARCANESTAFF@2	7253
T4_MAIN_ARCANESTAFF@3	7254
T4_MAIN_ARCANESTAFF@4	7255
T5_MAIN_ARCANESTAFF	7256
T5_MAIN_ARCANESTAFF@1	7257
T5_MAIN_ARCANESTAFF@2	7258
T5_MAIN_ARCANESTAFF@3	7259
T5_MAIN_ARCANESTAFF@4	7260
T6_MAIN_ARCANESTAFF	7261
T6_MAIN_ARCANESTAFF@1	7262
T6_MAIN_ARCANESTAFF@2	7263
T6_MAIN_ARCANESTAFF@3	7264
T6_MAIN_ARCANESTAFF@4	7265
T7_MAIN_ARCANESTAFF	7266
T7_MAIN_ARCANESTAFF@1	7267
T7_MAIN_ARCANESTAFF@2	7268
T7_MAIN_ARCANESTAFF@3	7269
T7_MAIN_ARCANESTAFF@4	7270
T8_MAIN_ARCANESTAFF	7271
T8_MAIN_ARCANESTAFF@1	7272
T8_MAIN_ARCANESTAFF@2	7273
T8_MAIN_ARCANESTAFF@3	7274
T8_MAIN_ARCANESTAFF@4	7275
T4_2H_ARCANESTAFF	7276
T4_2H_ARCANESTAFF@1	7277
T4_2H_ARCANESTAFF@2	7278
T4_2H_ARCANESTAFF@3	7279
T4_2H_ARCANESTAFF@4	7280
T5_2H_ARCANESTAFF	7281
T5_2H_ARCANESTAFF@1	7282
T5_2H_ARCANESTAFF@2	7283
T5_2H_ARCANESTAFF@3	7284
T5_2H_ARCANESTAFF@4	7285
T6_2H_ARCANESTAFF	7286
T6_2H_ARCANESTAFF@1	7287
T6_2H_ARCANESTAFF@2	7288
T6_2H_ARCANESTAFF@3	7289
T6_2H_ARCANESTAFF@4	7290
T7_2H_ARCANESTAFF	7291
T7_2H_ARCANESTAFF@1	7292
T7_2H_ARCANESTAFF@2	7293
T7_2H_ARCANESTAFF@3	7294
T7_2H_ARCANESTAFF@4	7295
T8_2H_ARCANESTAFF	7296
T8_2H_ARCANESTAFF@1	7297
T8_2H_ARCANESTAFF@2	7298
T8_2H_ARCANESTAFF@3	7299
T8_2H_ARCANESTAFF@4	7300
T4_2H_ENIGMATICSTAFF	7301
T4_2H_ENIGMATICSTAFF@1	7302
T4_2H_ENIGMATICSTAFF@2	7303
T4_2H_ENIGMATICSTAFF@3	7304
T4_2H_ENIGMATICSTAFF@4	7305
T5_2H_ENIGMATICSTAFF	7306
T5_2H_ENIGMATICSTAFF@1	7307
T5_2H_ENIGMATICSTAFF@2	7308
T5_2H_ENIGMATICSTAFF@3	7309
T5_2H_ENIGMATICSTAFF@4	7310
T6_2H_ENIGMATICSTAFF	7311
T6_2H_ENIGMATICSTAFF@1	7312
T6_2H_ENIGMATICSTAFF@2	7313
T6_2H_ENIGMATICSTAFF@3	7314
T6_2H_ENIGMATICSTAFF@4	7315
T7_2H_ENIGMATICSTAFF	7316
T7_2H_ENIGMATICSTAFF@1	7317
T7_2H_ENIGMATICSTAFF@2	7318
T7_2H_ENIGMATICSTAFF@3	7319
T7_2H_ENIGMATICSTAFF@4	7320
T8_2H_ENIGMATICSTAFF	7321
T8_2H_ENIGMATICSTAFF@1	7322
T8_2H_ENIGMATICSTAFF@2	7323
T8_2H_ENIGMATICSTAFF@3	7324
T8_2H_ENIGMATICSTAFF@4	7325
T4_MAIN_ARCANESTAFF_UNDEAD	7326
T4_MAIN_ARCANESTAFF_UNDEAD@1	7327
T4_MAIN_ARCANESTAFF_UNDEAD@2	7328
T4_MAIN_ARCANESTAFF_UNDEAD@3	7329
T4_MAIN_ARCANESTAFF_UNDEAD@4	7330
T5_MAIN_ARCANESTAFF_UNDEAD	7331
T5_MAIN_ARCANESTAFF_UNDEAD@1	7332
T5_MAIN_ARCANESTAFF_UNDEAD@2	7333
T5_MAIN_ARCANESTAFF_UNDEAD@3	7334
T5_MAIN_ARCANESTAFF_UNDEAD@4	7335
T6_MAIN_ARCANESTAFF_UNDEAD	7336
T6_MAIN_ARCANESTAFF_UNDEAD@1	7337
T6_MAIN_ARCANESTAFF_UNDEAD@2	7338
T6_MAIN_ARCANESTAFF_UNDEAD@3	7339
T6_MAIN_ARCANESTAFF_UNDEAD@4	7340
T7_MAIN_ARCANESTAFF_UNDEAD	7341
T7_MAIN_ARCANESTAFF_UNDEAD@1	7342
T7_MAIN_ARCANESTAFF_UNDEAD@2	7343
T7_MAIN_ARCANESTAFF_UNDEAD@3	7344
T7_MAIN_ARCANESTAFF_UNDEAD@4	7345
T8_MAIN_ARCANESTAFF_UNDEAD	7346
T8_MAIN_ARCANESTAFF_UNDEAD@1	7347
T8_MAIN_ARCANESTAFF_UNDEAD@2	7348
T8_MAIN_ARCANESTAFF_UNDEAD@3	7349
T8_MAIN_ARCANESTAFF_UNDEAD@4	7350
T4_2H_ARCANESTAFF_HELL	7351
T4_2H_ARCANESTAFF_HELL@1	7352
T4_2H_ARCANESTAFF_HELL@2	7353
T4_2H_ARCANESTAFF_HELL@3	7354
T4_2H_ARCANESTAFF_HELL@4	7355
T5_2H_ARCANESTAFF_HELL	7356
T5_2H_ARCANESTAFF_HELL@1	7357
T5_2H_ARCANESTAFF_HELL@2	7358
T5_2H_ARCANESTAFF_HELL@3	7359
T5_2H_ARCANESTAFF_HELL@4	7360
T6_2H_ARCANESTAFF_HELL	7361
T6_2H_ARCANESTAFF_HELL@1	7362
T6_2H_ARCANESTAFF_HELL@2	7363
T6_2H_ARCANESTAFF_HELL@3	7364
T6_2H_ARCANESTAFF_HELL@4	7365
T7_2H_ARCANESTAFF_HELL	7366
T7_2H_ARCANESTAFF_HELL@1	7367
T7_2H_ARCANESTAFF_HELL@2	7368
T7_2H_ARCANESTAFF_HELL@3	7369
T7_2H_ARCANESTAFF_HELL@4	7370
T8_2H_ARCANESTAFF_HELL	7371
T8_2H_ARCANESTAFF_HELL@1	7372
T8_2H_ARCANESTAFF_HELL@2	7373
T8_2H_ARCANESTAFF_HELL@3	7374
T8_2H_ARCANESTAFF_HELL@4	7375
T4_2H_ENIGMATICORB_MORGANA	7376
T4_2H_ENIGMATICORB_MORGANA@1	7377
T4_2H_ENIGMATICORB_MORGANA@2	7378
T4_2H_ENIGMATICORB_MORGANA@3	7379
T4_2H_ENIGMATICORB_MORGANA@4	7380
T5_2H_ENIGMATICORB_MORGANA	7381
T5_2H_ENIGMATICORB_MORGANA@1	7382
T5_2H_ENIGMATICORB_MORGANA@2	7383
T5_2H_ENIGMATICORB_MORGANA@3	7384
T5_2H_ENIGMATICORB_MORGANA@4	7385
T6_2H_ENIGMATICORB_MORGANA	7386
T6_2H_ENIGMATICORB_MORGANA@1	7387
T6_2H_ENIGMATICORB_MORGANA@2	7388
T6_2H_ENIGMATICORB_MORGANA@3	7389
T6_2H_ENIGMATICORB_MORGANA@4	7390
T7_2H_ENIGMATICORB_MORGANA	7391
T7_2H_ENIGMATICORB_MORGANA@1	7392
T7_2H_ENIGMATICORB_MORGANA@2	7393
T7_2H_ENIGMATICORB_MORGANA@3	7394
T7_2H_ENIGMATICORB_MORGANA@4	7395
T8_2H_ENIGMATICORB_MORGANA	7396
T8_2H_ENIGMATICORB_MORGANA@1	7397
T8_2H_ENIGMATICORB_MORGANA@2	7398
T8_2H_ENIGMATICORB_MORGANA@3	7399
T8_2H_ENIGMATICORB_MORGANA@4	7400
T4_2H_ARCANE_RINGPAIR_AVALON	7401
T4_2H_ARCANE_RINGPAIR_AVALON@1	7402
T4_2H_ARCANE_RINGPAIR_AVALON@2	7403
T4_2H_ARCANE_RINGPAIR_AVALON@3	7404
T4_2H_ARCANE_RINGPAIR_AVALON@4	7405
T5_2H_ARCANE_RINGPAIR_AVALON	7406
T5_2H_ARCANE_RINGPAIR_AVALON@1	7407
T5_2H_ARCANE_RINGPAIR_AVALON@2	7408
T5_2H_ARCANE_RINGPAIR_AVALON@3	7409
T5_2H_ARCANE_RINGPAIR_AVALON@4	7410
T6_2H_ARCANE_RINGPAIR_AVALON	7411
T6_2H_ARCANE_RINGPAIR_AVALON@1	7412
T6_2H_ARCANE_RINGPAIR_AVALON@2	7413
T6_2H_ARCANE_RINGPAIR_AVALON@3	7414
T6_2H_ARCANE_RINGPAIR_AVALON@4	7415
T7_2H_ARCANE_RINGPAIR_AVALON	7416
T7_2H_ARCANE_RINGPAIR_AVALON@1	7417
T7_2H_ARCANE_RINGPAIR_AVALON@2	7418
T7_2H_ARCANE_RINGPAIR_AVALON@3	7419
T7_2H_ARCANE_RINGPAIR_AVALON@4	7420
T8_2H_ARCANE_RINGPAIR_AVALON	7421
T8_2H_ARCANE_RINGPAIR_AVALON@1	7422
T8_2H_ARCANE_RINGPAIR_AVALON@2	7423
T8_2H_ARCANE_RINGPAIR_AVALON@3	7424
T8_2H_ARCANE_RINGPAIR_AVALON@4	7425
T4_2H_ARCANESTAFF_CRYSTAL	7426
T4_2H_ARCANESTAFF_CRYSTAL@1	7427
T4_2H_ARCANESTAFF_CRYSTAL@2	7428
T4_2H_ARCANESTAFF_CRYSTAL@3	7429
T4_2H_ARCANESTAFF_CRYSTAL@4	7430
T5_2H_ARCANESTAFF_CRYSTAL	7431
T5_2H_ARCANESTAFF_CRYSTAL@1	7432
T5_2H_ARCANESTAFF_CRYSTAL@2	7433
T5_2H_ARCANESTAFF_CRYSTAL@3	7434
T5_2H_ARCANESTAFF_CRYSTAL@4	7435
T6_2H_ARCANESTAFF_CRYSTAL	7436
T6_2H_ARCANESTAFF_CRYSTAL@1	7437
T6_2H_ARCANESTAFF_CRYSTAL@2	7438
T6_2H_ARCANESTAFF_CRYSTAL@3	7439
T6_2H_ARCANESTAFF_CRYSTAL@4	7440
T7_2H_ARCANESTAFF_CRYSTAL	7441
T7_2H_ARCANESTAFF_CRYSTAL@1	7442
T7_2H_ARCANESTAFF_CRYSTAL@2	7443
T7_2H_ARCANESTAFF_CRYSTAL@3	7444
T7_2H_ARCANESTAFF_CRYSTAL@4	7445
T8_2H_ARCANESTAFF_CRYSTAL	7446
T8_2H_ARCANESTAFF_CRYSTAL@1	7447
T8_2H_ARCANESTAFF_CRYSTAL@2	7448
T8_2H_ARCANESTAFF_CRYSTAL@3	7449
T8_2H_ARCANESTAFF_CRYSTAL@4	7450
T3_MAIN_HOLYSTAFF	7451
T4_MAIN_HOLYSTAFF	7452
T4_MAIN_HOLYSTAFF@1	7453
T4_MAIN_HOLYSTAFF@2	7454
T4_MAIN_HOLYSTAFF@3	7455
T4_MAIN_HOLYSTAFF@4	7456
T5_MAIN_HOLYSTAFF	7457
T5_MAIN_HOLYSTAFF@1	7458
T5_MAIN_HOLYSTAFF@2	7459
T5_MAIN_HOLYSTAFF@3	7460
T5_MAIN_HOLYSTAFF@4	7461
T6_MAIN_HOLYSTAFF	7462
T6_MAIN_HOLYSTAFF@1	7463
T6_MAIN_HOLYSTAFF@2	7464
T6_MAIN_HOLYSTAFF@3	7465
T6_MAIN_HOLYSTAFF@4	7466
T7_MAIN_HOLYSTAFF	7467
T7_MAIN_HOLYSTAFF@1	7468
T7_MAIN_HOLYSTAFF@2	7469
T7_MAIN_HOLYSTAFF@3	7470
T7_MAIN_HOLYSTAFF@4	7471
T8_MAIN_HOLYSTAFF	7472
T8_MAIN_HOLYSTAFF@1	7473
T8_MAIN_HOLYSTAFF@2	7474
T8_MAIN_HOLYSTAFF@3	7475
T8_MAIN_HOLYSTAFF@4	7476
T4_2H_HOLYSTAFF	7477
T4_2H_HOLYSTAFF@1	7478
T4_2H_HOLYSTAFF@2	7479
T4_2H_HOLYSTAFF@3	7480
T4_2H_HOLYSTAFF@4	7481
T5_2H_HOLYSTAFF	7482
T5_2H_HOLYSTAFF@1	7483
T5_2H_HOLYSTAFF@2	7484
T5_2H_HOLYSTAFF@3	7485
T5_2H_HOLYSTAFF@4	7486
T6_2H_HOLYSTAFF	7487
T6_2H_HOLYSTAFF@1	7488
T6_2H_HOLYSTAFF@2	7489
T6_2H_HOLYSTAFF@3	7490
T6_2H_HOLYSTAFF@4	7491
T7_2H_HOLYSTAFF	7492
T7_2H_HOLYSTAFF@1	7493
T7_2H_HOLYSTAFF@2	7494
T7_2H_HOLYSTAFF@3	7495
T7_2H_HOLYSTAFF@4	7496
T8_2H_HOLYSTAFF	7497
T8_2H_HOLYSTAFF@1	7498
T8_2H_HOLYSTAFF@2	7499
T8_2H_HOLYSTAFF@3	7500
T8_2H_HOLYSTAFF@4	7501
T4_2H_DIVINESTAFF	7502
T4_2H_DIVINESTAFF@1	7503
T4_2H_DIVINESTAFF@2	7504
T4_2H_DIVINESTAFF@3	7505
T4_2H_DIVINESTAFF@4	7506
T5_2H_DIVINESTAFF	7507
T5_2H_DIVINESTAFF@1	7508
T5_2H_DIVINESTAFF@2	7509
T5_2H_DIVINESTAFF@3	7510
T5_2H_DIVINESTAFF@4	7511
T6_2H_DIVINESTAFF	7512
T6_2H_DIVINESTAFF@1	7513
T6_2H_DIVINESTAFF@2	7514
T6_2H_DIVINESTAFF@3	7515
T6_2H_DIVINESTAFF@4	7516
T7_2H_DIVINESTAFF	7517
T7_2H_DIVINESTAFF@1	7518
T7_2H_DIVINESTAFF@2	7519
T7_2H_DIVINESTAFF@3	7520
T7_2H_DIVINESTAFF@4	7521
T8_2H_DIVINESTAFF	7522
T8_2H_DIVINESTAFF@1	7523
T8_2H_DIVINESTAFF@2	7524
T8_2H_DIVINESTAFF@3	7525
T8_2H_DIVINESTAFF@4	7526
T4_MAIN_HOLYSTAFF_MORGANA	7527
T4_MAIN_HOLYSTAFF_MORGANA@1	7528
T4_MAIN_HOLYSTAFF_MORGANA@2	7529
T4_MAIN_HOLYSTAFF_MORGANA@3	7530
T4_MAIN_HOLYSTAFF_MORGANA@4	7531
T5_MAIN_HOLYSTAFF_MORGANA	7532
T5_MAIN_HOLYSTAFF_MORGANA@1	7533
T5_MAIN_HOLYSTAFF_MORGANA@2	7534
T5_MAIN_HOLYSTAFF_MORGANA@3	7535
T5_MAIN_HOLYSTAFF_MORGANA@4	7536
T6_MAIN_HOLYSTAFF_MORGANA	7537
T6_MAIN_HOLYSTAFF_MORGANA@1	7538
T6_MAIN_HOLYSTAFF_MORGANA@2	7539
T6_MAIN_HOLYSTAFF_MORGANA@3	7540
T6_MAIN_HOLYSTAFF_MORGANA@4	7541
T7_MAIN_HOLYSTAFF_MORGANA	7542
T7_MAIN_HOLYSTAFF_MORGANA@1	7543
T7_MAIN_HOLYSTAFF_MORGANA@2	7544
T7_MAIN_HOLYSTAFF_MORGANA@3	7545
T7_MAIN_HOLYSTAFF_MORGANA@4	7546
T8_MAIN_HOLYSTAFF_MORGANA	7547
T8_MAIN_HOLYSTAFF_MORGANA@1	7548
T8_MAIN_HOLYSTAFF_MORGANA@2	7549
T8_MAIN_HOLYSTAFF_MORGANA@3	7550
T8_MAIN_HOLYSTAFF_MORGANA@4	7551
T4_2H_HOLYSTAFF_HELL	7552
T4_2H_HOLYSTAFF_HELL@1	7553
T4_2H_HOLYSTAFF_HELL@2	7554
T4_2H_HOLYSTAFF_HELL@3	7555
T4_2H_HOLYSTAFF_HELL@4	7556
T5_2H_HOLYSTAFF_HELL	7557
T5_2H_HOLYSTAFF_HELL@1	7558
T5_2H_HOLYSTAFF_HELL@2	7559
T5_2H_HOLYSTAFF_HELL@3	7560
T5_2H_HOLYSTAFF_HELL@4	7561
T6_2H_HOLYSTAFF_HELL	7562
T6_2H_HOLYSTAFF_HELL@1	7563
T6_2H_HOLYSTAFF_HELL@2	7564
T6_2H_HOLYSTAFF_HELL@3	7565
T6_2H_HOLYSTAFF_HELL@4	7566
T7_2H_HOLYSTAFF_HELL	7567
T7_2H_HOLYSTAFF_HELL@1	7568
T7_2H_HOLYSTAFF_HELL@2	7569
T7_2H_HOLYSTAFF_HELL@3	7570
T7_2H_HOLYSTAFF_HELL@4	7571
T8_2H_HOLYSTAFF_HELL	7572
T8_2H_HOLYSTAFF_HELL@1	7573
T8_2H_HOLYSTAFF_HELL@2	7574
T8_2H_HOLYSTAFF_HELL@3	7575
T8_2H_HOLYSTAFF_HELL@4	7576
T4_2H_HOLYSTAFF_UNDEAD	7577
T4_2H_HOLYSTAFF_UNDEAD@1	7578
T4_2H_HOLYSTAFF_UNDEAD@2	7579
T4_2H_HOLYSTAFF_UNDEAD@3	7580
T4_2H_HOLYSTAFF_UNDEAD@4	7581
T5_2H_HOLYSTAFF_UNDEAD	7582
T5_2H_HOLYSTAFF_UNDEAD@1	7583
T5_2H_HOLYSTAFF_UNDEAD@2	7584
T5_2H_HOLYSTAFF_UNDEAD@3	7585
T5_2H_HOLYSTAFF_UNDEAD@4	7586
T6_2H_HOLYSTAFF_UNDEAD	7587
T6_2H_HOLYSTAFF_UNDEAD@1	7588
T6_2H_HOLYSTAFF_UNDEAD@2	7589
T6_2H_HOLYSTAFF_UNDEAD@3	7590
T6_2H_HOLYSTAFF_UNDEAD@4	7591
T7_2H_HOLYSTAFF_UNDEAD	7592
T7_2H_HOLYSTAFF_UNDEAD@1	7593
T7_2H_HOLYSTAFF_UNDEAD@2	7594
T7_2H_HOLYSTAFF_UNDEAD@3	7595
T7_2H_HOLYSTAFF_UNDEAD@4	7596
T8_2H_HOLYSTAFF_UNDEAD	7597
T8_2H_HOLYSTAFF_UNDEAD@1	7598
T8_2H_HOLYSTAFF_UNDEAD@2	7599
T8_2H_HOLYSTAFF_UNDEAD@3	7600
T8_2H_HOLYSTAFF_UNDEAD@4	7601
T4_MAIN_HOLYSTAFF_AVALON	7602
T4_MAIN_HOLYSTAFF_AVALON@1	7603
T4_MAIN_HOLYSTAFF_AVALON@2	7604
T4_MAIN_HOLYSTAFF_AVALON@3	7605
T4_MAIN_HOLYSTAFF_AVALON@4	7606
T5_MAIN_HOLYSTAFF_AVALON	7607
T5_MAIN_HOLYSTAFF_AVALON@1	7608
T5_MAIN_HOLYSTAFF_AVALON@2	7609
T5_MAIN_HOLYSTAFF_AVALON@3	7610
T5_MAIN_HOLYSTAFF_AVALON@4	7611
T6_MAIN_HOLYSTAFF_AVALON	7612
T6_MAIN_HOLYSTAFF_AVALON@1	7613
T6_MAIN_HOLYSTAFF_AVALON@2	7614
T6_MAIN_HOLYSTAFF_AVALON@3	7615
T6_MAIN_HOLYSTAFF_AVALON@4	7616
T7_MAIN_HOLYSTAFF_AVALON	7617
T7_MAIN_HOLYSTAFF_AVALON@1	7618
T7_MAIN_HOLYSTAFF_AVALON@2	7619
T7_MAIN_HOLYSTAFF_AVALON@3	7620
T7_MAIN_HOLYSTAFF_AVALON@4	7621
T8_MAIN_HOLYSTAFF_AVALON	7622
T8_MAIN_HOLYSTAFF_AVALON@1	7623
T8_MAIN_HOLYSTAFF_AVALON@2	7624
T8_MAIN_HOLYSTAFF_AVALON@3	7625
T8_MAIN_HOLYSTAFF_AVALON@4	7626
T4_2H_HOLYSTAFF_CRYSTAL	7627
T4_2H_HOLYSTAFF_CRYSTAL@1	7628
T4_2H_HOLYSTAFF_CRYSTAL@2	7629
T4_2H_HOLYSTAFF_CRYSTAL@3	7630
T4_2H_HOLYSTAFF_CRYSTAL@4	7631
T5_2H_HOLYSTAFF_CRYSTAL	7632
T5_2H_HOLYSTAFF_CRYSTAL@1	7633
T5_2H_HOLYSTAFF_CRYSTAL@2	7634
T5_2H_HOLYSTAFF_CRYSTAL@3	7635
T5_2H_HOLYSTAFF_CRYSTAL@4	7636
T6_2H_HOLYSTAFF_CRYSTAL	7637
T6_2H_HOLYSTAFF_CRYSTAL@1	7638
T6_2H_HOLYSTAFF_CRYSTAL@2	7639
T6_2H_HOLYSTAFF_CRYSTAL@3	7640
T6_2H_HOLYSTAFF_CRYSTAL@4	7641
T7_2H_HOLYSTAFF_CRYSTAL	7642
T7_2H_HOLYSTAFF_CRYSTAL@1	7643
T7_2H_HOLYSTAFF_CRYSTAL@2	7644
T7_2H_HOLYSTAFF_CRYSTAL@3	7645
T7_2H_HOLYSTAFF_CRYSTAL@4	7646
T8_2H_HOLYSTAFF_CRYSTAL	7647
T8_2H_HOLYSTAFF_CRYSTAL@1	7648
T8_2H_HOLYSTAFF_CRYSTAL@2	7649
T8_2H_HOLYSTAFF_CRYSTAL@3	7650
T8_2H_HOLYSTAFF_CRYSTAL@4	7651
T3_MAIN_NATURESTAFF	7652
T4_MAIN_NATURESTAFF	7653
T4_MAIN_NATURESTAFF@1	7654
T4_MAIN_NATURESTAFF@2	7655
T4_MAIN_NATURESTAFF@3	7656
T4_MAIN_NATURESTAFF@4	7657
T5_MAIN_NATURESTAFF	7658
T5_MAIN_NATURESTAFF@1	7659
T5_MAIN_NATURESTAFF@2	7660
T5_MAIN_NATURESTAFF@3	7661
T5_MAIN_NATURESTAFF@4	7662
T6_MAIN_NATURESTAFF	7663
T6_MAIN_NATURESTAFF@1	7664
T6_MAIN_NATURESTAFF@2	7665
T6_MAIN_NATURESTAFF@3	7666
T6_MAIN_NATURESTAFF@4	7667
T7_MAIN_NATURESTAFF	7668
T7_MAIN_NATURESTAFF@1	7669
T7_MAIN_NATURESTAFF@2	7670
T7_MAIN_NATURESTAFF@3	7671
T7_MAIN_NATURESTAFF@4	7672
T8_MAIN_NATURESTAFF	7673
T8_MAIN_NATURESTAFF@1	7674
T8_MAIN_NATURESTAFF@2	7675
T8_MAIN_NATURESTAFF@3	7676
T8_MAIN_NATURESTAFF@4	7677
T4_2H_NATURESTAFF	7678
T4_2H_NATURESTAFF@1	7679
T4_2H_NATURESTAFF@2	7680
T4_2H_NATURESTAFF@3	7681
T4_2H_NATURESTAFF@4	7682
T5_2H_NATURESTAFF	7683
T5_2H_NATURESTAFF@1	7684
T5_2H_NATURESTAFF@2	7685
T5_2H_NATURESTAFF@3	7686
T5_2H_NATURESTAFF@4	7687
T6_2H_NATURESTAFF	7688
T6_2H_NATURESTAFF@1	7689
T6_2H_NATURESTAFF@2	7690
T6_2H_NATURESTAFF@3	7691
T6_2H_NATURESTAFF@4	7692
T7_2H_NATURESTAFF	7693
T7_2H_NATURESTAFF@1	7694
T7_2H_NATURESTAFF@2	7695
T7_2H_NATURESTAFF@3	7696
T7_2H_NATURESTAFF@4	7697
T8_2H_NATURESTAFF	7698
T8_2H_NATURESTAFF@1	7699
T8_2H_NATURESTAFF@2	7700
T8_2H_NATURESTAFF@3	7701
T8_2H_NATURESTAFF@4	7702
T4_2H_WILDSTAFF	7703
T4_2H_WILDSTAFF@1	7704
T4_2H_WILDSTAFF@2	7705
T4_2H_WILDSTAFF@3	7706
T4_2H_WILDSTAFF@4	7707
T5_2H_WILDSTAFF	7708
T5_2H_WILDSTAFF@1	7709
T5_2H_WILDSTAFF@2	7710
T5_2H_WILDSTAFF@3	7711
T5_2H_WILDSTAFF@4	7712
T6_2H_WILDSTAFF	7713
T6_2H_WILDSTAFF@1	7714
T6_2H_WILDSTAFF@2	7715
T6_2H_WILDSTAFF@3	7716
T6_2H_WILDSTAFF@4	7717
T7_2H_WILDSTAFF	7718
T7_2H_WILDSTAFF@1	7719
T7_2H_WILDSTAFF@2	7720
T7_2H_WILDSTAFF@3	7721
T7_2H_WILDSTAFF@4	7722
T8_2H_WILDSTAFF	7723
T8_2H_WILDSTAFF@1	7724
T8_2H_WILDSTAFF@2	7725
T8_2H_WILDSTAFF@3	7726
T8_2H_WILDSTAFF@4	7727
T4_MAIN_NATURESTAFF_KEEPER	7728
T4_MAIN_NATURESTAFF_KEEPER@1	7729
T4_MAIN_NATURESTAFF_KEEPER@2	7730
T4_MAIN_NATURESTAFF_KEEPER@3	7731
T4_MAIN_NATURESTAFF_KEEPER@4	7732
T5_MAIN_NATURESTAFF_KEEPER	7733
T5_MAIN_NATURESTAFF_KEEPER@1	7734
T5_MAIN_NATURESTAFF_KEEPER@2	7735
T5_MAIN_NATURESTAFF_KEEPER@3	7736
T5_MAIN_NATURESTAFF_KEEPER@4	7737
T6_MAIN_NATURESTAFF_KEEPER	7738
T6_MAIN_NATURESTAFF_KEEPER@1	7739
T6_MAIN_NATURESTAFF_KEEPER@2	7740
T6_MAIN_NATURESTAFF_KEEPER@3	7741
T6_MAIN_NATURESTAFF_KEEPER@4	7742
T7_MAIN_NATURESTAFF_KEEPER	7743
T7_MAIN_NATURESTAFF_KEEPER@1	7744
T7_MAIN_NATURESTAFF_KEEPER@2	7745
T7_MAIN_NATURESTAFF_KEEPER@3	7746
T7_MAIN_NATURESTAFF_KEEPER@4	7747
T8_MAIN_NATURESTAFF_KEEPER	7748
T8_MAIN_NATURESTAFF_KEEPER@1	7749
T8_MAIN_NATURESTAFF_KEEPER@2	7750
T8_MAIN_NATURESTAFF_KEEPER@3	7751
T8_MAIN_NATURESTAFF_KEEPER@4	7752
T4_2H_NATURESTAFF_HELL	7753
T4_2H_NATURESTAFF_HELL@1	7754
T4_2H_NATURESTAFF_HELL@2	7755
T4_2H_NATURESTAFF_HELL@3	7756
T4_2H_NATURESTAFF_HELL@4	7757
T5_2H_NATURESTAFF_HELL	7758
T5_2H_NATURESTAFF_HELL@1	7759
T5_2H_NATURESTAFF_HELL@2	7760
T5_2H_NATURESTAFF_HELL@3	7761
T5_2H_NATURESTAFF_HELL@4	7762
T6_2H_NATURESTAFF_HELL	7763
T6_2H_NATURESTAFF_HELL@1	7764
T6_2H_NATURESTAFF_HELL@2	7765
T6_2H_NATURESTAFF_HELL@3	7766
T6_2H_NATURESTAFF_HELL@4	7767
T7_2H_NATURESTAFF_HELL	7768
T7_2H_NATURESTAFF_HELL@1	7769
T7_2H_NATURESTAFF_HELL@2	7770
T7_2H_NATURESTAFF_HELL@3	7771
T7_2H_NATURESTAFF_HELL@4	7772
T8_2H_NATURESTAFF_HELL	7773
T8_2H_NATURESTAFF_HELL@1	7774
T8_2H_NATURESTAFF_HELL@2	7775
T8_2H_NATURESTAFF_HELL@3	7776
T8_2H_NATURESTAFF_HELL@4	7777
T4_2H_NATURESTAFF_KEEPER	7778
T4_2H_NATURESTAFF_KEEPER@1	7779
T4_2H_NATURESTAFF_KEEPER@2	7780
T4_2H_NATURESTAFF_KEEPER@3	7781
T4_2H_NATURESTAFF_KEEPER@4	7782
T5_2H_NATURESTAFF_KEEPER	7783
T5_2H_NATURESTAFF_KEEPER@1	7784
T5_2H_NATURESTAFF_KEEPER@2	7785
T5_2H_NATURESTAFF_KEEPER@3	7786
T5_2H_NATURESTAFF_KEEPER@4	7787
T6_2H_NATURESTAFF_KEEPER	7788
T6_2H_NATURESTAFF_KEEPER@1	7789
T6_2H_NATURESTAFF_KEEPER@2	7790
T6_2H_NATURESTAFF_KEEPER@3	7791
T6_2H_NATURESTAFF_KEEPER@4	7792
T7_2H_NATURESTAFF_KEEPER	7793
T7_2H_NATURESTAFF_KEEPER@1	7794
T7_2H_NATURESTAFF_KEEPER@2	7795
T7_2H_NATURESTAFF_KEEPER@3	7796
T7_2H_NATURESTAFF_KEEPER@4	7797
T8_2H_NATURESTAFF_KEEPER	7798
T8_2H_NATURESTAFF_KEEPER@1	7799
T8_2H_NATURESTAFF_KEEPER@2	7800
T8_2H_NATURESTAFF_KEEPER@3	7801
T8_2H_NATURESTAFF_KEEPER@4	7802
T4_MAIN_NATURESTAFF_AVALON	7803
T4_MAIN_NATURESTAFF_AVALON@1	7804
T4_MAIN_NATURESTAFF_AVALON@2	7805
T4_MAIN_NATURESTAFF_AVALON@3	7806
T4_MAIN_NATURESTAFF_AVALON@4	7807
T5_MAIN_NATURESTAFF_AVALON	7808
T5_MAIN_NATURESTAFF_AVALON@1	7809
T5_MAIN_NATURESTAFF_AVALON@2	7810
T5_MAIN_NATURESTAFF_AVALON@3	7811
T5_MAIN_NATURESTAFF_AVALON@4	7812
T6_MAIN_NATURESTAFF_AVALON	7813
T6_MAIN_NATURESTAFF_AVALON@1	7814
T6_MAIN_NATURESTAFF_AVALON@2	7815
T6_MAIN_NATURESTAFF_AVALON@3	7816
T6_MAIN_NATURESTAFF_AVALON@4	7817
T7_MAIN_NATURESTAFF_AVALON	7818
T7_MAIN_NATURESTAFF_AVALON@1	7819
T7_MAIN_NATURESTAFF_AVALON@2	7820
T7_MAIN_NATURESTAFF_AVALON@3	7821
T7_MAIN_NATURESTAFF_AVALON@4	7822
T8_MAIN_NATURESTAFF_AVALON	7823
T8_MAIN_NATURESTAFF_AVALON@1	7824
T8_MAIN_NATURESTAFF_AVALON@2	7825
T8_MAIN_NATURESTAFF_AVALON@3	7826
T8_MAIN_NATURESTAFF_AVALON@4	7827
T4_MAIN_NATURESTAFF_CRYSTAL	7828
T4_MAIN_NATURESTAFF_CRYSTAL@1	7829
T4_MAIN_NATURESTAFF_CRYSTAL@2	7830
T4_MAIN_NATURESTAFF_CRYSTAL@3	7831
T4_MAIN_NATURESTAFF_CRYSTAL@4	7832
T5_MAIN_NATURESTAFF_CRYSTAL	7833
T5_MAIN_NATURESTAFF_CRYSTAL@1	7834
T5_MAIN_NATURESTAFF_CRYSTAL@2	7835
T5_MAIN_NATURESTAFF_CRYSTAL@3	7836
T5_MAIN_NATURESTAFF_CRYSTAL@4	7837
T6_MAIN_NATURESTAFF_CRYSTAL	7838
T6_MAIN_NATURESTAFF_CRYSTAL@1	7839
T6_MAIN_NATURESTAFF_CRYSTAL@2	7840
T6_MAIN_NATURESTAFF_CRYSTAL@3	7841
T6_MAIN_NATURESTAFF_CRYSTAL@4	7842
T7_MAIN_NATURESTAFF_CRYSTAL	7843
T7_MAIN_NATURESTAFF_CRYSTAL@1	7844
T7_MAIN_NATURESTAFF_CRYSTAL@2	7845
T7_MAIN_NATURESTAFF_CRYSTAL@3	7846
T7_MAIN_NATURESTAFF_CRYSTAL@4	7847
T8_MAIN_NATURESTAFF_CRYSTAL	7848
T8_MAIN_NATURESTAFF_CRYSTAL@1	7849
T8_MAIN_NATURESTAFF_CRYSTAL@2	7850
T8_MAIN_NATURESTAFF_CRYSTAL@3	7851
T8_MAIN_NATURESTAFF_CRYSTAL@4	7852
T3_MAIN_DAGGER	7853
T4_MAIN_DAGGER	7854
T4_MAIN_DAGGER@1	7855
T4_MAIN_DAGGER@2	7856
T4_MAIN_DAGGER@3	7857
T4_MAIN_DAGGER@4	7858
T5_MAIN_DAGGER	7859
T5_MAIN_DAGGER@1	7860
T5_MAIN_DAGGER@2	7861
T5_MAIN_DAGGER@3	7862
T5_MAIN_DAGGER@4	7863
T6_MAIN_DAGGER	7864
T6_MAIN_DAGGER@1	7865
T6_MAIN_DAGGER@2	7866
T6_MAIN_DAGGER@3	7867
T6_MAIN_DAGGER@4	7868
T7_MAIN_DAGGER	7869
T7_MAIN_DAGGER@1	7870
T7_MAIN_DAGGER@2	7871
T7_MAIN_DAGGER@3	7872
T7_MAIN_DAGGER@4	7873
T8_MAIN_DAGGER	7874
T8_MAIN_DAGGER@1	7875
T8_MAIN_DAGGER@2	7876
T8_MAIN_DAGGER@3	7877
T8_MAIN_DAGGER@4	7878
T4_2H_DAGGERPAIR	7879
T4_2H_DAGGERPAIR@1	7880
T4_2H_DAGGERPAIR@2	7881
T4_2H_DAGGERPAIR@3	7882
T4_2H_DAGGERPAIR@4	7883
T5_2H_DAGGERPAIR	7884
T5_2H_DAGGERPAIR@1	7885
T5_2H_DAGGERPAIR@2	7886
T5_2H_DAGGERPAIR@3	7887
T5_2H_DAGGERPAIR@4	7888
T6_2H_DAGGERPAIR	7889
T6_2H_DAGGERPAIR@1	7890
T6_2H_DAGGERPAIR@2	7891
T6_2H_DAGGERPAIR@3	7892
T6_2H_DAGGERPAIR@4	7893
T7_2H_DAGGERPAIR	7894
T7_2H_DAGGERPAIR@1	7895
T7_2H_DAGGERPAIR@2	7896
T7_2H_DAGGERPAIR@3	7897
T7_2H_DAGGERPAIR@4	7898
T8_2H_DAGGERPAIR	7899
T8_2H_DAGGERPAIR@1	7900
T8_2H_DAGGERPAIR@2	7901
T8_2H_DAGGERPAIR@3	7902
T8_2H_DAGGERPAIR@4	7903
T4_2H_CLAWPAIR	7904
T4_2H_CLAWPAIR@1	7905
T4_2H_CLAWPAIR@2	7906
T4_2H_CLAWPAIR@3	7907
T4_2H_CLAWPAIR@4	7908
T5_2H_CLAWPAIR	7909
T5_2H_CLAWPAIR@1	7910
T5_2H_CLAWPAIR@2	7911
T5_2H_CLAWPAIR@3	7912
T5_2H_CLAWPAIR@4	7913
T6_2H_CLAWPAIR	7914
T6_2H_CLAWPAIR@1	7915
T6_2H_CLAWPAIR@2	7916
T6_2H_CLAWPAIR@3	7917
T6_2H_CLAWPAIR@4	7918
T7_2H_CLAWPAIR	7919
T7_2H_CLAWPAIR@1	7920
T7_2H_CLAWPAIR@2	7921
T7_2H_CLAWPAIR@3	7922
T7_2H_CLAWPAIR@4	7923
T8_2H_CLAWPAIR	7924
T8_2H_CLAWPAIR@1	7925
T8_2H_CLAWPAIR@2	7926
T8_2H_CLAWPAIR@3	7927
T8_2H_CLAWPAIR@4	7928
T4_MAIN_RAPIER_MORGANA	7929
T4_MAIN_RAPIER_MORGANA@1	7930
T4_MAIN_RAPIER_MORGANA@2	7931
T4_MAIN_RAPIER_MORGANA@3	7932
T4_MAIN_RAPIER_MORGANA@4	7933
T5_MAIN_RAPIER_MORGANA	7934
T5_MAIN_RAPIER_MORGANA@1	7935
T5_MAIN_RAPIER_MORGANA@2	7936
T5_MAIN_RAPIER_MORGANA@3	7937
T5_MAIN_RAPIER_MORGANA@4	7938
T6_MAIN_RAPIER_MORGANA	7939
T6_MAIN_RAPIER_MORGANA@1	7940
T6_MAIN_RAPIER_MORGANA@2	7941
T6_MAIN_RAPIER_MORGANA@3	7942
T6_MAIN_RAPIER_MORGANA@4	7943
T7_MAIN_RAPIER_MORGANA	7944
T7_MAIN_RAPIER_MORGANA@1	7945
T7_MAIN_RAPIER_MORGANA@2	7946
T7_MAIN_RAPIER_MORGANA@3	7947
T7_MAIN_RAPIER_MORGANA@4	7948
T8_MAIN_RAPIER_MORGANA	7949
T8_MAIN_RAPIER_MORGANA@1	7950
T8_MAIN_RAPIER_MORGANA@2	7951
T8_MAIN_RAPIER_MORGANA@3	7952
T8_MAIN_RAPIER_MORGANA@4	7953
T4_MAIN_DAGGER_HELL	7954
T4_MAIN_DAGGER_HELL@1	7955
T4_MAIN_DAGGER_HELL@2	7956
T4_MAIN_DAGGER_HELL@3	7957
T4_MAIN_DAGGER_HELL@4	7958
T5_MAIN_DAGGER_HELL	7959
T5_MAIN_DAGGER_HELL@1	7960
T5_MAIN_DAGGER_HELL@2	7961
T5_MAIN_DAGGER_HELL@3	7962
T5_MAIN_DAGGER_HELL@4	7963
T6_MAIN_DAGGER_HELL	7964
T6_MAIN_DAGGER_HELL@1	7965
T6_MAIN_DAGGER_HELL@2	7966
T6_MAIN_DAGGER_HELL@3	7967
T6_MAIN_DAGGER_HELL@4	7968
T7_MAIN_DAGGER_HELL	7969
T7_MAIN_DAGGER_HELL@1	7970
T7_MAIN_DAGGER_HELL@2	7971
T7_MAIN_DAGGER_HELL@3	7972
T7_MAIN_DAGGER_HELL@4	7973
T8_MAIN_DAGGER_HELL	7974
T8_MAIN_DAGGER_HELL@1	7975
T8_MAIN_DAGGER_HELL@2	7976
T8_MAIN_DAGGER_HELL@3	7977
T8_MAIN_DAGGER_HELL@4	7978
T4_2H_IRONGAUNTLETS_HELL	7979
T4_2H_IRONGAUNTLETS_HELL@1	7980
T4_2H_IRONGAUNTLETS_HELL@2	7981
T4_2H_IRONGAUNTLETS_HELL@3	7982
T5_2H_IRONGAUNTLETS_HELL	7983
T5_2H_IRONGAUNTLETS_HELL@1	7984
T5_2H_IRONGAUNTLETS_HELL@2	7985
T5_2H_IRONGAUNTLETS_HELL@3	7986
T6_2H_IRONGAUNTLETS_HELL	7987
T6_2H_IRONGAUNTLETS_HELL@1	7988
T6_2H_IRONGAUNTLETS_HELL@2	7989
T6_2H_IRONGAUNTLETS_HELL@3	7990
T7_2H_IRONGAUNTLETS_HELL	7991
T7_2H_IRONGAUNTLETS_HELL@1	7992
T7_2H_IRONGAUNTLETS_HELL@2	7993
T7_2H_IRONGAUNTLETS_HELL@3	7994
T8_2H_IRONGAUNTLETS_HELL	7995
T8_2H_IRONGAUNTLETS_HELL@1	7996
T8_2H_IRONGAUNTLETS_HELL@2	7997
T8_2H_IRONGAUNTLETS_HELL@3	7998
T4_2H_DUALSICKLE_UNDEAD	7999
T4_2H_DUALSICKLE_UNDEAD@1	8000
T4_2H_DUALSICKLE_UNDEAD@2	8001
T4_2H_DUALSICKLE_UNDEAD@3	8002
T4_2H_DUALSICKLE_UNDEAD@4	8003
T5_2H_DUALSICKLE_UNDEAD	8004
T5_2H_DUALSICKLE_UNDEAD@1	8005
T5_2H_DUALSICKLE_UNDEAD@2	8006
T5_2H_DUALSICKLE_UNDEAD@3	8007
T5_2H_DUALSICKLE_UNDEAD@4	8008
T6_2H_DUALSICKLE_UNDEAD	8009
T6_2H_DUALSICKLE_UNDEAD@1	8010
T6_2H_DUALSICKLE_UNDEAD@2	8011
T6_2H_DUALSICKLE_UNDEAD@3	8012
T6_2H_DUALSICKLE_UNDEAD@4	8013
T7_2H_DUALSICKLE_UNDEAD	8014
T7_2H_DUALSICKLE_UNDEAD@1	8015
T7_2H_DUALSICKLE_UNDEAD@2	8016
T7_2H_DUALSICKLE_UNDEAD@3	8017
T7_2H_DUALSICKLE_UNDEAD@4	8018
T8_2H_DUALSICKLE_UNDEAD	8019
T8_2H_DUALSICKLE_UNDEAD@1	8020
T8_2H_DUALSICKLE_UNDEAD@2	8021
T8_2H_DUALSICKLE_UNDEAD@3	8022
T8_2H_DUALSICKLE_UNDEAD@4	8023
T4_2H_DAGGER_KATAR_AVALON	8024
T4_2H_DAGGER_KATAR_AVALON@1	8025
T4_2H_DAGGER_KATAR_AVALON@2	8026
T4_2H_DAGGER_KATAR_AVALON@3	8027
T4_2H_DAGGER_KATAR_AVALON@4	8028
T5_2H_DAGGER_KATAR_AVALON	8029
T5_2H_DAGGER_KATAR_AVALON@1	8030
T5_2H_DAGGER_KATAR_AVALON@2	8031
T5_2H_DAGGER_KATAR_AVALON@3	8032
T5_2H_DAGGER_KATAR_AVALON@4	8033
T6_2H_DAGGER_KATAR_AVALON	8034
T6_2H_DAGGER_KATAR_AVALON@1	8035
T6_2H_DAGGER_KATAR_AVALON@2	8036
T6_2H_DAGGER_KATAR_AVALON@3	8037
T6_2H_DAGGER_KATAR_AVALON@4	8038
T7_2H_DAGGER_KATAR_AVALON	8039
T7_2H_DAGGER_KATAR_AVALON@1	8040
T7_2H_DAGGER_KATAR_AVALON@2	8041
T7_2H_DAGGER_KATAR_AVALON@3	8042
T7_2H_DAGGER_KATAR_AVALON@4	8043
T8_2H_DAGGER_KATAR_AVALON	8044
T8_2H_DAGGER_KATAR_AVALON@1	8045
T8_2H_DAGGER_KATAR_AVALON@2	8046
T8_2H_DAGGER_KATAR_AVALON@3	8047
T8_2H_DAGGER_KATAR_AVALON@4	8048
T4_2H_DAGGERPAIR_CRYSTAL	8049
T4_2H_DAGGERPAIR_CRYSTAL@1	8050
T4_2H_DAGGERPAIR_CRYSTAL@2	8051
T4_2H_DAGGERPAIR_CRYSTAL@3	8052
T4_2H_DAGGERPAIR_CRYSTAL@4	8053
T5_2H_DAGGERPAIR_CRYSTAL	8054
T5_2H_DAGGERPAIR_CRYSTAL@1	8055
T5_2H_DAGGERPAIR_CRYSTAL@2	8056
T5_2H_DAGGERPAIR_CRYSTAL@3	8057
T5_2H_DAGGERPAIR_CRYSTAL@4	8058
T6_2H_DAGGERPAIR_CRYSTAL	8059
T6_2H_DAGGERPAIR_CRYSTAL@1	8060
T6_2H_DAGGERPAIR_CRYSTAL@2	8061
T6_2H_DAGGERPAIR_CRYSTAL@3	8062
T6_2H_DAGGERPAIR_CRYSTAL@4	8063
T7_2H_DAGGERPAIR_CRYSTAL	8064
T7_2H_DAGGERPAIR_CRYSTAL@1	8065
T7_2H_DAGGERPAIR_CRYSTAL@2	8066
T7_2H_DAGGERPAIR_CRYSTAL@3	8067
T7_2H_DAGGERPAIR_CRYSTAL@4	8068
T8_2H_DAGGERPAIR_CRYSTAL	8069
T8_2H_DAGGERPAIR_CRYSTAL@1	8070
T8_2H_DAGGERPAIR_CRYSTAL@2	8071
T8_2H_DAGGERPAIR_CRYSTAL@3	8072
T8_2H_DAGGERPAIR_CRYSTAL@4	8073
T3_MAIN_SPEAR	8074
T4_MAIN_SPEAR	8075
T4_MAIN_SPEAR@1	8076
T4_MAIN_SPEAR@2	8077
T4_MAIN_SPEAR@3	8078
T4_MAIN_SPEAR@4	8079
T5_MAIN_SPEAR	8080
T5_MAIN_SPEAR@1	8081
T5_MAIN_SPEAR@2	8082
T5_MAIN_SPEAR@3	8083
T5_MAIN_SPEAR@4	8084
T6_MAIN_SPEAR	8085
T6_MAIN_SPEAR@1	8086
T6_MAIN_SPEAR@2	8087
T6_MAIN_SPEAR@3	8088
T6_MAIN_SPEAR@4	8089
T7_MAIN_SPEAR	8090
T7_MAIN_SPEAR@1	8091
T7_MAIN_SPEAR@2	8092
T7_MAIN_SPEAR@3	8093
T7_MAIN_SPEAR@4	8094
T8_MAIN_SPEAR	8095
T8_MAIN_SPEAR@1	8096
T8_MAIN_SPEAR@2	8097
T8_MAIN_SPEAR@3	8098
T8_MAIN_SPEAR@4	8099
T4_2H_SPEAR	8100
T4_2H_SPEAR@1	8101
T4_2H_SPEAR@2	8102
T4_2H_SPEAR@3	8103
T4_2H_SPEAR@4	8104
T5_2H_SPEAR	8105
T5_2H_SPEAR@1	8106
T5_2H_SPEAR@2	8107
T5_2H_SPEAR@3	8108
T5_2H_SPEAR@4	8109
T6_2H_SPEAR	8110
T6_2H_SPEAR@1	8111
T6_2H_SPEAR@2	8112
T6_2H_SPEAR@3	8113
T6_2H_SPEAR@4	8114
T7_2H_SPEAR	8115
T7_2H_SPEAR@1	8116
T7_2H_SPEAR@2	8117
T7_2H_SPEAR@3	8118
T7_2H_SPEAR@4	8119
T8_2H_SPEAR	8120
T8_2H_SPEAR@1	8121
T8_2H_SPEAR@2	8122
T8_2H_SPEAR@3	8123
T8_2H_SPEAR@4	8124
T4_2H_GLAIVE	8125
T4_2H_GLAIVE@1	8126
T4_2H_GLAIVE@2	8127
T4_2H_GLAIVE@3	8128
T4_2H_GLAIVE@4	8129
T5_2H_GLAIVE	8130
T5_2H_GLAIVE@1	8131
T5_2H_GLAIVE@2	8132
T5_2H_GLAIVE@3	8133
T5_2H_GLAIVE@4	8134
T6_2H_GLAIVE	8135
T6_2H_GLAIVE@1	8136
T6_2H_GLAIVE@2	8137
T6_2H_GLAIVE@3	8138
T6_2H_GLAIVE@4	8139
T7_2H_GLAIVE	8140
T7_2H_GLAIVE@1	8141
T7_2H_GLAIVE@2	8142
T7_2H_GLAIVE@3	8143
T7_2H_GLAIVE@4	8144
T8_2H_GLAIVE	8145
T8_2H_GLAIVE@1	8146
T8_2H_GLAIVE@2	8147
T8_2H_GLAIVE@3	8148
T8_2H_GLAIVE@4	8149
T4_MAIN_SPEAR_KEEPER	8150
T4_MAIN_SPEAR_KEEPER@1	8151
T4_MAIN_SPEAR_KEEPER@2	8152
T4_MAIN_SPEAR_KEEPER@3	8153
T4_MAIN_SPEAR_KEEPER@4	8154
T5_MAIN_SPEAR_KEEPER	8155
T5_MAIN_SPEAR_KEEPER@1	8156
T5_MAIN_SPEAR_KEEPER@2	8157
T5_MAIN_SPEAR_KEEPER@3	8158
T5_MAIN_SPEAR_KEEPER@4	8159
T6_MAIN_SPEAR_KEEPER	8160
T6_MAIN_SPEAR_KEEPER@1	8161
T6_MAIN_SPEAR_KEEPER@2	8162
T6_MAIN_SPEAR_KEEPER@3	8163
T6_MAIN_SPEAR_KEEPER@4	8164
T7_MAIN_SPEAR_KEEPER	8165
T7_MAIN_SPEAR_KEEPER@1	8166
T7_MAIN_SPEAR_KEEPER@2	8167
T7_MAIN_SPEAR_KEEPER@3	8168
T7_MAIN_SPEAR_KEEPER@4	8169
T8_MAIN_SPEAR_KEEPER	8170
T8_MAIN_SPEAR_KEEPER@1	8171
T8_MAIN_SPEAR_KEEPER@2	8172
T8_MAIN_SPEAR_KEEPER@3	8173
T8_MAIN_SPEAR_KEEPER@4	8174
T4_2H_HARPOON_HELL	8175
T4_2H_HARPOON_HELL@1	8176
T4_2H_HARPOON_HELL@2	8177
T4_2H_HARPOON_HELL@3	8178
T4_2H_HARPOON_HELL@4	8179
T5_2H_HARPOON_HELL	8180
T5_2H_HARPOON_HELL@1	8181
T5_2H_HARPOON_HELL@2	8182
T5_2H_HARPOON_HELL@3	8183
T5_2H_HARPOON_HELL@4	8184
T6_2H_HARPOON_HELL	8185
T6_2H_HARPOON_HELL@1	8186
T6_2H_HARPOON_HELL@2	8187
T6_2H_HARPOON_HELL@3	8188
T6_2H_HARPOON_HELL@4	8189
T7_2H_HARPOON_HELL	8190
T7_2H_HARPOON_HELL@1	8191
T7_2H_HARPOON_HELL@2	8192
T7_2H_HARPOON_HELL@3	8193
T7_2H_HARPOON_HELL@4	8194
T8_2H_HARPOON_HELL	8195
T8_2H_HARPOON_HELL@1	8196
T8_2H_HARPOON_HELL@2	8197
T8_2H_HARPOON_HELL@3	8198
T8_2H_HARPOON_HELL@4	8199
T4_2H_TRIDENT_UNDEAD	8200
T4_2H_TRIDENT_UNDEAD@1	8201
T4_2H_TRIDENT_UNDEAD@2	8202
T4_2H_TRIDENT_UNDEAD@3	8203
T4_2H_TRIDENT_UNDEAD@4	8204
T5_2H_TRIDENT_UNDEAD	8205
T5_2H_TRIDENT_UNDEAD@1	8206
T5_2H_TRIDENT_UNDEAD@2	8207
T5_2H_TRIDENT_UNDEAD@3	8208
T5_2H_TRIDENT_UNDEAD@4	8209
T6_2H_TRIDENT_UNDEAD	8210
T6_2H_TRIDENT_UNDEAD@1	8211
T6_2H_TRIDENT_UNDEAD@2	8212
T6_2H_TRIDENT_UNDEAD@3	8213
T6_2H_TRIDENT_UNDEAD@4	8214
T7_2H_TRIDENT_UNDEAD	8215
T7_2H_TRIDENT_UNDEAD@1	8216
T7_2H_TRIDENT_UNDEAD@2	8217
T7_2H_TRIDENT_UNDEAD@3	8218
T7_2H_TRIDENT_UNDEAD@4	8219
T8_2H_TRIDENT_UNDEAD	8220
T8_2H_TRIDENT_UNDEAD@1	8221
T8_2H_TRIDENT_UNDEAD@2	8222
T8_2H_TRIDENT_UNDEAD@3	8223
T8_2H_TRIDENT_UNDEAD@4	8224
T4_MAIN_SPEAR_LANCE_AVALON	8225
T4_MAIN_SPEAR_LANCE_AVALON@1	8226
T4_MAIN_SPEAR_LANCE_AVALON@2	8227
T4_MAIN_SPEAR_LANCE_AVALON@3	8228
T4_MAIN_SPEAR_LANCE_AVALON@4	8229
T5_MAIN_SPEAR_LANCE_AVALON	8230
T5_MAIN_SPEAR_LANCE_AVALON@1	8231
T5_MAIN_SPEAR_LANCE_AVALON@2	8232
T5_MAIN_SPEAR_LANCE_AVALON@3	8233
T5_MAIN_SPEAR_LANCE_AVALON@4	8234
T6_MAIN_SPEAR_LANCE_AVALON	8235
T6_MAIN_SPEAR_LANCE_AVALON@1	8236
T6_MAIN_SPEAR_LANCE_AVALON@2	8237
T6_MAIN_SPEAR_LANCE_AVALON@3	8238
T6_MAIN_SPEAR_LANCE_AVALON@4	8239
T7_MAIN_SPEAR_LANCE_AVALON	8240
T7_MAIN_SPEAR_LANCE_AVALON@1	8241
T7_MAIN_SPEAR_LANCE_AVALON@2	8242
T7_MAIN_SPEAR_LANCE_AVALON@3	8243
T7_MAIN_SPEAR_LANCE_AVALON@4	8244
T8_MAIN_SPEAR_LANCE_AVALON	8245
T8_MAIN_SPEAR_LANCE_AVALON@1	8246
T8_MAIN_SPEAR_LANCE_AVALON@2	8247
T8_MAIN_SPEAR_LANCE_AVALON@3	8248
T8_MAIN_SPEAR_LANCE_AVALON@4	8249
T4_2H_GLAIVE_CRYSTAL	8250
T4_2H_GLAIVE_CRYSTAL@1	8251
T4_2H_GLAIVE_CRYSTAL@2	8252
T4_2H_GLAIVE_CRYSTAL@3	8253
T4_2H_GLAIVE_CRYSTAL@4	8254
T5_2H_GLAIVE_CRYSTAL	8255
T5_2H_GLAIVE_CRYSTAL@1	8256
T5_2H_GLAIVE_CRYSTAL@2	8257
T5_2H_GLAIVE_CRYSTAL@3	8258
T5_2H_GLAIVE_CRYSTAL@4	8259
T6_2H_GLAIVE_CRYSTAL	8260
T6_2H_GLAIVE_CRYSTAL@1	8261
T6_2H_GLAIVE_CRYSTAL@2	8262
T6_2H_GLAIVE_CRYSTAL@3	8263
T6_2H_GLAIVE_CRYSTAL@4	8264
T7_2H_GLAIVE_CRYSTAL	8265
T7_2H_GLAIVE_CRYSTAL@1	8266
T7_2H_GLAIVE_CRYSTAL@2	8267
T7_2H_GLAIVE_CRYSTAL@3	8268
T7_2H_GLAIVE_CRYSTAL@4	8269
T8_2H_GLAIVE_CRYSTAL	8270
T8_2H_GLAIVE_CRYSTAL@1	8271
T8_2H_GLAIVE_CRYSTAL@2	8272
T8_2H_GLAIVE_CRYSTAL@3	8273
T8_2H_GLAIVE_CRYSTAL@4	8274
T3_MAIN_AXE	8275
T4_MAIN_AXE	8276
T4_MAIN_AXE@1	8277
T4_MAIN_AXE@2	8278
T4_MAIN_AXE@3	8279
T4_MAIN_AXE@4	8280
T5_MAIN_AXE	8281
T5_MAIN_AXE@1	8282
T5_MAIN_AXE@2	8283
T5_MAIN_AXE@3	8284
T5_MAIN_AXE@4	8285
T6_MAIN_AXE	8286
T6_MAIN_AXE@1	8287
T6_MAIN_AXE@2	8288
T6_MAIN_AXE@3	8289
T6_MAIN_AXE@4	8290
T7_MAIN_AXE	8291
T7_MAIN_AXE@1	8292
T7_MAIN_AXE@2	8293
T7_MAIN_AXE@3	8294
T7_MAIN_AXE@4	8295
T8_MAIN_AXE	8296
T8_MAIN_AXE@1	8297
T8_MAIN_AXE@2	8298
T8_MAIN_AXE@3	8299
T8_MAIN_AXE@4	8300
T4_2H_AXE	8301
T4_2H_AXE@1	8302
T4_2H_AXE@2	8303
T4_2H_AXE@3	8304
T4_2H_AXE@4	8305
T5_2H_AXE	8306
T5_2H_AXE@1	8307
T5_2H_AXE@2	8308
T5_2H_AXE@3	8309
T5_2H_AXE@4	8310
T6_2H_AXE	8311
T6_2H_AXE@1	8312
T6_2H_AXE@2	8313
T6_2H_AXE@3	8314
T6_2H_AXE@4	8315
T7_2H_AXE	8316
T7_2H_AXE@1	8317
T7_2H_AXE@2	8318
T7_2H_AXE@3	8319
T7_2H_AXE@4	8320
T8_2H_AXE	8321
T8_2H_AXE@1	8322
T8_2H_AXE@2	8323
T8_2H_AXE@3	8324
T8_2H_AXE@4	8325
T4_2H_HALBERD	8326
T4_2H_HALBERD@1	8327
T4_2H_HALBERD@2	8328
T4_2H_HALBERD@3	8329
T4_2H_HALBERD@4	8330
T5_2H_HALBERD	8331
T5_2H_HALBERD@1	8332
T5_2H_HALBERD@2	8333
T5_2H_HALBERD@3	8334
T5_2H_HALBERD@4	8335
T6_2H_HALBERD	8336
T6_2H_HALBERD@1	8337
T6_2H_HALBERD@2	8338
T6_2H_HALBERD@3	8339
T6_2H_HALBERD@4	8340
T7_2H_HALBERD	8341
T7_2H_HALBERD@1	8342
T7_2H_HALBERD@2	8343
T7_2H_HALBERD@3	8344
T7_2H_HALBERD@4	8345
T8_2H_HALBERD	8346
T8_2H_HALBERD@1	8347
T8_2H_HALBERD@2	8348
T8_2H_HALBERD@3	8349
T8_2H_HALBERD@4	8350
T4_2H_HALBERD_MORGANA	8351
T4_2H_HALBERD_MORGANA@1	8352
T4_2H_HALBERD_MORGANA@2	8353
T4_2H_HALBERD_MORGANA@3	8354
T4_2H_HALBERD_MORGANA@4	8355
T5_2H_HALBERD_MORGANA	8356
T5_2H_HALBERD_MORGANA@1	8357
T5_2H_HALBERD_MORGANA@2	8358
T5_2H_HALBERD_MORGANA@3	8359
T5_2H_HALBERD_MORGANA@4	8360
T6_2H_HALBERD_MORGANA	8361
T6_2H_HALBERD_MORGANA@1	8362
T6_2H_HALBERD_MORGANA@2	8363
T6_2H_HALBERD_MORGANA@3	8364
T6_2H_HALBERD_MORGANA@4	8365
T7_2H_HALBERD_MORGANA	8366
T7_2H_HALBERD_MORGANA@1	8367
T7_2H_HALBERD_MORGANA@2	8368
T7_2H_HALBERD_MORGANA@3	8369
T7_2H_HALBERD_MORGANA@4	8370
T8_2H_HALBERD_MORGANA	8371
T8_2H_HALBERD_MORGANA@1	8372
T8_2H_HALBERD_MORGANA@2	8373
T8_2H_HALBERD_MORGANA@3	8374
T8_2H_HALBERD_MORGANA@4	8375
T4_2H_SCYTHE_HELL	8376
T4_2H_SCYTHE_HELL@1	8377
T4_2H_SCYTHE_HELL@2	8378
T4_2H_SCYTHE_HELL@3	8379
T4_2H_SCYTHE_HELL@4	8380
T5_2H_SCYTHE_HELL	8381
T5_2H_SCYTHE_HELL@1	8382
T5_2H_SCYTHE_HELL@2	8383
T5_2H_SCYTHE_HELL@3	8384
T5_2H_SCYTHE_HELL@4	8385
T6_2H_SCYTHE_HELL	8386
T6_2H_SCYTHE_HELL@1	8387
T6_2H_SCYTHE_HELL@2	8388
T6_2H_SCYTHE_HELL@3	8389
T6_2H_SCYTHE_HELL@4	8390
T7_2H_SCYTHE_HELL	8391
T7_2H_SCYTHE_HELL@1	8392
T7_2H_SCYTHE_HELL@2	8393
T7_2H_SCYTHE_HELL@3	8394
T7_2H_SCYTHE_HELL@4	8395
T8_2H_SCYTHE_HELL	8396
T8_2H_SCYTHE_HELL@1	8397
T8_2H_SCYTHE_HELL@2	8398
T8_2H_SCYTHE_HELL@3	8399
T8_2H_SCYTHE_HELL@4	8400
T4_2H_DUALAXE_KEEPER	8401
T4_2H_DUALAXE_KEEPER@1	8402
T4_2H_DUALAXE_KEEPER@2	8403
T4_2H_DUALAXE_KEEPER@3	8404
T4_2H_DUALAXE_KEEPER@4	8405
T5_2H_DUALAXE_KEEPER	8406
T5_2H_DUALAXE_KEEPER@1	8407
T5_2H_DUALAXE_KEEPER@2	8408
T5_2H_DUALAXE_KEEPER@3	8409
T5_2H_DUALAXE_KEEPER@4	8410
T6_2H_DUALAXE_KEEPER	8411
T6_2H_DUALAXE_KEEPER@1	8412
T6_2H_DUALAXE_KEEPER@2	8413
T6_2H_DUALAXE_KEEPER@3	8414
T6_2H_DUALAXE_KEEPER@4	8415
T7_2H_DUALAXE_KEEPER	8416
T7_2H_DUALAXE_KEEPER@1	8417
T7_2H_DUALAXE_KEEPER@2	8418
T7_2H_DUALAXE_KEEPER@3	8419
T7_2H_DUALAXE_KEEPER@4	8420
T8_2H_DUALAXE_KEEPER	8421
T8_2H_DUALAXE_KEEPER@1	8422
T8_2H_DUALAXE_KEEPER@2	8423
T8_2H_DUALAXE_KEEPER@3	8424
T8_2H_DUALAXE_KEEPER@4	8425
T4_2H_AXE_AVALON	8426
T4_2H_AXE_AVALON@1	8427
T4_2H_AXE_AVALON@2	8428
T4_2H_AXE_AVALON@3	8429
T4_2H_AXE_AVALON@4	8430
T5_2H_AXE_AVALON	8431
T5_2H_AXE_AVALON@1	8432
T5_2H_AXE_AVALON@2	8433
T5_2H_AXE_AVALON@3	8434
T5_2H_AXE_AVALON@4	8435
T6_2H_AXE_AVALON	8436
T6_2H_AXE_AVALON@1	8437
T6_2H_AXE_AVALON@2	8438
T6_2H_AXE_AVALON@3	8439
T6_2H_AXE_AVALON@4	8440
T7_2H_AXE_AVALON	8441
T7_2H_AXE_AVALON@1	8442
T7_2H_AXE_AVALON@2	8443
T7_2H_AXE_AVALON@3	8444
T7_2H_AXE_AVALON@4	8445
T8_2H_AXE_AVALON	8446
T8_2H_AXE_AVALON@1	8447
T8_2H_AXE_AVALON@2	8448
T8_2H_AXE_AVALON@3	8449
T8_2H_AXE_AVALON@4	8450
T4_2H_SCYTHE_CRYSTAL	8451
T4_2H_SCYTHE_CRYSTAL@1	8452
T4_2H_SCYTHE_CRYSTAL@2	8453
T4_2H_SCYTHE_CRYSTAL@3	8454
T4_2H_SCYTHE_CRYSTAL@4	8455
T5_2H_SCYTHE_CRYSTAL	8456
T5_2H_SCYTHE_CRYSTAL@1	8457
T5_2H_SCYTHE_CRYSTAL@2	8458
T5_2H_SCYTHE_CRYSTAL@3	8459
T5_2H_SCYTHE_CRYSTAL@4	8460
T6_2H_SCYTHE_CRYSTAL	8461
T6_2H_SCYTHE_CRYSTAL@1	8462
T6_2H_SCYTHE_CRYSTAL@2	8463
T6_2H_SCYTHE_CRYSTAL@3	8464
T6_2H_SCYTHE_CRYSTAL@4	8465
T7_2H_SCYTHE_CRYSTAL	8466
T7_2H_SCYTHE_CRYSTAL@1	8467
T7_2H_SCYTHE_CRYSTAL@2	8468
T7_2H_SCYTHE_CRYSTAL@3	8469
T7_2H_SCYTHE_CRYSTAL@4	8470
T8_2H_SCYTHE_CRYSTAL	8471
T8_2H_SCYTHE_CRYSTAL@1	8472
T8_2H_SCYTHE_CRYSTAL@2	8473
T8_2H_SCYTHE_CRYSTAL@3	8474
T8_2H_SCYTHE_CRYSTAL@4	8475
T1_MAIN_SWORD	8476
T2_MAIN_SWORD	8477
T3_MAIN_SWORD	8478
T4_MAIN_SWORD	8479
T4_MAIN_SWORD@1	8480
T4_MAIN_SWORD@2	8481
T4_MAIN_SWORD@3	8482
T4_MAIN_SWORD@4	8483
T5_MAIN_SWORD	8484
T5_MAIN_SWORD@1	8485
T5_MAIN_SWORD@2	8486
T5_MAIN_SWORD@3	8487
T5_MAIN_SWORD@4	8488
T6_MAIN_SWORD	8489
T6_MAIN_SWORD@1	8490
T6_MAIN_SWORD@2	8491
T6_MAIN_SWORD@3	8492
T6_MAIN_SWORD@4	8493
T7_MAIN_SWORD	8494
T7_MAIN_SWORD@1	8495
T7_MAIN_SWORD@2	8496
T7_MAIN_SWORD@3	8497
T7_MAIN_SWORD@4	8498
T8_MAIN_SWORD	8499
T8_MAIN_SWORD@1	8500
T8_MAIN_SWORD@2	8501
T8_MAIN_SWORD@3	8502
T8_MAIN_SWORD@4	8503
T4_2H_CLAYMORE	8504
T4_2H_CLAYMORE@1	8505
T4_2H_CLAYMORE@2	8506
T4_2H_CLAYMORE@3	8507
T4_2H_CLAYMORE@4	8508
T5_2H_CLAYMORE	8509
T5_2H_CLAYMORE@1	8510
T5_2H_CLAYMORE@2	8511
T5_2H_CLAYMORE@3	8512
T5_2H_CLAYMORE@4	8513
T6_2H_CLAYMORE	8514
T6_2H_CLAYMORE@1	8515
T6_2H_CLAYMORE@2	8516
T6_2H_CLAYMORE@3	8517
T6_2H_CLAYMORE@4	8518
T7_2H_CLAYMORE	8519
T7_2H_CLAYMORE@1	8520
T7_2H_CLAYMORE@2	8521
T7_2H_CLAYMORE@3	8522
T7_2H_CLAYMORE@4	8523
T8_2H_CLAYMORE	8524
T8_2H_CLAYMORE@1	8525
T8_2H_CLAYMORE@2	8526
T8_2H_CLAYMORE@3	8527
T8_2H_CLAYMORE@4	8528
T4_2H_DUALSWORD	8529
T4_2H_DUALSWORD@1	8530
T4_2H_DUALSWORD@2	8531
T4_2H_DUALSWORD@3	8532
T4_2H_DUALSWORD@4	8533
T5_2H_DUALSWORD	8534
T5_2H_DUALSWORD@1	8535
T5_2H_DUALSWORD@2	8536
T5_2H_DUALSWORD@3	8537
T5_2H_DUALSWORD@4	8538
T6_2H_DUALSWORD	8539
T6_2H_DUALSWORD@1	8540
T6_2H_DUALSWORD@2	8541
T6_2H_DUALSWORD@3	8542
T6_2H_DUALSWORD@4	8543
T7_2H_DUALSWORD	8544
T7_2H_DUALSWORD@1	8545
T7_2H_DUALSWORD@2	8546
T7_2H_DUALSWORD@3	8547
T7_2H_DUALSWORD@4	8548
T8_2H_DUALSWORD	8549
T8_2H_DUALSWORD@1	8550
T8_2H_DUALSWORD@2	8551
T8_2H_DUALSWORD@3	8552
T8_2H_DUALSWORD@4	8553
T4_MAIN_SCIMITAR_MORGANA	8554
T4_MAIN_SCIMITAR_MORGANA@1	8555
T4_MAIN_SCIMITAR_MORGANA@2	8556
T4_MAIN_SCIMITAR_MORGANA@3	8557
T4_MAIN_SCIMITAR_MORGANA@4	8558
T5_MAIN_SCIMITAR_MORGANA	8559
T5_MAIN_SCIMITAR_MORGANA@1	8560
T5_MAIN_SCIMITAR_MORGANA@2	8561
T5_MAIN_SCIMITAR_MORGANA@3	8562
T5_MAIN_SCIMITAR_MORGANA@4	8563
T6_MAIN_SCIMITAR_MORGANA	8564
T6_MAIN_SCIMITAR_MORGANA@1	8565
T6_MAIN_SCIMITAR_MORGANA@2	8566
T6_MAIN_SCIMITAR_MORGANA@3	8567
T6_MAIN_SCIMITAR_MORGANA@4	8568
T7_MAIN_SCIMITAR_MORGANA	8569
T7_MAIN_SCIMITAR_MORGANA@1	8570
T7_MAIN_SCIMITAR_MORGANA@2	8571
T7_MAIN_SCIMITAR_MORGANA@3	8572
T7_MAIN_SCIMITAR_MORGANA@4	8573
T8_MAIN_SCIMITAR_MORGANA	8574
T8_MAIN_SCIMITAR_MORGANA@1	8575
T8_MAIN_SCIMITAR_MORGANA@2	8576
T8_MAIN_SCIMITAR_MORGANA@3	8577
T8_MAIN_SCIMITAR_MORGANA@4	8578
T4_2H_CLEAVER_HELL	8579
T4_2H_CLEAVER_HELL@1	8580
T4_2H_CLEAVER_HELL@2	8581
T4_2H_CLEAVER_HELL@3	8582
T4_2H_CLEAVER_HELL@4	8583
T5_2H_CLEAVER_HELL	8584
T5_2H_CLEAVER_HELL@1	8585
T5_2H_CLEAVER_HELL@2	8586
T5_2H_CLEAVER_HELL@3	8587
T5_2H_CLEAVER_HELL@4	8588
T6_2H_CLEAVER_HELL	8589
T6_2H_CLEAVER_HELL@1	8590
T6_2H_CLEAVER_HELL@2	8591
T6_2H_CLEAVER_HELL@3	8592
T6_2H_CLEAVER_HELL@4	8593
T7_2H_CLEAVER_HELL	8594
T7_2H_CLEAVER_HELL@1	8595
T7_2H_CLEAVER_HELL@2	8596
T7_2H_CLEAVER_HELL@3	8597
T7_2H_CLEAVER_HELL@4	8598
T8_2H_CLEAVER_HELL	8599
T8_2H_CLEAVER_HELL@1	8600
T8_2H_CLEAVER_HELL@2	8601
T8_2H_CLEAVER_HELL@3	8602
T8_2H_CLEAVER_HELL@4	8603
T4_2H_DUALSCIMITAR_UNDEAD	8604
T4_2H_DUALSCIMITAR_UNDEAD@1	8605
T4_2H_DUALSCIMITAR_UNDEAD@2	8606
T4_2H_DUALSCIMITAR_UNDEAD@3	8607
T4_2H_DUALSCIMITAR_UNDEAD@4	8608
T5_2H_DUALSCIMITAR_UNDEAD	8609
T5_2H_DUALSCIMITAR_UNDEAD@1	8610
T5_2H_DUALSCIMITAR_UNDEAD@2	8611
T5_2H_DUALSCIMITAR_UNDEAD@3	8612
T5_2H_DUALSCIMITAR_UNDEAD@4	8613
T6_2H_DUALSCIMITAR_UNDEAD	8614
T6_2H_DUALSCIMITAR_UNDEAD@1	8615
T6_2H_DUALSCIMITAR_UNDEAD@2	8616
T6_2H_DUALSCIMITAR_UNDEAD@3	8617
T6_2H_DUALSCIMITAR_UNDEAD@4	8618
T7_2H_DUALSCIMITAR_UNDEAD	8619
T7_2H_DUALSCIMITAR_UNDEAD@1	8620
T7_2H_DUALSCIMITAR_UNDEAD@2	8621
T7_2H_DUALSCIMITAR_UNDEAD@3	8622
T7_2H_DUALSCIMITAR_UNDEAD@4	8623
T8_2H_DUALSCIMITAR_UNDEAD	8624
T8_2H_DUALSCIMITAR_UNDEAD@1	8625
T8_2H_DUALSCIMITAR_UNDEAD@2	8626
T8_2H_DUALSCIMITAR_UNDEAD@3	8627
T8_2H_DUALSCIMITAR_UNDEAD@4	8628
T4_2H_CLAYMORE_AVALON	8629
T4_2H_CLAYMORE_AVALON@1	8630
T4_2H_CLAYMORE_AVALON@2	8631
T4_2H_CLAYMORE_AVALON@3	8632
T4_2H_CLAYMORE_AVALON@4	8633
T5_2H_CLAYMORE_AVALON	8634
T5_2H_CLAYMORE_AVALON@1	8635
T5_2H_CLAYMORE_AVALON@2	8636
T5_2H_CLAYMORE_AVALON@3	8637
T5_2H_CLAYMORE_AVALON@4	8638
T6_2H_CLAYMORE_AVALON	8639
T6_2H_CLAYMORE_AVALON@1	8640
T6_2H_CLAYMORE_AVALON@2	8641
T6_2H_CLAYMORE_AVALON@3	8642
T6_2H_CLAYMORE_AVALON@4	8643
T7_2H_CLAYMORE_AVALON	8644
T7_2H_CLAYMORE_AVALON@1	8645
T7_2H_CLAYMORE_AVALON@2	8646
T7_2H_CLAYMORE_AVALON@3	8647
T7_2H_CLAYMORE_AVALON@4	8648
T8_2H_CLAYMORE_AVALON	8649
T8_2H_CLAYMORE_AVALON@1	8650
T8_2H_CLAYMORE_AVALON@2	8651
T8_2H_CLAYMORE_AVALON@3	8652
T8_2H_CLAYMORE_AVALON@4	8653
T4_MAIN_SWORD_CRYSTAL	8654
T4_MAIN_SWORD_CRYSTAL@1	8655
T4_MAIN_SWORD_CRYSTAL@2	8656
T4_MAIN_SWORD_CRYSTAL@3	8657
T4_MAIN_SWORD_CRYSTAL@4	8658
T5_MAIN_SWORD_CRYSTAL	8659
T5_MAIN_SWORD_CRYSTAL@1	8660
T5_MAIN_SWORD_CRYSTAL@2	8661
T5_MAIN_SWORD_CRYSTAL@3	8662
T5_MAIN_SWORD_CRYSTAL@4	8663
T6_MAIN_SWORD_CRYSTAL	8664
T6_MAIN_SWORD_CRYSTAL@1	8665
T6_MAIN_SWORD_CRYSTAL@2	8666
T6_MAIN_SWORD_CRYSTAL@3	8667
T6_MAIN_SWORD_CRYSTAL@4	8668
T7_MAIN_SWORD_CRYSTAL	8669
T7_MAIN_SWORD_CRYSTAL@1	8670
T7_MAIN_SWORD_CRYSTAL@2	8671
T7_MAIN_SWORD_CRYSTAL@3	8672
T7_MAIN_SWORD_CRYSTAL@4	8673
T8_MAIN_SWORD_CRYSTAL	8674
T8_MAIN_SWORD_CRYSTAL@1	8675
T8_MAIN_SWORD_CRYSTAL@2	8676
T8_MAIN_SWORD_CRYSTAL@3	8677
T8_MAIN_SWORD_CRYSTAL@4	8678
T3_2H_QUARTERSTAFF	8679
T4_2H_QUARTERSTAFF	8680
T4_2H_QUARTERSTAFF@1	8681
T4_2H_QUARTERSTAFF@2	8682
T4_2H_QUARTERSTAFF@3	8683
T4_2H_QUARTERSTAFF@4	8684
T5_2H_QUARTERSTAFF	8685
T5_2H_QUARTERSTAFF@1	8686
T5_2H_QUARTERSTAFF@2	8687
T5_2H_QUARTERSTAFF@3	8688
T5_2H_QUARTERSTAFF@4	8689
T6_2H_QUARTERSTAFF	8690
T6_2H_QUARTERSTAFF@1	8691
T6_2H_QUARTERSTAFF@2	8692
T6_2H_QUARTERSTAFF@3	8693
T6_2H_QUARTERSTAFF@4	8694
T7_2H_QUARTERSTAFF	8695
T7_2H_QUARTERSTAFF@1	8696
T7_2H_QUARTERSTAFF@2	8697
T7_2H_QUARTERSTAFF@3	8698
T7_2H_QUARTERSTAFF@4	8699
T8_2H_QUARTERSTAFF	8700
T8_2H_QUARTERSTAFF@1	8701
T8_2H_QUARTERSTAFF@2	8702
T8_2H_QUARTERSTAFF@3	8703
T8_2H_QUARTERSTAFF@4	8704
T4_2H_IRONCLADEDSTAFF	8705
T4_2H_IRONCLADEDSTAFF@1	8706
T4_2H_IRONCLADEDSTAFF@2	8707
T4_2H_IRONCLADEDSTAFF@3	8708
T4_2H_IRONCLADEDSTAFF@4	8709
T5_2H_IRONCLADEDSTAFF	8710
T5_2H_IRONCLADEDSTAFF@1	8711
T5_2H_IRONCLADEDSTAFF@2	8712
T5_2H_IRONCLADEDSTAFF@3	8713
T5_2H_IRONCLADEDSTAFF@4	8714
T6_2H_IRONCLADEDSTAFF	8715
T6_2H_IRONCLADEDSTAFF@1	8716
T6_2H_IRONCLADEDSTAFF@2	8717
T6_2H_IRONCLADEDSTAFF@3	8718
T6_2H_IRONCLADEDSTAFF@4	8719
T7_2H_IRONCLADEDSTAFF	8720
T7_2H_IRONCLADEDSTAFF@1	8721
T7_2H_IRONCLADEDSTAFF@2	8722
T7_2H_IRONCLADEDSTAFF@3	8723
T7_2H_IRONCLADEDSTAFF@4	8724
T8_2H_IRONCLADEDSTAFF	8725
T8_2H_IRONCLADEDSTAFF@1	8726
T8_2H_IRONCLADEDSTAFF@2	8727
T8_2H_IRONCLADEDSTAFF@3	8728
T8_2H_IRONCLADEDSTAFF@4	8729
T4_2H_DOUBLEBLADEDSTAFF	8730
T4_2H_DOUBLEBLADEDSTAFF@1	8731
T4_2H_DOUBLEBLADEDSTAFF@2	8732
T4_2H_DOUBLEBLADEDSTAFF@3	8733
T4_2H_DOUBLEBLADEDSTAFF@4	8734
T5_2H_DOUBLEBLADEDSTAFF	8735
T5_2H_DOUBLEBLADEDSTAFF@1	8736
T5_2H_DOUBLEBLADEDSTAFF@2	8737
T5_2H_DOUBLEBLADEDSTAFF@3	8738
T5_2H_DOUBLEBLADEDSTAFF@4	8739
T6_2H_DOUBLEBLADEDSTAFF	8740
T6_2H_DOUBLEBLADEDSTAFF@1	8741
T6_2H_DOUBLEBLADEDSTAFF@2	8742
T6_2H_DOUBLEBLADEDSTAFF@3	8743
T6_2H_DOUBLEBLADEDSTAFF@4	8744
T7_2H_DOUBLEBLADEDSTAFF	8745
T7_2H_DOUBLEBLADEDSTAFF@1	8746
T7_2H_DOUBLEBLADEDSTAFF@2	8747
T7_2H_DOUBLEBLADEDSTAFF@3	8748
T7_2H_DOUBLEBLADEDSTAFF@4	8749
T8_2H_DOUBLEBLADEDSTAFF	8750
T8_2H_DOUBLEBLADEDSTAFF@1	8751
T8_2H_DOUBLEBLADEDSTAFF@2	8752
T8_2H_DOUBLEBLADEDSTAFF@3	8753
T8_2H_DOUBLEBLADEDSTAFF@4	8754
T4_2H_COMBATSTAFF_MORGANA	8755
T4_2H_COMBATSTAFF_MORGANA@1	8756
T4_2H_COMBATSTAFF_MORGANA@2	8757
T4_2H_COMBATSTAFF_MORGANA@3	8758
T4_2H_COMBATSTAFF_MORGANA@4	8759
T5_2H_COMBATSTAFF_MORGANA	8760
T5_2H_COMBATSTAFF_MORGANA@1	8761
T5_2H_COMBATSTAFF_MORGANA@2	8762
T5_2H_COMBATSTAFF_MORGANA@3	8763
T5_2H_COMBATSTAFF_MORGANA@4	8764
T6_2H_COMBATSTAFF_MORGANA	8765
T6_2H_COMBATSTAFF_MORGANA@1	8766
T6_2H_COMBATSTAFF_MORGANA@2	8767
T6_2H_COMBATSTAFF_MORGANA@3	8768
T6_2H_COMBATSTAFF_MORGANA@4	8769
T7_2H_COMBATSTAFF_MORGANA	8770
T7_2H_COMBATSTAFF_MORGANA@1	8771
T7_2H_COMBATSTAFF_MORGANA@2	8772
T7_2H_COMBATSTAFF_MORGANA@3	8773
T7_2H_COMBATSTAFF_MORGANA@4	8774
T8_2H_COMBATSTAFF_MORGANA	8775
T8_2H_COMBATSTAFF_MORGANA@1	8776
T8_2H_COMBATSTAFF_MORGANA@2	8777
T8_2H_COMBATSTAFF_MORGANA@3	8778
T8_2H_COMBATSTAFF_MORGANA@4	8779
T4_2H_TWINSCYTHE_HELL	8780
T4_2H_TWINSCYTHE_HELL@1	8781
T4_2H_TWINSCYTHE_HELL@2	8782
T4_2H_TWINSCYTHE_HELL@3	8783
T4_2H_TWINSCYTHE_HELL@4	8784
T5_2H_TWINSCYTHE_HELL	8785
T5_2H_TWINSCYTHE_HELL@1	8786
T5_2H_TWINSCYTHE_HELL@2	8787
T5_2H_TWINSCYTHE_HELL@3	8788
T5_2H_TWINSCYTHE_HELL@4	8789
T6_2H_TWINSCYTHE_HELL	8790
T6_2H_TWINSCYTHE_HELL@1	8791
T6_2H_TWINSCYTHE_HELL@2	8792
T6_2H_TWINSCYTHE_HELL@3	8793
T6_2H_TWINSCYTHE_HELL@4	8794
T7_2H_TWINSCYTHE_HELL	8795
T7_2H_TWINSCYTHE_HELL@1	8796
T7_2H_TWINSCYTHE_HELL@2	8797
T7_2H_TWINSCYTHE_HELL@3	8798
T7_2H_TWINSCYTHE_HELL@4	8799
T8_2H_TWINSCYTHE_HELL	8800
T8_2H_TWINSCYTHE_HELL@1	8801
T8_2H_TWINSCYTHE_HELL@2	8802
T8_2H_TWINSCYTHE_HELL@3	8803
T8_2H_TWINSCYTHE_HELL@4	8804
T4_2H_ROCKSTAFF_KEEPER	8805
T4_2H_ROCKSTAFF_KEEPER@1	8806
T4_2H_ROCKSTAFF_KEEPER@2	8807
T4_2H_ROCKSTAFF_KEEPER@3	8808
T4_2H_ROCKSTAFF_KEEPER@4	8809
T5_2H_ROCKSTAFF_KEEPER	8810
T5_2H_ROCKSTAFF_KEEPER@1	8811
T5_2H_ROCKSTAFF_KEEPER@2	8812
T5_2H_ROCKSTAFF_KEEPER@3	8813
T5_2H_ROCKSTAFF_KEEPER@4	8814
T6_2H_ROCKSTAFF_KEEPER	8815
T6_2H_ROCKSTAFF_KEEPER@1	8816
T6_2H_ROCKSTAFF_KEEPER@2	8817
T6_2H_ROCKSTAFF_KEEPER@3	8818
T6_2H_ROCKSTAFF_KEEPER@4	8819
T7_2H_ROCKSTAFF_KEEPER	8820
T7_2H_ROCKSTAFF_KEEPER@1	8821
T7_2H_ROCKSTAFF_KEEPER@2	8822
T7_2H_ROCKSTAFF_KEEPER@3	8823
T7_2H_ROCKSTAFF_KEEPER@4	8824
T8_2H_ROCKSTAFF_KEEPER	8825
T8_2H_ROCKSTAFF_KEEPER@1	8826
T8_2H_ROCKSTAFF_KEEPER@2	8827
T8_2H_ROCKSTAFF_KEEPER@3	8828
T8_2H_ROCKSTAFF_KEEPER@4	8829
T4_2H_QUARTERSTAFF_AVALON	8830
T4_2H_QUARTERSTAFF_AVALON@1	8831
T4_2H_QUARTERSTAFF_AVALON@2	8832
T4_2H_QUARTERSTAFF_AVALON@3	8833
T4_2H_QUARTERSTAFF_AVALON@4	8834
T5_2H_QUARTERSTAFF_AVALON	8835
T5_2H_QUARTERSTAFF_AVALON@1	8836
T5_2H_QUARTERSTAFF_AVALON@2	8837
T5_2H_QUARTERSTAFF_AVALON@3	8838
T5_2H_QUARTERSTAFF_AVALON@4	8839
T6_2H_QUARTERSTAFF_AVALON	8840
T6_2H_QUARTERSTAFF_AVALON@1	8841
T6_2H_QUARTERSTAFF_AVALON@2	8842
T6_2H_QUARTERSTAFF_AVALON@3	8843
T6_2H_QUARTERSTAFF_AVALON@4	8844
T7_2H_QUARTERSTAFF_AVALON	8845
T7_2H_QUARTERSTAFF_AVALON@1	8846
T7_2H_QUARTERSTAFF_AVALON@2	8847
T7_2H_QUARTERSTAFF_AVALON@3	8848
T7_2H_QUARTERSTAFF_AVALON@4	8849
T8_2H_QUARTERSTAFF_AVALON	8850
T8_2H_QUARTERSTAFF_AVALON@1	8851
T8_2H_QUARTERSTAFF_AVALON@2	8852
T8_2H_QUARTERSTAFF_AVALON@3	8853
T8_2H_QUARTERSTAFF_AVALON@4	8854
T4_2H_DOUBLEBLADEDSTAFF_CRYSTAL	8855
T4_2H_DOUBLEBLADEDSTAFF_CRYSTAL@1	8856
T4_2H_DOUBLEBLADEDSTAFF_CRYSTAL@2	8857
T4_2H_DOUBLEBLADEDSTAFF_CRYSTAL@3	8858
T4_2H_DOUBLEBLADEDSTAFF_CRYSTAL@4	8859
T5_2H_DOUBLEBLADEDSTAFF_CRYSTAL	8860
T5_2H_DOUBLEBLADEDSTAFF_CRYSTAL@1	8861
T5_2H_DOUBLEBLADEDSTAFF_CRYSTAL@2	8862
T5_2H_DOUBLEBLADEDSTAFF_CRYSTAL@3	8863
T5_2H_DOUBLEBLADEDSTAFF_CRYSTAL@4	8864
T6_2H_DOUBLEBLADEDSTAFF_CRYSTAL	8865
T6_2H_DOUBLEBLADEDSTAFF_CRYSTAL@1	8866
T6_2H_DOUBLEBLADEDSTAFF_CRYSTAL@2	8867
T6_2H_DOUBLEBLADEDSTAFF_CRYSTAL@3	8868
T6_2H_DOUBLEBLADEDSTAFF_CRYSTAL@4	8869
T7_2H_DOUBLEBLADEDSTAFF_CRYSTAL	8870
T7_2H_DOUBLEBLADEDSTAFF_CRYSTAL@1	8871
T7_2H_DOUBLEBLADEDSTAFF_CRYSTAL@2	8872
T7_2H_DOUBLEBLADEDSTAFF_CRYSTAL@3	8873
T7_2H_DOUBLEBLADEDSTAFF_CRYSTAL@4	8874
T8_2H_DOUBLEBLADEDSTAFF_CRYSTAL	8875
T8_2H_DOUBLEBLADEDSTAFF_CRYSTAL@1	8876
T8_2H_DOUBLEBLADEDSTAFF_CRYSTAL@2	8877
T8_2H_DOUBLEBLADEDSTAFF_CRYSTAL@3	8878
T8_2H_DOUBLEBLADEDSTAFF_CRYSTAL@4	8879
T3_MAIN_HAMMER	8880
T4_MAIN_HAMMER	8881
T4_MAIN_HAMMER@1	8882
T4_MAIN_HAMMER@2	8883
T4_MAIN_HAMMER@3	8884
T4_MAIN_HAMMER@4	8885
T5_MAIN_HAMMER	8886
T5_MAIN_HAMMER@1	8887
T5_MAIN_HAMMER@2	8888
T5_MAIN_HAMMER@3	8889
T5_MAIN_HAMMER@4	8890
T6_MAIN_HAMMER	8891
T6_MAIN_HAMMER@1	8892
T6_MAIN_HAMMER@2	8893
T6_MAIN_HAMMER@3	8894
T6_MAIN_HAMMER@4	8895
T7_MAIN_HAMMER	8896
T7_MAIN_HAMMER@1	8897
T7_MAIN_HAMMER@2	8898
T7_MAIN_HAMMER@3	8899
T7_MAIN_HAMMER@4	8900
T8_MAIN_HAMMER	8901
T8_MAIN_HAMMER@1	8902
T8_MAIN_HAMMER@2	8903
T8_MAIN_HAMMER@3	8904
T8_MAIN_HAMMER@4	8905
T4_2H_POLEHAMMER	8906
T4_2H_POLEHAMMER@1	8907
T4_2H_POLEHAMMER@2	8908
T4_2H_POLEHAMMER@3	8909
T4_2H_POLEHAMMER@4	8910
T5_2H_POLEHAMMER	8911
T5_2H_POLEHAMMER@1	8912
T5_2H_POLEHAMMER@2	8913
T5_2H_POLEHAMMER@3	8914
T5_2H_POLEHAMMER@4	8915
T6_2H_POLEHAMMER	8916
T6_2H_POLEHAMMER@1	8917
T6_2H_POLEHAMMER@2	8918
T6_2H_POLEHAMMER@3	8919
T6_2H_POLEHAMMER@4	8920
T7_2H_POLEHAMMER	8921
T7_2H_POLEHAMMER@1	8922
T7_2H_POLEHAMMER@2	8923
T7_2H_POLEHAMMER@3	8924
T7_2H_POLEHAMMER@4	8925
T8_2H_POLEHAMMER	8926
T8_2H_POLEHAMMER@1	8927
T8_2H_POLEHAMMER@2	8928
T8_2H_POLEHAMMER@3	8929
T8_2H_POLEHAMMER@4	8930
T4_2H_HAMMER	8931
T4_2H_HAMMER@1	8932
T4_2H_HAMMER@2	8933
T4_2H_HAMMER@3	8934
T4_2H_HAMMER@4	8935
T5_2H_HAMMER	8936
T5_2H_HAMMER@1	8937
T5_2H_HAMMER@2	8938
T5_2H_HAMMER@3	8939
T5_2H_HAMMER@4	8940
T6_2H_HAMMER	8941
T6_2H_HAMMER@1	8942
T6_2H_HAMMER@2	8943
T6_2H_HAMMER@3	8944
T6_2H_HAMMER@4	8945
T7_2H_HAMMER	8946
T7_2H_HAMMER@1	8947
T7_2H_HAMMER@2	8948
T7_2H_HAMMER@3	8949
T7_2H_HAMMER@4	8950
T8_2H_HAMMER	8951
T8_2H_HAMMER@1	8952
T8_2H_HAMMER@2	8953
T8_2H_HAMMER@3	8954
T8_2H_HAMMER@4	8955
T4_2H_HAMMER_UNDEAD	8956
T4_2H_HAMMER_UNDEAD@1	8957
T4_2H_HAMMER_UNDEAD@2	8958
T4_2H_HAMMER_UNDEAD@3	8959
T4_2H_HAMMER_UNDEAD@4	8960
T5_2H_HAMMER_UNDEAD	8961
T5_2H_HAMMER_UNDEAD@1	8962
T5_2H_HAMMER_UNDEAD@2	8963
T5_2H_HAMMER_UNDEAD@3	8964
T5_2H_HAMMER_UNDEAD@4	8965
T6_2H_HAMMER_UNDEAD	8966
T6_2H_HAMMER_UNDEAD@1	8967
T6_2H_HAMMER_UNDEAD@2	8968
T6_2H_HAMMER_UNDEAD@3	8969
T6_2H_HAMMER_UNDEAD@4	8970
T7_2H_HAMMER_UNDEAD	8971
T7_2H_HAMMER_UNDEAD@1	8972
T7_2H_HAMMER_UNDEAD@2	8973
T7_2H_HAMMER_UNDEAD@3	8974
T7_2H_HAMMER_UNDEAD@4	8975
T8_2H_HAMMER_UNDEAD	8976
T8_2H_HAMMER_UNDEAD@1	8977
T8_2H_HAMMER_UNDEAD@2	8978
T8_2H_HAMMER_UNDEAD@3	8979
T8_2H_HAMMER_UNDEAD@4	8980
T4_2H_DUALHAMMER_HELL	8981
T4_2H_DUALHAMMER_HELL@1	8982
T4_2H_DUALHAMMER_HELL@2	8983
T4_2H_DUALHAMMER_HELL@3	8984
T4_2H_DUALHAMMER_HELL@4	8985
T5_2H_DUALHAMMER_HELL	8986
T5_2H_DUALHAMMER_HELL@1	8987
T5_2H_DUALHAMMER_HELL@2	8988
T5_2H_DUALHAMMER_HELL@3	8989
T5_2H_DUALHAMMER_HELL@4	8990
T6_2H_DUALHAMMER_HELL	8991
T6_2H_DUALHAMMER_HELL@1	8992
T6_2H_DUALHAMMER_HELL@2	8993
T6_2H_DUALHAMMER_HELL@3	8994
T6_2H_DUALHAMMER_HELL@4	8995
T7_2H_DUALHAMMER_HELL	8996
T7_2H_DUALHAMMER_HELL@1	8997
T7_2H_DUALHAMMER_HELL@2	8998
T7_2H_DUALHAMMER_HELL@3	8999
T7_2H_DUALHAMMER_HELL@4	9000
T8_2H_DUALHAMMER_HELL	9001
T8_2H_DUALHAMMER_HELL@1	9002
T8_2H_DUALHAMMER_HELL@2	9003
T8_2H_DUALHAMMER_HELL@3	9004
T8_2H_DUALHAMMER_HELL@4	9005
T4_2H_RAM_KEEPER	9006
T4_2H_RAM_KEEPER@1	9007
T4_2H_RAM_KEEPER@2	9008
T4_2H_RAM_KEEPER@3	9009
T4_2H_RAM_KEEPER@4	9010
T5_2H_RAM_KEEPER	9011
T5_2H_RAM_KEEPER@1	9012
T5_2H_RAM_KEEPER@2	9013
T5_2H_RAM_KEEPER@3	9014
T5_2H_RAM_KEEPER@4	9015
T6_2H_RAM_KEEPER	9016
T6_2H_RAM_KEEPER@1	9017
T6_2H_RAM_KEEPER@2	9018
T6_2H_RAM_KEEPER@3	9019
T6_2H_RAM_KEEPER@4	9020
T7_2H_RAM_KEEPER	9021
T7_2H_RAM_KEEPER@1	9022
T7_2H_RAM_KEEPER@2	9023
T7_2H_RAM_KEEPER@3	9024
T7_2H_RAM_KEEPER@4	9025
T8_2H_RAM_KEEPER	9026
T8_2H_RAM_KEEPER@1	9027
T8_2H_RAM_KEEPER@2	9028
T8_2H_RAM_KEEPER@3	9029
T8_2H_RAM_KEEPER@4	9030
T4_2H_HAMMER_AVALON	9031
T4_2H_HAMMER_AVALON@1	9032
T4_2H_HAMMER_AVALON@2	9033
T4_2H_HAMMER_AVALON@3	9034
T4_2H_HAMMER_AVALON@4	9035
T5_2H_HAMMER_AVALON	9036
T5_2H_HAMMER_AVALON@1	9037
T5_2H_HAMMER_AVALON@2	9038
T5_2H_HAMMER_AVALON@3	9039
T5_2H_HAMMER_AVALON@4	9040
T6_2H_HAMMER_AVALON	9041
T6_2H_HAMMER_AVALON@1	9042
T6_2H_HAMMER_AVALON@2	9043
T6_2H_HAMMER_AVALON@3	9044
T6_2H_HAMMER_AVALON@4	9045
T7_2H_HAMMER_AVALON	9046
T7_2H_HAMMER_AVALON@1	9047
T7_2H_HAMMER_AVALON@2	9048
T7_2H_HAMMER_AVALON@3	9049
T7_2H_HAMMER_AVALON@4	9050
T8_2H_HAMMER_AVALON	9051
T8_2H_HAMMER_AVALON@1	9052
T8_2H_HAMMER_AVALON@2	9053
T8_2H_HAMMER_AVALON@3	9054
T8_2H_HAMMER_AVALON@4	9055
T4_2H_HAMMER_CRYSTAL	9056
T4_2H_HAMMER_CRYSTAL@1	9057
T4_2H_HAMMER_CRYSTAL@2	9058
T4_2H_HAMMER_CRYSTAL@3	9059
T4_2H_HAMMER_CRYSTAL@4	9060
T5_2H_HAMMER_CRYSTAL	9061
T5_2H_HAMMER_CRYSTAL@1	9062
T5_2H_HAMMER_CRYSTAL@2	9063
T5_2H_HAMMER_CRYSTAL@3	9064
T5_2H_HAMMER_CRYSTAL@4	9065
T6_2H_HAMMER_CRYSTAL	9066
T6_2H_HAMMER_CRYSTAL@1	9067
T6_2H_HAMMER_CRYSTAL@2	9068
T6_2H_HAMMER_CRYSTAL@3	9069
T6_2H_HAMMER_CRYSTAL@4	9070
T7_2H_HAMMER_CRYSTAL	9071
T7_2H_HAMMER_CRYSTAL@1	9072
T7_2H_HAMMER_CRYSTAL@2	9073
T7_2H_HAMMER_CRYSTAL@3	9074
T7_2H_HAMMER_CRYSTAL@4	9075
T8_2H_HAMMER_CRYSTAL	9076
T8_2H_HAMMER_CRYSTAL@1	9077
T8_2H_HAMMER_CRYSTAL@2	9078
T8_2H_HAMMER_CRYSTAL@3	9079
T8_2H_HAMMER_CRYSTAL@4	9080
T3_MAIN_MACE	9081
T4_MAIN_MACE	9082
T4_MAIN_MACE@1	9083
T4_MAIN_MACE@2	9084
T4_MAIN_MACE@3	9085
T4_MAIN_MACE@4	9086
T5_MAIN_MACE	9087
T5_MAIN_MACE@1	9088
T5_MAIN_MACE@2	9089
T5_MAIN_MACE@3	9090
T5_MAIN_MACE@4	9091
T6_MAIN_MACE	9092
T6_MAIN_MACE@1	9093
T6_MAIN_MACE@2	9094
T6_MAIN_MACE@3	9095
T6_MAIN_MACE@4	9096
T7_MAIN_MACE	9097
T7_MAIN_MACE@1	9098
T7_MAIN_MACE@2	9099
T7_MAIN_MACE@3	9100
T7_MAIN_MACE@4	9101
T8_MAIN_MACE	9102
T8_MAIN_MACE@1	9103
T8_MAIN_MACE@2	9104
T8_MAIN_MACE@3	9105
T8_MAIN_MACE@4	9106
T4_2H_MACE	9107
T4_2H_MACE@1	9108
T4_2H_MACE@2	9109
T4_2H_MACE@3	9110
T4_2H_MACE@4	9111
T5_2H_MACE	9112
T5_2H_MACE@1	9113
T5_2H_MACE@2	9114
T5_2H_MACE@3	9115
T5_2H_MACE@4	9116
T6_2H_MACE	9117
T6_2H_MACE@1	9118
T6_2H_MACE@2	9119
T6_2H_MACE@3	9120
T6_2H_MACE@4	9121
T7_2H_MACE	9122
T7_2H_MACE@1	9123
T7_2H_MACE@2	9124
T7_2H_MACE@3	9125
T7_2H_MACE@4	9126
T8_2H_MACE	9127
T8_2H_MACE@1	9128
T8_2H_MACE@2	9129
T8_2H_MACE@3	9130
T8_2H_MACE@4	9131
T4_2H_FLAIL	9132
T4_2H_FLAIL@1	9133
T4_2H_FLAIL@2	9134
T4_2H_FLAIL@3	9135
T4_2H_FLAIL@4	9136
T5_2H_FLAIL	9137
T5_2H_FLAIL@1	9138
T5_2H_FLAIL@2	9139
T5_2H_FLAIL@3	9140
T5_2H_FLAIL@4	9141
T6_2H_FLAIL	9142
T6_2H_FLAIL@1	9143
T6_2H_FLAIL@2	9144
T6_2H_FLAIL@3	9145
T6_2H_FLAIL@4	9146
T7_2H_FLAIL	9147
T7_2H_FLAIL@1	9148
T7_2H_FLAIL@2	9149
T7_2H_FLAIL@3	9150
T7_2H_FLAIL@4	9151
T8_2H_FLAIL	9152
T8_2H_FLAIL@1	9153
T8_2H_FLAIL@2	9154
T8_2H_FLAIL@3	9155
T8_2H_FLAIL@4	9156
T4_MAIN_ROCKMACE_KEEPER	9157
T4_MAIN_ROCKMACE_KEEPER@1	9158
T4_MAIN_ROCKMACE_KEEPER@2	9159
T4_MAIN_ROCKMACE_KEEPER@3	9160
T4_MAIN_ROCKMACE_KEEPER@4	9161
T5_MAIN_ROCKMACE_KEEPER	9162
T5_MAIN_ROCKMACE_KEEPER@1	9163
T5_MAIN_ROCKMACE_KEEPER@2	9164
T5_MAIN_ROCKMACE_KEEPER@3	9165
T5_MAIN_ROCKMACE_KEEPER@4	9166
T6_MAIN_ROCKMACE_KEEPER	9167
T6_MAIN_ROCKMACE_KEEPER@1	9168
T6_MAIN_ROCKMACE_KEEPER@2	9169
T6_MAIN_ROCKMACE_KEEPER@3	9170
T6_MAIN_ROCKMACE_KEEPER@4	9171
T7_MAIN_ROCKMACE_KEEPER	9172
T7_MAIN_ROCKMACE_KEEPER@1	9173
T7_MAIN_ROCKMACE_KEEPER@2	9174
T7_MAIN_ROCKMACE_KEEPER@3	9175
T7_MAIN_ROCKMACE_KEEPER@4	9176
T8_MAIN_ROCKMACE_KEEPER	9177
T8_MAIN_ROCKMACE_KEEPER@1	9178
T8_MAIN_ROCKMACE_KEEPER@2	9179
T8_MAIN_ROCKMACE_KEEPER@3	9180
T8_MAIN_ROCKMACE_KEEPER@4	9181
T4_MAIN_MACE_HELL	9182
T4_MAIN_MACE_HELL@1	9183
T4_MAIN_MACE_HELL@2	9184
T4_MAIN_MACE_HELL@3	9185
T4_MAIN_MACE_HELL@4	9186
T5_MAIN_MACE_HELL	9187
T5_MAIN_MACE_HELL@1	9188
T5_MAIN_MACE_HELL@2	9189
T5_MAIN_MACE_HELL@3	9190
T5_MAIN_MACE_HELL@4	9191
T6_MAIN_MACE_HELL	9192
T6_MAIN_MACE_HELL@1	9193
T6_MAIN_MACE_HELL@2	9194
T6_MAIN_MACE_HELL@3	9195
T6_MAIN_MACE_HELL@4	9196
T7_MAIN_MACE_HELL	9197
T7_MAIN_MACE_HELL@1	9198
T7_MAIN_MACE_HELL@2	9199
T7_MAIN_MACE_HELL@3	9200
T7_MAIN_MACE_HELL@4	9201
T8_MAIN_MACE_HELL	9202
T8_MAIN_MACE_HELL@1	9203
T8_MAIN_MACE_HELL@2	9204
T8_MAIN_MACE_HELL@3	9205
T8_MAIN_MACE_HELL@4	9206
T4_2H_MACE_MORGANA	9207
T4_2H_MACE_MORGANA@1	9208
T4_2H_MACE_MORGANA@2	9209
T4_2H_MACE_MORGANA@3	9210
T4_2H_MACE_MORGANA@4	9211
T5_2H_MACE_MORGANA	9212
T5_2H_MACE_MORGANA@1	9213
T5_2H_MACE_MORGANA@2	9214
T5_2H_MACE_MORGANA@3	9215
T5_2H_MACE_MORGANA@4	9216
T6_2H_MACE_MORGANA	9217
T6_2H_MACE_MORGANA@1	9218
T6_2H_MACE_MORGANA@2	9219
T6_2H_MACE_MORGANA@3	9220
T6_2H_MACE_MORGANA@4	9221
T7_2H_MACE_MORGANA	9222
T7_2H_MACE_MORGANA@1	9223
T7_2H_MACE_MORGANA@2	9224
T7_2H_MACE_MORGANA@3	9225
T7_2H_MACE_MORGANA@4	9226
T8_2H_MACE_MORGANA	9227
T8_2H_MACE_MORGANA@1	9228
T8_2H_MACE_MORGANA@2	9229
T8_2H_MACE_MORGANA@3	9230
T8_2H_MACE_MORGANA@4	9231
T4_2H_DUALMACE_AVALON	9232
T4_2H_DUALMACE_AVALON@1	9233
T4_2H_DUALMACE_AVALON@2	9234
T4_2H_DUALMACE_AVALON@3	9235
T4_2H_DUALMACE_AVALON@4	9236
T5_2H_DUALMACE_AVALON	9237
T5_2H_DUALMACE_AVALON@1	9238
T5_2H_DUALMACE_AVALON@2	9239
T5_2H_DUALMACE_AVALON@3	9240
T5_2H_DUALMACE_AVALON@4	9241
T6_2H_DUALMACE_AVALON	9242
T6_2H_DUALMACE_AVALON@1	9243
T6_2H_DUALMACE_AVALON@2	9244
T6_2H_DUALMACE_AVALON@3	9245
T6_2H_DUALMACE_AVALON@4	9246
T7_2H_DUALMACE_AVALON	9247
T7_2H_DUALMACE_AVALON@1	9248
T7_2H_DUALMACE_AVALON@2	9249
T7_2H_DUALMACE_AVALON@3	9250
T7_2H_DUALMACE_AVALON@4	9251
T8_2H_DUALMACE_AVALON	9252
T8_2H_DUALMACE_AVALON@1	9253
T8_2H_DUALMACE_AVALON@2	9254
T8_2H_DUALMACE_AVALON@3	9255
T8_2H_DUALMACE_AVALON@4	9256
T4_MAIN_MACE_CRYSTAL	9257
T4_MAIN_MACE_CRYSTAL@1	9258
T4_MAIN_MACE_CRYSTAL@2	9259
T4_MAIN_MACE_CRYSTAL@3	9260
T4_MAIN_MACE_CRYSTAL@4	9261
T5_MAIN_MACE_CRYSTAL	9262
T5_MAIN_MACE_CRYSTAL@1	9263
T5_MAIN_MACE_CRYSTAL@2	9264
T5_MAIN_MACE_CRYSTAL@3	9265
T5_MAIN_MACE_CRYSTAL@4	9266
T6_MAIN_MACE_CRYSTAL	9267
T6_MAIN_MACE_CRYSTAL@1	9268
T6_MAIN_MACE_CRYSTAL@2	9269
T6_MAIN_MACE_CRYSTAL@3	9270
T6_MAIN_MACE_CRYSTAL@4	9271
T7_MAIN_MACE_CRYSTAL	9272
T7_MAIN_MACE_CRYSTAL@1	9273
T7_MAIN_MACE_CRYSTAL@2	9274
T7_MAIN_MACE_CRYSTAL@3	9275
T7_MAIN_MACE_CRYSTAL@4	9276
T8_MAIN_MACE_CRYSTAL	9277
T8_MAIN_MACE_CRYSTAL@1	9278
T8_MAIN_MACE_CRYSTAL@2	9279
T8_MAIN_MACE_CRYSTAL@3	9280
T8_MAIN_MACE_CRYSTAL@4	9281
T3_2H_KNUCKLES_SET1	9282
T4_2H_KNUCKLES_SET1	9283
T4_2H_KNUCKLES_SET1@1	9284
T4_2H_KNUCKLES_SET1@2	9285
T4_2H_KNUCKLES_SET1@3	9286
T4_2H_KNUCKLES_SET1@4	9287
T5_2H_KNUCKLES_SET1	9288
T5_2H_KNUCKLES_SET1@1	9289
T5_2H_KNUCKLES_SET1@2	9290
T5_2H_KNUCKLES_SET1@3	9291
T5_2H_KNUCKLES_SET1@4	9292
T6_2H_KNUCKLES_SET1	9293
T6_2H_KNUCKLES_SET1@1	9294
T6_2H_KNUCKLES_SET1@2	9295
T6_2H_KNUCKLES_SET1@3	9296
T6_2H_KNUCKLES_SET1@4	9297
T7_2H_KNUCKLES_SET1	9298
T7_2H_KNUCKLES_SET1@1	9299
T7_2H_KNUCKLES_SET1@2	9300
T7_2H_KNUCKLES_SET1@3	9301
T7_2H_KNUCKLES_SET1@4	9302
T8_2H_KNUCKLES_SET1	9303
T8_2H_KNUCKLES_SET1@1	9304
T8_2H_KNUCKLES_SET1@2	9305
T8_2H_KNUCKLES_SET1@3	9306
T8_2H_KNUCKLES_SET1@4	9307
T4_2H_KNUCKLES_SET2	9308
T4_2H_KNUCKLES_SET2@1	9309
T4_2H_KNUCKLES_SET2@2	9310
T4_2H_KNUCKLES_SET2@3	9311
T4_2H_KNUCKLES_SET2@4	9312
T5_2H_KNUCKLES_SET2	9313
T5_2H_KNUCKLES_SET2@1	9314
T5_2H_KNUCKLES_SET2@2	9315
T5_2H_KNUCKLES_SET2@3	9316
T5_2H_KNUCKLES_SET2@4	9317
T6_2H_KNUCKLES_SET2	9318
T6_2H_KNUCKLES_SET2@1	9319
T6_2H_KNUCKLES_SET2@2	9320
T6_2H_KNUCKLES_SET2@3	9321
T6_2H_KNUCKLES_SET2@4	9322
T7_2H_KNUCKLES_SET2	9323
T7_2H_KNUCKLES_SET2@1	9324
T7_2H_KNUCKLES_SET2@2	9325
T7_2H_KNUCKLES_SET2@3	9326
T7_2H_KNUCKLES_SET2@4	9327
T8_2H_KNUCKLES_SET2	9328
T8_2H_KNUCKLES_SET2@1	9329
T8_2H_KNUCKLES_SET2@2	9330
T8_2H_KNUCKLES_SET2@3	9331
T8_2H_KNUCKLES_SET2@4	9332
T4_2H_KNUCKLES_SET3	9333
T4_2H_KNUCKLES_SET3@1	9334
T4_2H_KNUCKLES_SET3@2	9335
T4_2H_KNUCKLES_SET3@3	9336
T4_2H_KNUCKLES_SET3@4	9337
T5_2H_KNUCKLES_SET3	9338
T5_2H_KNUCKLES_SET3@1	9339
T5_2H_KNUCKLES_SET3@2	9340
T5_2H_KNUCKLES_SET3@3	9341
T5_2H_KNUCKLES_SET3@4	9342
T6_2H_KNUCKLES_SET3	9343
T6_2H_KNUCKLES_SET3@1	9344
T6_2H_KNUCKLES_SET3@2	9345
T6_2H_KNUCKLES_SET3@3	9346
T6_2H_KNUCKLES_SET3@4	9347
T7_2H_KNUCKLES_SET3	9348
T7_2H_KNUCKLES_SET3@1	9349
T7_2H_KNUCKLES_SET3@2	9350
T7_2H_KNUCKLES_SET3@3	9351
T7_2H_KNUCKLES_SET3@4	9352
T8_2H_KNUCKLES_SET3	9353
T8_2H_KNUCKLES_SET3@1	9354
T8_2H_KNUCKLES_SET3@2	9355
T8_2H_KNUCKLES_SET3@3	9356
T8_2H_KNUCKLES_SET3@4	9357
T4_2H_KNUCKLES_KEEPER	9358
T4_2H_KNUCKLES_KEEPER@1	9359
T4_2H_KNUCKLES_KEEPER@2	9360
T4_2H_KNUCKLES_KEEPER@3	9361
T4_2H_KNUCKLES_KEEPER@4	9362
T5_2H_KNUCKLES_KEEPER	9363
T5_2H_KNUCKLES_KEEPER@1	9364
T5_2H_KNUCKLES_KEEPER@2	9365
T5_2H_KNUCKLES_KEEPER@3	9366
T5_2H_KNUCKLES_KEEPER@4	9367
T6_2H_KNUCKLES_KEEPER	9368
T6_2H_KNUCKLES_KEEPER@1	9369
T6_2H_KNUCKLES_KEEPER@2	9370
T6_2H_KNUCKLES_KEEPER@3	9371
T6_2H_KNUCKLES_KEEPER@4	9372
T7_2H_KNUCKLES_KEEPER	9373
T7_2H_KNUCKLES_KEEPER@1	9374
T7_2H_KNUCKLES_KEEPER@2	9375
T7_2H_KNUCKLES_KEEPER@3	9376
T7_2H_KNUCKLES_KEEPER@4	9377
T8_2H_KNUCKLES_KEEPER	9378
T8_2H_KNUCKLES_KEEPER@1	9379
T8_2H_KNUCKLES_KEEPER@2	9380
T8_2H_KNUCKLES_KEEPER@3	9381
T8_2H_KNUCKLES_KEEPER@4	9382
T4_2H_KNUCKLES_HELL	9383
T4_2H_KNUCKLES_HELL@1	9384
T4_2H_KNUCKLES_HELL@2	9385
T4_2H_KNUCKLES_HELL@3	9386
T4_2H_KNUCKLES_HELL@4	9387
T5_2H_KNUCKLES_HELL	9388
T5_2H_KNUCKLES_HELL@1	9389
T5_2H_KNUCKLES_HELL@2	9390
T5_2H_KNUCKLES_HELL@3	9391
T5_2H_KNUCKLES_HELL@4	9392
T6_2H_KNUCKLES_HELL	9393
T6_2H_KNUCKLES_HELL@1	9394
T6_2H_KNUCKLES_HELL@2	9395
T6_2H_KNUCKLES_HELL@3	9396
T6_2H_KNUCKLES_HELL@4	9397
T7_2H_KNUCKLES_HELL	9398
T7_2H_KNUCKLES_HELL@1	9399
T7_2H_KNUCKLES_HELL@2	9400
T7_2H_KNUCKLES_HELL@3	9401
T7_2H_KNUCKLES_HELL@4	9402
T8_2H_KNUCKLES_HELL	9403
T8_2H_KNUCKLES_HELL@1	9404
T8_2H_KNUCKLES_HELL@2	9405
T8_2H_KNUCKLES_HELL@3	9406
T8_2H_KNUCKLES_HELL@4	9407
T4_2H_KNUCKLES_MORGANA	9408
T4_2H_KNUCKLES_MORGANA@1	9409
T4_2H_KNUCKLES_MORGANA@2	9410
T4_2H_KNUCKLES_MORGANA@3	9411
T4_2H_KNUCKLES_MORGANA@4	9412
T5_2H_KNUCKLES_MORGANA	9413
T5_2H_KNUCKLES_MORGANA@1	9414
T5_2H_KNUCKLES_MORGANA@2	9415
T5_2H_KNUCKLES_MORGANA@3	9416
T5_2H_KNUCKLES_MORGANA@4	9417
T6_2H_KNUCKLES_MORGANA	9418
T6_2H_KNUCKLES_MORGANA@1	9419
T6_2H_KNUCKLES_MORGANA@2	9420
T6_2H_KNUCKLES_MORGANA@3	9421
T6_2H_KNUCKLES_MORGANA@4	9422
T7_2H_KNUCKLES_MORGANA	9423
T7_2H_KNUCKLES_MORGANA@1	9424
T7_2H_KNUCKLES_MORGANA@2	9425
T7_2H_KNUCKLES_MORGANA@3	9426
T7_2H_KNUCKLES_MORGANA@4	9427
T8_2H_KNUCKLES_MORGANA	9428
T8_2H_KNUCKLES_MORGANA@1	9429
T8_2H_KNUCKLES_MORGANA@2	9430
T8_2H_KNUCKLES_MORGANA@3	9431
T8_2H_KNUCKLES_MORGANA@4	9432
T4_2H_KNUCKLES_AVALON	9433
T4_2H_KNUCKLES_AVALON@1	9434
T4_2H_KNUCKLES_AVALON@2	9435
T4_2H_KNUCKLES_AVALON@3	9436
T4_2H_KNUCKLES_AVALON@4	9437
T5_2H_KNUCKLES_AVALON	9438
T5_2H_KNUCKLES_AVALON@1	9439
T5_2H_KNUCKLES_AVALON@2	9440
T5_2H_KNUCKLES_AVALON@3	9441
T5_2H_KNUCKLES_AVALON@4	9442
T6_2H_KNUCKLES_AVALON	9443
T6_2H_KNUCKLES_AVALON@1	9444
T6_2H_KNUCKLES_AVALON@2	9445
T6_2H_KNUCKLES_AVALON@3	9446
T6_2H_KNUCKLES_AVALON@4	9447
T7_2H_KNUCKLES_AVALON	9448
T7_2H_KNUCKLES_AVALON@1	9449
T7_2H_KNUCKLES_AVALON@2	9450
T7_2H_KNUCKLES_AVALON@3	9451
T7_2H_KNUCKLES_AVALON@4	9452
T8_2H_KNUCKLES_AVALON	9453
T8_2H_KNUCKLES_AVALON@1	9454
T8_2H_KNUCKLES_AVALON@2	9455
T8_2H_KNUCKLES_AVALON@3	9456
T8_2H_KNUCKLES_AVALON@4	9457
T4_2H_KNUCKLES_CRYSTAL	9458
T4_2H_KNUCKLES_CRYSTAL@1	9459
T4_2H_KNUCKLES_CRYSTAL@2	9460
T4_2H_KNUCKLES_CRYSTAL@3	9461
T4_2H_KNUCKLES_CRYSTAL@4	9462
T5_2H_KNUCKLES_CRYSTAL	9463
T5_2H_KNUCKLES_CRYSTAL@1	9464
T5_2H_KNUCKLES_CRYSTAL@2	9465
T5_2H_KNUCKLES_CRYSTAL@3	9466
T5_2H_KNUCKLES_CRYSTAL@4	9467
T6_2H_KNUCKLES_CRYSTAL	9468
T6_2H_KNUCKLES_CRYSTAL@1	9469
T6_2H_KNUCKLES_CRYSTAL@2	9470
T6_2H_KNUCKLES_CRYSTAL@3	9471
T6_2H_KNUCKLES_CRYSTAL@4	9472
T7_2H_KNUCKLES_CRYSTAL	9473
T7_2H_KNUCKLES_CRYSTAL@1	9474
T7_2H_KNUCKLES_CRYSTAL@2	9475
T7_2H_KNUCKLES_CRYSTAL@3	9476
T7_2H_KNUCKLES_CRYSTAL@4	9477
T8_2H_KNUCKLES_CRYSTAL	9478
T8_2H_KNUCKLES_CRYSTAL@1	9479
T8_2H_KNUCKLES_CRYSTAL@2	9480
T8_2H_KNUCKLES_CRYSTAL@3	9481
T8_2H_KNUCKLES_CRYSTAL@4	9482
T3_2H_SHAPESHIFTER_SET1	9483
T4_2H_SHAPESHIFTER_SET1	9484
T4_2H_SHAPESHIFTER_SET1@1	9485
T4_2H_SHAPESHIFTER_SET1@2	9486
T4_2H_SHAPESHIFTER_SET1@3	9487
T4_2H_SHAPESHIFTER_SET1@4	9488
T5_2H_SHAPESHIFTER_SET1	9489
T5_2H_SHAPESHIFTER_SET1@1	9490
T5_2H_SHAPESHIFTER_SET1@2	9491
T5_2H_SHAPESHIFTER_SET1@3	9492
T5_2H_SHAPESHIFTER_SET1@4	9493
T6_2H_SHAPESHIFTER_SET1	9494
T6_2H_SHAPESHIFTER_SET1@1	9495
T6_2H_SHAPESHIFTER_SET1@2	9496
T6_2H_SHAPESHIFTER_SET1@3	9497
T6_2H_SHAPESHIFTER_SET1@4	9498
T7_2H_SHAPESHIFTER_SET1	9499
T7_2H_SHAPESHIFTER_SET1@1	9500
T7_2H_SHAPESHIFTER_SET1@2	9501
T7_2H_SHAPESHIFTER_SET1@3	9502
T7_2H_SHAPESHIFTER_SET1@4	9503
T8_2H_SHAPESHIFTER_SET1	9504
T8_2H_SHAPESHIFTER_SET1@1	9505
T8_2H_SHAPESHIFTER_SET1@2	9506
T8_2H_SHAPESHIFTER_SET1@3	9507
T8_2H_SHAPESHIFTER_SET1@4	9508
T4_2H_SHAPESHIFTER_SET2	9509
T4_2H_SHAPESHIFTER_SET2@1	9510
T4_2H_SHAPESHIFTER_SET2@2	9511
T4_2H_SHAPESHIFTER_SET2@3	9512
T4_2H_SHAPESHIFTER_SET2@4	9513
T5_2H_SHAPESHIFTER_SET2	9514
T5_2H_SHAPESHIFTER_SET2@1	9515
T5_2H_SHAPESHIFTER_SET2@2	9516
T5_2H_SHAPESHIFTER_SET2@3	9517
T5_2H_SHAPESHIFTER_SET2@4	9518
T6_2H_SHAPESHIFTER_SET2	9519
T6_2H_SHAPESHIFTER_SET2@1	9520
T6_2H_SHAPESHIFTER_SET2@2	9521
T6_2H_SHAPESHIFTER_SET2@3	9522
T6_2H_SHAPESHIFTER_SET2@4	9523
T7_2H_SHAPESHIFTER_SET2	9524
T7_2H_SHAPESHIFTER_SET2@1	9525
T7_2H_SHAPESHIFTER_SET2@2	9526
T7_2H_SHAPESHIFTER_SET2@3	9527
T7_2H_SHAPESHIFTER_SET2@4	9528
T8_2H_SHAPESHIFTER_SET2	9529
T8_2H_SHAPESHIFTER_SET2@1	9530
T8_2H_SHAPESHIFTER_SET2@2	9531
T8_2H_SHAPESHIFTER_SET2@3	9532
T8_2H_SHAPESHIFTER_SET2@4	9533
T4_2H_SHAPESHIFTER_SET3	9534
T4_2H_SHAPESHIFTER_SET3@1	9535
T4_2H_SHAPESHIFTER_SET3@2	9536
T4_2H_SHAPESHIFTER_SET3@3	9537
T4_2H_SHAPESHIFTER_SET3@4	9538
T5_2H_SHAPESHIFTER_SET3	9539
T5_2H_SHAPESHIFTER_SET3@1	9540
T5_2H_SHAPESHIFTER_SET3@2	9541
T5_2H_SHAPESHIFTER_SET3@3	9542
T5_2H_SHAPESHIFTER_SET3@4	9543
T6_2H_SHAPESHIFTER_SET3	9544
T6_2H_SHAPESHIFTER_SET3@1	9545
T6_2H_SHAPESHIFTER_SET3@2	9546
T6_2H_SHAPESHIFTER_SET3@3	9547
T6_2H_SHAPESHIFTER_SET3@4	9548
T7_2H_SHAPESHIFTER_SET3	9549
T7_2H_SHAPESHIFTER_SET3@1	9550
T7_2H_SHAPESHIFTER_SET3@2	9551
T7_2H_SHAPESHIFTER_SET3@3	9552
T7_2H_SHAPESHIFTER_SET3@4	9553
T8_2H_SHAPESHIFTER_SET3	9554
T8_2H_SHAPESHIFTER_SET3@1	9555
T8_2H_SHAPESHIFTER_SET3@2	9556
T8_2H_SHAPESHIFTER_SET3@3	9557
T8_2H_SHAPESHIFTER_SET3@4	9558
T4_2H_SHAPESHIFTER_MORGANA	9559
T4_2H_SHAPESHIFTER_MORGANA@1	9560
T4_2H_SHAPESHIFTER_MORGANA@2	9561
T4_2H_SHAPESHIFTER_MORGANA@3	9562
T4_2H_SHAPESHIFTER_MORGANA@4	9563
T5_2H_SHAPESHIFTER_MORGANA	9564
T5_2H_SHAPESHIFTER_MORGANA@1	9565
T5_2H_SHAPESHIFTER_MORGANA@2	9566
T5_2H_SHAPESHIFTER_MORGANA@3	9567
T5_2H_SHAPESHIFTER_MORGANA@4	9568
T6_2H_SHAPESHIFTER_MORGANA	9569
T6_2H_SHAPESHIFTER_MORGANA@1	9570
T6_2H_SHAPESHIFTER_MORGANA@2	9571
T6_2H_SHAPESHIFTER_MORGANA@3	9572
T6_2H_SHAPESHIFTER_MORGANA@4	9573
T7_2H_SHAPESHIFTER_MORGANA	9574
T7_2H_SHAPESHIFTER_MORGANA@1	9575
T7_2H_SHAPESHIFTER_MORGANA@2	9576
T7_2H_SHAPESHIFTER_MORGANA@3	9577
T7_2H_SHAPESHIFTER_MORGANA@4	9578
T8_2H_SHAPESHIFTER_MORGANA	9579
T8_2H_SHAPESHIFTER_MORGANA@1	9580
T8_2H_SHAPESHIFTER_MORGANA@2	9581
T8_2H_SHAPESHIFTER_MORGANA@3	9582
T8_2H_SHAPESHIFTER_MORGANA@4	9583
T4_2H_SHAPESHIFTER_HELL	9584
T4_2H_SHAPESHIFTER_HELL@1	9585
T4_2H_SHAPESHIFTER_HELL@2	9586
T4_2H_SHAPESHIFTER_HELL@3	9587
T4_2H_SHAPESHIFTER_HELL@4	9588
T5_2H_SHAPESHIFTER_HELL	9589
T5_2H_SHAPESHIFTER_HELL@1	9590
T5_2H_SHAPESHIFTER_HELL@2	9591
T5_2H_SHAPESHIFTER_HELL@3	9592
T5_2H_SHAPESHIFTER_HELL@4	9593
T6_2H_SHAPESHIFTER_HELL	9594
T6_2H_SHAPESHIFTER_HELL@1	9595
T6_2H_SHAPESHIFTER_HELL@2	9596
T6_2H_SHAPESHIFTER_HELL@3	9597
T6_2H_SHAPESHIFTER_HELL@4	9598
T7_2H_SHAPESHIFTER_HELL	9599
T7_2H_SHAPESHIFTER_HELL@1	9600
T7_2H_SHAPESHIFTER_HELL@2	9601
T7_2H_SHAPESHIFTER_HELL@3	9602
T7_2H_SHAPESHIFTER_HELL@4	9603
T8_2H_SHAPESHIFTER_HELL	9604
T8_2H_SHAPESHIFTER_HELL@1	9605
T8_2H_SHAPESHIFTER_HELL@2	9606
T8_2H_SHAPESHIFTER_HELL@3	9607
T8_2H_SHAPESHIFTER_HELL@4	9608
T4_2H_SHAPESHIFTER_KEEPER	9609
T4_2H_SHAPESHIFTER_KEEPER@1	9610
T4_2H_SHAPESHIFTER_KEEPER@2	9611
T4_2H_SHAPESHIFTER_KEEPER@3	9612
T4_2H_SHAPESHIFTER_KEEPER@4	9613
T5_2H_SHAPESHIFTER_KEEPER	9614
T5_2H_SHAPESHIFTER_KEEPER@1	9615
T5_2H_SHAPESHIFTER_KEEPER@2	9616
T5_2H_SHAPESHIFTER_KEEPER@3	9617
T5_2H_SHAPESHIFTER_KEEPER@4	9618
T6_2H_SHAPESHIFTER_KEEPER	9619
T6_2H_SHAPESHIFTER_KEEPER@1	9620
T6_2H_SHAPESHIFTER_KEEPER@2	9621
T6_2H_SHAPESHIFTER_KEEPER@3	9622
T6_2H_SHAPESHIFTER_KEEPER@4	9623
T7_2H_SHAPESHIFTER_KEEPER	9624
T7_2H_SHAPESHIFTER_KEEPER@1	9625
T7_2H_SHAPESHIFTER_KEEPER@2	9626
T7_2H_SHAPESHIFTER_KEEPER@3	9627
T7_2H_SHAPESHIFTER_KEEPER@4	9628
T8_2H_SHAPESHIFTER_KEEPER	9629
T8_2H_SHAPESHIFTER_KEEPER@1	9630
T8_2H_SHAPESHIFTER_KEEPER@2	9631
T8_2H_SHAPESHIFTER_KEEPER@3	9632
T8_2H_SHAPESHIFTER_KEEPER@4	9633
T4_2H_SHAPESHIFTER_AVALON	9634
T4_2H_SHAPESHIFTER_AVALON@1	9635
T4_2H_SHAPESHIFTER_AVALON@2	9636
T4_2H_SHAPESHIFTER_AVALON@3	9637
T4_2H_SHAPESHIFTER_AVALON@4	9638
T5_2H_SHAPESHIFTER_AVALON	9639
T5_2H_SHAPESHIFTER_AVALON@1	9640
T5_2H_SHAPESHIFTER_AVALON@2	9641
T5_2H_SHAPESHIFTER_AVALON@3	9642
T5_2H_SHAPESHIFTER_AVALON@4	9643
T6_2H_SHAPESHIFTER_AVALON	9644
T6_2H_SHAPESHIFTER_AVALON@1	9645
T6_2H_SHAPESHIFTER_AVALON@2	9646
T6_2H_SHAPESHIFTER_AVALON@3	9647
T6_2H_SHAPESHIFTER_AVALON@4	9648
T7_2H_SHAPESHIFTER_AVALON	9649
T7_2H_SHAPESHIFTER_AVALON@1	9650
T7_2H_SHAPESHIFTER_AVALON@2	9651
T7_2H_SHAPESHIFTER_AVALON@3	9652
T7_2H_SHAPESHIFTER_AVALON@4	9653
T8_2H_SHAPESHIFTER_AVALON	9654
T8_2H_SHAPESHIFTER_AVALON@1	9655
T8_2H_SHAPESHIFTER_AVALON@2	9656
T8_2H_SHAPESHIFTER_AVALON@3	9657
T8_2H_SHAPESHIFTER_AVALON@4	9658
T4_2H_SHAPESHIFTER_CRYSTAL	9659
T4_2H_SHAPESHIFTER_CRYSTAL@1	9660
T4_2H_SHAPESHIFTER_CRYSTAL@2	9661
T4_2H_SHAPESHIFTER_CRYSTAL@3	9662
T4_2H_SHAPESHIFTER_CRYSTAL@4	9663
T5_2H_SHAPESHIFTER_CRYSTAL	9664
T5_2H_SHAPESHIFTER_CRYSTAL@1	9665
T5_2H_SHAPESHIFTER_CRYSTAL@2	9666
T5_2H_SHAPESHIFTER_CRYSTAL@3	9667
T5_2H_SHAPESHIFTER_CRYSTAL@4	9668
T6_2H_SHAPESHIFTER_CRYSTAL	9669
T6_2H_SHAPESHIFTER_CRYSTAL@1	9670
T6_2H_SHAPESHIFTER_CRYSTAL@2	9671
T6_2H_SHAPESHIFTER_CRYSTAL@3	9672
T6_2H_SHAPESHIFTER_CRYSTAL@4	9673
T7_2H_SHAPESHIFTER_CRYSTAL	9674
T7_2H_SHAPESHIFTER_CRYSTAL@1	9675
T7_2H_SHAPESHIFTER_CRYSTAL@2	9676
T7_2H_SHAPESHIFTER_CRYSTAL@3	9677
T7_2H_SHAPESHIFTER_CRYSTAL@4	9678
T8_2H_SHAPESHIFTER_CRYSTAL	9679
T8_2H_SHAPESHIFTER_CRYSTAL@1	9680
T8_2H_SHAPESHIFTER_CRYSTAL@2	9681
T8_2H_SHAPESHIFTER_CRYSTAL@3	9682
T8_2H_SHAPESHIFTER_CRYSTAL@4	9683
T2_FURNITUREITEM_TROPHY_GENERAL	9684
T3_FURNITUREITEM_TROPHY_GENERAL	9685
T4_FURNITUREITEM_TROPHY_GENERAL	9686
T5_FURNITUREITEM_TROPHY_GENERAL	9687
T6_FURNITUREITEM_TROPHY_GENERAL	9688
T7_FURNITUREITEM_TROPHY_GENERAL	9689
T8_FURNITUREITEM_TROPHY_GENERAL	9690
T8_FURNITUREITEM_TROPHY_FISHING_BOSS	9691
T2_FURNITUREITEM_TROPHY_MERCENARY	9692
T3_FURNITUREITEM_TROPHY_MERCENARY	9693
T4_FURNITUREITEM_TROPHY_MERCENARY	9694
T5_FURNITUREITEM_TROPHY_MERCENARY	9695
T6_FURNITUREITEM_TROPHY_MERCENARY	9696
T7_FURNITUREITEM_TROPHY_MERCENARY	9697
T8_FURNITUREITEM_TROPHY_MERCENARY	9698
T2_FURNITUREITEM_TROPHY_HIDE	9699
T3_FURNITUREITEM_TROPHY_HIDE	9700
T4_FURNITUREITEM_TROPHY_HIDE	9701
T5_FURNITUREITEM_TROPHY_HIDE	9702
T6_FURNITUREITEM_TROPHY_HIDE	9703
T7_FURNITUREITEM_TROPHY_HIDE	9704
T8_FURNITUREITEM_TROPHY_HIDE	9705
T2_FURNITUREITEM_TROPHY_ORE	9706
T3_FURNITUREITEM_TROPHY_ORE	9707
T4_FURNITUREITEM_TROPHY_ORE	9708
T5_FURNITUREITEM_TROPHY_ORE	9709
T6_FURNITUREITEM_TROPHY_ORE	9710
T7_FURNITUREITEM_TROPHY_ORE	9711
T8_FURNITUREITEM_TROPHY_ORE	9712
T2_FURNITUREITEM_TROPHY_FIBER	9713
T3_FURNITUREITEM_TROPHY_FIBER	9714
T4_FURNITUREITEM_TROPHY_FIBER	9715
T5_FURNITUREITEM_TROPHY_FIBER	9716
T6_FURNITUREITEM_TROPHY_FIBER	9717
T7_FURNITUREITEM_TROPHY_FIBER	9718
T8_FURNITUREITEM_TROPHY_FIBER	9719
T2_FURNITUREITEM_TROPHY_ROCK	9720
T3_FURNITUREITEM_TROPHY_ROCK	9721
T4_FURNITUREITEM_TROPHY_ROCK	9722
T5_FURNITUREITEM_TROPHY_ROCK	9723
T6_FURNITUREITEM_TROPHY_ROCK	9724
T7_FURNITUREITEM_TROPHY_ROCK	9725
T8_FURNITUREITEM_TROPHY_ROCK	9726
T2_FURNITUREITEM_TROPHY_WOOD	9727
T3_FURNITUREITEM_TROPHY_WOOD	9728
T4_FURNITUREITEM_TROPHY_WOOD	9729
T5_FURNITUREITEM_TROPHY_WOOD	9730
T6_FURNITUREITEM_TROPHY_WOOD	9731
T7_FURNITUREITEM_TROPHY_WOOD	9732
T8_FURNITUREITEM_TROPHY_WOOD	9733
T2_FURNITUREITEM_TROPHY_FISH	9734
T3_FURNITUREITEM_TROPHY_FISH	9735
T4_FURNITUREITEM_TROPHY_FISH	9736
T5_FURNITUREITEM_TROPHY_FISH	9737
T6_FURNITUREITEM_TROPHY_FISH	9738
T7_FURNITUREITEM_TROPHY_FISH	9739
T8_FURNITUREITEM_TROPHY_FISH	9740
UNIQUE_GVGTOKEN_GENERIC	9746
T4_CAPEITEM_FW_BRIDGEWATCH_BP	9747
T5_CAPEITEM_FW_BRIDGEWATCH_BP	9748
T6_CAPEITEM_FW_BRIDGEWATCH_BP	9749
T7_CAPEITEM_FW_BRIDGEWATCH_BP	9750
T8_CAPEITEM_FW_BRIDGEWATCH_BP	9751
T4_CAPEITEM_FW_FORTSTERLING_BP	9752
T5_CAPEITEM_FW_FORTSTERLING_BP	9753
T6_CAPEITEM_FW_FORTSTERLING_BP	9754
T7_CAPEITEM_FW_FORTSTERLING_BP	9755
T8_CAPEITEM_FW_FORTSTERLING_BP	9756
T4_CAPEITEM_FW_LYMHURST_BP	9757
T5_CAPEITEM_FW_LYMHURST_BP	9758
T6_CAPEITEM_FW_LYMHURST_BP	9759
T7_CAPEITEM_FW_LYMHURST_BP	9760
T8_CAPEITEM_FW_LYMHURST_BP	9761
T4_CAPEITEM_FW_MARTLOCK_BP	9762
T5_CAPEITEM_FW_MARTLOCK_BP	9763
T6_CAPEITEM_FW_MARTLOCK_BP	9764
T7_CAPEITEM_FW_MARTLOCK_BP	9765
T8_CAPEITEM_FW_MARTLOCK_BP	9766
T4_CAPEITEM_FW_THETFORD_BP	9767
T5_CAPEITEM_FW_THETFORD_BP	9768
T6_CAPEITEM_FW_THETFORD_BP	9769
T7_CAPEITEM_FW_THETFORD_BP	9770
T8_CAPEITEM_FW_THETFORD_BP	9771
T4_CAPEITEM_FW_CAERLEON_BP	9772
T5_CAPEITEM_FW_CAERLEON_BP	9773
T6_CAPEITEM_FW_CAERLEON_BP	9774
T7_CAPEITEM_FW_CAERLEON_BP	9775
T8_CAPEITEM_FW_CAERLEON_BP	9776
T4_CAPEITEM_SMUGGLER_BP	9777
T5_CAPEITEM_SMUGGLER_BP	9778
T6_CAPEITEM_SMUGGLER_BP	9779
T7_CAPEITEM_SMUGGLER_BP	9780
T8_CAPEITEM_SMUGGLER_BP	9781
T4_CAPEITEM_FW_BRECILIEN_BP	9782
T5_CAPEITEM_FW_BRECILIEN_BP	9783
T6_CAPEITEM_FW_BRECILIEN_BP	9784
T7_CAPEITEM_FW_BRECILIEN_BP	9785
T8_CAPEITEM_FW_BRECILIEN_BP	9786
T4_CAPEITEM_AVALON_BP	9787
T5_CAPEITEM_AVALON_BP	9788
T6_CAPEITEM_AVALON_BP	9789
T7_CAPEITEM_AVALON_BP	9790
T8_CAPEITEM_AVALON_BP	9791
T4_CAPEITEM_HERETIC_BP	9792
T5_CAPEITEM_HERETIC_BP	9793
T6_CAPEITEM_HERETIC_BP	9794
T7_CAPEITEM_HERETIC_BP	9795
T8_CAPEITEM_HERETIC_BP	9796
T4_CAPEITEM_UNDEAD_BP	9797
T5_CAPEITEM_UNDEAD_BP	9798
T6_CAPEITEM_UNDEAD_BP	9799
T7_CAPEITEM_UNDEAD_BP	9800
T8_CAPEITEM_UNDEAD_BP	9801
T4_CAPEITEM_KEEPER_BP	9802
T5_CAPEITEM_KEEPER_BP	9803
T6_CAPEITEM_KEEPER_BP	9804
T7_CAPEITEM_KEEPER_BP	9805
T8_CAPEITEM_KEEPER_BP	9806
T4_CAPEITEM_MORGANA_BP	9807
T5_CAPEITEM_MORGANA_BP	9808
T6_CAPEITEM_MORGANA_BP	9809
T7_CAPEITEM_MORGANA_BP	9810
T8_CAPEITEM_MORGANA_BP	9811
T4_CAPEITEM_DEMON_BP	9812
T5_CAPEITEM_DEMON_BP	9813
T6_CAPEITEM_DEMON_BP	9814
T7_CAPEITEM_DEMON_BP	9815
T8_CAPEITEM_DEMON_BP	9816
T1_FACTION_FOREST_TOKEN_1	9817
T1_FACTION_HIGHLAND_TOKEN_1	9818
T1_FACTION_STEPPE_TOKEN_1	9819
T1_FACTION_MOUNTAIN_TOKEN_1	9820
T1_FACTION_SWAMP_TOKEN_1	9821
T1_FACTION_CAERLEON_TOKEN_1	9822
T4_LOOTBAG_EXPEDITION_ROYAL_SIGIL	9823
T4_LOOTBAG_ARENA_RANK_UP_IRON2	9824
T4_LOOTBAG_ARENA_RANK_UP_IRON3	9825
T4_LOOTBAG_ARENA_RANK_UP_IRON4	9826
T5_LOOTBAG_ARENA_RANK_UP_BRONZE1	9827
T5_LOOTBAG_ARENA_RANK_UP_BRONZE2	9828
T5_LOOTBAG_ARENA_RANK_UP_BRONZE3	9829
T5_LOOTBAG_ARENA_RANK_UP_BRONZE4	9830
T6_LOOTBAG_ARENA_RANK_UP_SILVER1	9831
T6_LOOTBAG_ARENA_RANK_UP_SILVER2	9832
T6_LOOTBAG_ARENA_RANK_UP_SILVER3	9833
T6_LOOTBAG_ARENA_RANK_UP_SILVER4	9834
T7_LOOTBAG_ARENA_RANK_UP_GOLD1	9835
T7_LOOTBAG_ARENA_RANK_UP_GOLD2	9836
T7_LOOTBAG_ARENA_RANK_UP_GOLD3	9837
T7_LOOTBAG_ARENA_RANK_UP_GOLD4	9838
T8_LOOTBAG_ARENA_RANK_UP_CRYSTAL	9839
T2_LOOTBAG_ARENA_WIN_BASIC_IRON1	9840
T2_LOOTBAG_ARENA_WIN_BASIC_IRON2	9841
T2_LOOTBAG_ARENA_WIN_BASIC_IRON3	9842
T2_LOOTBAG_ARENA_WIN_BASIC_IRON4	9843
T2_LOOTBAG_ARENA_WIN_BASIC_BRONZE1	9844
T2_LOOTBAG_ARENA_WIN_BASIC_BRONZE2	9845
T2_LOOTBAG_ARENA_WIN_BASIC_BRONZE3	9846
T2_LOOTBAG_ARENA_WIN_BASIC_BRONZE4	9847
T2_LOOTBAG_ARENA_WIN_BASIC_SILVER1	9848
T2_LOOTBAG_ARENA_WIN_BASIC_SILVER2	9849
T2_LOOTBAG_ARENA_WIN_BASIC_SILVER3	9850
T2_LOOTBAG_ARENA_WIN_BASIC_SILVER4	9851
T2_LOOTBAG_ARENA_WIN_BASIC_GOLD1	9852
T2_LOOTBAG_ARENA_WIN_BASIC_GOLD2	9853
T2_LOOTBAG_ARENA_WIN_BASIC_GOLD3	9854
T2_LOOTBAG_ARENA_WIN_BASIC_GOLD4	9855
T2_LOOTBAG_ARENA_WIN_BASIC_CRYSTAL	9856
T3_LOOTBAG_ARENA_WIN_PREMIUM_IRON1	9857
T3_LOOTBAG_ARENA_WIN_PREMIUM_IRON2	9858
T3_LOOTBAG_ARENA_WIN_PREMIUM_IRON3	9859
T3_LOOTBAG_ARENA_WIN_PREMIUM_IRON4	9860
T3_LOOTBAG_ARENA_WIN_PREMIUM_BRONZE1	9861
T3_LOOTBAG_ARENA_WIN_PREMIUM_BRONZE2	9862
T3_LOOTBAG_ARENA_WIN_PREMIUM_BRONZE3	9863
T3_LOOTBAG_ARENA_WIN_PREMIUM_BRONZE4	9864
T3_LOOTBAG_ARENA_WIN_PREMIUM_SILVER1	9865
T3_LOOTBAG_ARENA_WIN_PREMIUM_SILVER2	9866
T3_LOOTBAG_ARENA_WIN_PREMIUM_SILVER3	9867
T3_LOOTBAG_ARENA_WIN_PREMIUM_SILVER4	9868
T3_LOOTBAG_ARENA_WIN_PREMIUM_GOLD1	9869
T3_LOOTBAG_ARENA_WIN_PREMIUM_GOLD2	9870
T3_LOOTBAG_ARENA_WIN_PREMIUM_GOLD3	9871
T3_LOOTBAG_ARENA_WIN_PREMIUM_GOLD4	9872
T3_LOOTBAG_ARENA_WIN_PREMIUM_CRYSTAL	9873
T4_LOOTBAG_ARENA_RANK_UP_2	9874
T5_LOOTBAG_ARENA_RANK_UP_3	9875
T5_LOOTBAG_ARENA_RANK_UP_4	9876
T6_LOOTBAG_ARENA_RANK_UP_5	9877
T6_LOOTBAG_ARENA_RANK_UP_6	9878
T7_LOOTBAG_ARENA_RANK_UP_7	9879
T7_LOOTBAG_ARENA_RANK_UP_8	9880
T8_LOOTBAG_ARENA_RANK_UP_9	9881
T2_LOOTBAG_ARENA_WIN_BASIC_0	9882
T2_LOOTBAG_ARENA_WIN_BASIC_1	9883
T2_LOOTBAG_ARENA_WIN_BASIC_2	9884
T2_LOOTBAG_ARENA_WIN_BASIC_3	9885
T2_LOOTBAG_ARENA_WIN_BASIC_4	9886
T2_LOOTBAG_ARENA_WIN_BASIC_5	9887
T2_LOOTBAG_ARENA_WIN_BASIC_6	9888
T2_LOOTBAG_ARENA_WIN_BASIC_7	9889
T2_LOOTBAG_ARENA_WIN_BASIC_8	9890
T2_LOOTBAG_ARENA_WIN_BASIC_9	9891
T3_LOOTBAG_ARENA_WIN_PREMIUM_0	9892
T3_LOOTBAG_ARENA_WIN_PREMIUM_1	9893
T3_LOOTBAG_ARENA_WIN_PREMIUM_2	9894
T3_LOOTBAG_ARENA_WIN_PREMIUM_3	9895
T3_LOOTBAG_ARENA_WIN_PREMIUM_4	9896
T3_LOOTBAG_ARENA_WIN_PREMIUM_5	9897
T3_LOOTBAG_ARENA_WIN_PREMIUM_6	9898
T3_LOOTBAG_ARENA_WIN_PREMIUM_7	9899
T3_LOOTBAG_ARENA_WIN_PREMIUM_8	9900
T3_LOOTBAG_ARENA_WIN_PREMIUM_9	9901
T4_LOOTBAG_1V1_ARENA_RANK_UP_IRON2	9902
T4_LOOTBAG_1V1_ARENA_RANK_UP_IRON3	9903
T4_LOOTBAG_1V1_ARENA_RANK_UP_IRON4	9904
T5_LOOTBAG_1V1_ARENA_RANK_UP_BRONZE1	9905
T5_LOOTBAG_1V1_ARENA_RANK_UP_BRONZE2	9906
T5_LOOTBAG_1V1_ARENA_RANK_UP_BRONZE3	9907
T5_LOOTBAG_1V1_ARENA_RANK_UP_BRONZE4	9908
T6_LOOTBAG_1V1_ARENA_RANK_UP_SILVER1	9909
T6_LOOTBAG_1V1_ARENA_RANK_UP_SILVER2	9910
T6_LOOTBAG_1V1_ARENA_RANK_UP_SILVER3	9911
T6_LOOTBAG_1V1_ARENA_RANK_UP_SILVER4	9912
T7_LOOTBAG_1V1_ARENA_RANK_UP_GOLD1	9913
T7_LOOTBAG_1V1_ARENA_RANK_UP_GOLD2	9914
T7_LOOTBAG_1V1_ARENA_RANK_UP_GOLD3	9915
T7_LOOTBAG_1V1_ARENA_RANK_UP_GOLD4	9916
T8_LOOTBAG_1V1_ARENA_RANK_UP_CRYSTAL	9917
T2_LOOTBAG_1V1_ARENA_WIN_BASIC_IRON1	9918
T2_LOOTBAG_1V1_ARENA_WIN_BASIC_IRON2	9919
T2_LOOTBAG_1V1_ARENA_WIN_BASIC_IRON3	9920
T2_LOOTBAG_1V1_ARENA_WIN_BASIC_IRON4	9921
T2_LOOTBAG_1V1_ARENA_WIN_BASIC_BRONZE1	9922
T2_LOOTBAG_1V1_ARENA_WIN_BASIC_BRONZE2	9923
T2_LOOTBAG_1V1_ARENA_WIN_BASIC_BRONZE3	9924
T2_LOOTBAG_1V1_ARENA_WIN_BASIC_BRONZE4	9925
T2_LOOTBAG_1V1_ARENA_WIN_BASIC_SILVER1	9926
T2_LOOTBAG_1V1_ARENA_WIN_BASIC_SILVER2	9927
T2_LOOTBAG_1V1_ARENA_WIN_BASIC_SILVER3	9928
T2_LOOTBAG_1V1_ARENA_WIN_BASIC_SILVER4	9929
T2_LOOTBAG_1V1_ARENA_WIN_BASIC_GOLD1	9930
T2_LOOTBAG_1V1_ARENA_WIN_BASIC_GOLD2	9931
T2_LOOTBAG_1V1_ARENA_WIN_BASIC_GOLD3	9932
T2_LOOTBAG_1V1_ARENA_WIN_BASIC_GOLD4	9933
T2_LOOTBAG_1V1_ARENA_WIN_BASIC_CRYSTAL	9934
T3_LOOTBAG_1V1_ARENA_WIN_PREMIUM_IRON1	9935
T3_LOOTBAG_1V1_ARENA_WIN_PREMIUM_IRON2	9936
T3_LOOTBAG_1V1_ARENA_WIN_PREMIUM_IRON3	9937
T3_LOOTBAG_1V1_ARENA_WIN_PREMIUM_IRON4	9938
T3_LOOTBAG_1V1_ARENA_WIN_PREMIUM_BRONZE1	9939
T3_LOOTBAG_1V1_ARENA_WIN_PREMIUM_BRONZE2	9940
T3_LOOTBAG_1V1_ARENA_WIN_PREMIUM_BRONZE3	9941
T3_LOOTBAG_1V1_ARENA_WIN_PREMIUM_BRONZE4	9942
T3_LOOTBAG_1V1_ARENA_WIN_PREMIUM_SILVER1	9943
T3_LOOTBAG_1V1_ARENA_WIN_PREMIUM_SILVER2	9944
T3_LOOTBAG_1V1_ARENA_WIN_PREMIUM_SILVER3	9945
T3_LOOTBAG_1V1_ARENA_WIN_PREMIUM_SILVER4	9946
T3_LOOTBAG_1V1_ARENA_WIN_PREMIUM_GOLD1	9947
T3_LOOTBAG_1V1_ARENA_WIN_PREMIUM_GOLD2	9948
T3_LOOTBAG_1V1_ARENA_WIN_PREMIUM_GOLD3	9949
T3_LOOTBAG_1V1_ARENA_WIN_PREMIUM_GOLD4	9950
T3_LOOTBAG_1V1_ARENA_WIN_PREMIUM_CRYSTAL	9951
T4_LOOTCHEST_CRYSTAL_LEAGUE	9952
T5_LOOTCHEST_CRYSTAL_LEAGUE	9953
T6_LOOTCHEST_CRYSTAL_LEAGUE	9954
T7_LOOTCHEST_CRYSTAL_LEAGUE	9955
T8_LOOTCHEST_CRYSTAL_LEAGUE	9956
UNIQUE_SKILLBOOK_ADC_GENERAL_01	9957
UNIQUE_SILVERBAG_ADC_GENERAL_01	9958
UNIQUE_REPAIRPOWDER_ADC_GENERAL_01	9959
UNIQUE_LOOTCHEST_ADC_OCT2018_01	9961
UNIQUE_LOOTCHEST_ADC_NOV2018	9962
UNIQUE_LOOTCHEST_ADC_DEC2018	9963
UNIQUE_LOOTCHEST_ADC_JAN2019	9964
UNIQUE_LOOTCHEST_ADC_FEB2019	9965
UNIQUE_LOOTCHEST_ADC_MAR2019	9966
UNIQUE_LOOTCHEST_ADC_APR2019	9967
UNIQUE_LOOTCHEST_ADC_MAY2019	9968
UNIQUE_LOOTCHEST_ADC_JUN2019	9969
UNIQUE_LOOTCHEST_ADC_JUL2019	9970
UNIQUE_LOOTCHEST_ADC_AUG2019	9971
UNIQUE_LOOTCHEST_ADC_SEP2019	9972
UNIQUE_LOOTCHEST_ADC_OCT2019	9973
UNIQUE_AVATARRING_ADC_NOV2018	9974
UNIQUE_AVATARRING_ADC_DEC2018	9975
UNIQUE_AVATARRING_ADC_JAN2019	9976
UNIQUE_AVATARRING_ADC_FEB2019	9977
UNIQUE_AVATARRING_ADC_MAR2019	9978
UNIQUE_AVATARRING_ADC_APR2019	9979
UNIQUE_AVATARRING_ADC_MAY2019	9980
UNIQUE_AVATARRING_ADC_JUN2019	9981
UNIQUE_AVATARRING_ADC_JUL2019	9982
UNIQUE_AVATARRING_ADC_AUG2019	9983
UNIQUE_AVATARRING_ADC_SEP2019	9984
UNIQUE_AVATARRING_ADC_OCT2019	9985
UNIQUE_AVATARRING_CHARITY_MARCH2020	9986
UNIQUE_AVATARRING_ADC_TOKENLOCKED_01	9987
UNIQUE_AVATARRING_ADC_TOKENLOCKED_NATURE	9988
UNIQUE_AVATARRING_ADC_TOKENLOCKED_FIRE	9989
UNIQUE_AVATARRING_ADC_TOKENLOCKED_ARCANE	9990
UNIQUE_AVATARRING_ADC_TOKENLOCKED_SWORDS	9991
UNIQUE_AVATARRING_ADC_TOKENLOCKED_FARMING	9992
UNIQUE_AVATARRING_ADC_TOKENLOCKED_AXES	9993
UNIQUE_AVATARRING_ADC_TOKENLOCKED_FISHING	9994
UNIQUE_AVATARRING_ADC_TOKENLOCKED_NECROMANCER	9995
UNIQUE_AVATAR_ADC_TOKENLOCKED_01	9996
T6_GENERAL_FAMEBUFF	9997
T8_GVGSEASONREWARD_FAMEBUFF	9998
T7_GVGSEASONREWARD_FAMEBUFF	9999
T6_GVGSEASONREWARD_FAMEBUFF	10000
T5_GVGSEASONREWARD_FAMEBUFF	10001
T4_GVGSEASONREWARD_FAMEBUFF	10002
UNIQUE_LOOTCHEST_FACTIONCAMPAIGN_REWARD_SWAMP_01	10009
UNIQUE_LOOTCHEST_FACTIONCAMPAIGN_REWARD_SWAMP_02	10010
UNIQUE_LOOTCHEST_FACTIONCAMPAIGN_REWARD_SWAMP_03	10011
UNIQUE_LOOTCHEST_FACTIONCAMPAIGN_REWARD_SWAMP_04	10012
UNIQUE_LOOTCHEST_FACTIONCAMPAIGN_REWARD_MOUNTAIN_01	10013
UNIQUE_LOOTCHEST_FACTIONCAMPAIGN_REWARD_MOUNTAIN_02	10014
UNIQUE_LOOTCHEST_FACTIONCAMPAIGN_REWARD_MOUNTAIN_03	10015
UNIQUE_LOOTCHEST_FACTIONCAMPAIGN_REWARD_MOUNTAIN_04	10016
UNIQUE_LOOTCHEST_FACTIONCAMPAIGN_REWARD_FOREST_01	10017
UNIQUE_LOOTCHEST_FACTIONCAMPAIGN_REWARD_FOREST_02	10018
UNIQUE_LOOTCHEST_FACTIONCAMPAIGN_REWARD_FOREST_03	10019
UNIQUE_LOOTCHEST_FACTIONCAMPAIGN_REWARD_FOREST_04	10020
UNIQUE_LOOTCHEST_FACTIONCAMPAIGN_REWARD_STEPPE_01	10021
UNIQUE_LOOTCHEST_FACTIONCAMPAIGN_REWARD_STEPPE_02	10022
UNIQUE_LOOTCHEST_FACTIONCAMPAIGN_REWARD_STEPPE_03	10023
UNIQUE_LOOTCHEST_FACTIONCAMPAIGN_REWARD_STEPPE_04	10024
UNIQUE_LOOTCHEST_FACTIONCAMPAIGN_REWARD_HIGHLAND_01	10025
UNIQUE_LOOTCHEST_FACTIONCAMPAIGN_REWARD_HIGHLAND_02	10026
UNIQUE_LOOTCHEST_FACTIONCAMPAIGN_REWARD_HIGHLAND_03	10027
UNIQUE_LOOTCHEST_FACTIONCAMPAIGN_REWARD_HIGHLAND_04	10028
UNIQUE_LOOTCHEST_FACTIONCAMPAIGN_REWARD_CAERLEON_01	10029
UNIQUE_LOOTCHEST_FACTIONCAMPAIGN_REWARD_CAERLEON_02	10030
UNIQUE_LOOTCHEST_FACTIONCAMPAIGN_REWARD_CAERLEON_03	10031
UNIQUE_LOOTCHEST_FACTIONCAMPAIGN_REWARD_CAERLEON_04	10032
UNIQUE_LOOTCHEST_CONQUEROR_WEEKLY_REWARD	10033
UNIQUE_LOOTCHEST_CONQUEROR_FAVOR_PURCHASE	10034
UNIQUE_LOOTCHEST_BATTLEMOUNT_CRYSTAL	10395
UNIQUE_LOOTCHEST_BATTLEMOUNT_GOLD	10396
UNIQUE_LOOTCHEST_BATTLEMOUNT_SILVER	10397
UNIQUE_LOOTCHEST_BATTLEMOUNT_BRONZE	10398
UNIQUE_FURNITUREITEM_GVG_SEASON_09_1ST	10399
UNIQUE_FURNITUREITEM_GVG_SEASON_09_2ND	10400
UNIQUE_FURNITUREITEM_GVG_SEASON_09_3RD	10401
UNIQUE_FURNITUREITEM_GVG_SEASON_10_1ST	10402
UNIQUE_FURNITUREITEM_GVG_SEASON_10_2ND	10403
UNIQUE_FURNITUREITEM_GVG_SEASON_10_3RD	10404
UNIQUE_FURNITUREITEM_GVG_SEASON_11_1ST	10405
UNIQUE_FURNITUREITEM_GVG_SEASON_11_2ND	10406
UNIQUE_FURNITUREITEM_GVG_SEASON_11_3RD	10407
UNIQUE_FURNITUREITEM_GVG_SEASON_12_1ST	10408
UNIQUE_FURNITUREITEM_GVG_SEASON_12_2ND	10409
UNIQUE_FURNITUREITEM_GVG_SEASON_12_3RD	10410
UNIQUE_FURNITUREITEM_GVG_SEASON_13_1ST	10411
UNIQUE_FURNITUREITEM_GVG_SEASON_13_2ND	10412
UNIQUE_FURNITUREITEM_GVG_SEASON_13_3RD	10413
UNIQUE_FURNITUREITEM_GVG_SEASON_ENERGY_RUSH_1ST	10414
UNIQUE_FURNITUREITEM_GVG_SEASON_ENERGY_RUSH_2ND	10415
UNIQUE_FURNITUREITEM_GVG_SEASON_ENERGY_RUSH_3RD	10416
UNIQUE_FURNITUREITEM_GVG_SEASON_14_1ST	10417
UNIQUE_FURNITUREITEM_GVG_SEASON_14_2ND	10418
UNIQUE_FURNITUREITEM_GVG_SEASON_14_3RD	10419
UNIQUE_FURNITUREITEM_GVG_SEASON_15_1ST	10420
UNIQUE_FURNITUREITEM_GVG_SEASON_15_2ND	10421
UNIQUE_FURNITUREITEM_GVG_SEASON_15_3RD	10422
UNIQUE_FURNITUREITEM_GVG_SEASON_16_1ST	10423
UNIQUE_FURNITUREITEM_GVG_SEASON_16_2ND	10424
UNIQUE_FURNITUREITEM_GVG_SEASON_16_3RD	10425
UNIQUE_FURNITUREITEM_GVG_SEASON_17_1ST	10426
UNIQUE_FURNITUREITEM_GVG_SEASON_17_2ND	10427
UNIQUE_FURNITUREITEM_GVG_SEASON_17_3RD	10428
UNIQUE_FURNITUREITEM_GVG_SEASON_18_1ST	10429
UNIQUE_FURNITUREITEM_GVG_SEASON_18_2ND	10430
UNIQUE_FURNITUREITEM_GVG_SEASON_18_3RD	10431
UNIQUE_AVATARRING_GVGSEASONREWARD_1ST	10432
UNIQUE_AVATARRING_GVGSEASONREWARD_2ND	10433
UNIQUE_AVATARRING_GVGSEASONREWARD_3RD	10434
UNIQUE_AVATARRING_GVGSEASONREWARD_CRYSTAL	10435
UNIQUE_AVATARRING_GVGSEASONREWARD_GOLD	10436
UNIQUE_AVATARRING_GVGSEASONREWARD_SILVER	10437
UNIQUE_AVATARRING_GVGSEASONREWARD_BRONZE	10438
UNIQUE_AVATARRING_GVGSEASONREWARD_IRON	10439
UNIQUE_AVATARRING_GVGSEASONREWARD_AVALON_INVASION	10440
UNIQUE_AVATARRING_ARENA_CRYSTAL	10441
UNIQUE_AVATARRING_ARENA_GOLD1	10442
UNIQUE_AVATARRING_ARENA_SILVER1	10443
UNIQUE_AVATARRING_TELLAFRIEND	10444
UNIQUE_AVATARRING_ORIGINAL_PLAYER	10445
UNIQUE_AVATARRING_BRECILIEN	10446
UNIQUE_AVATAR_BRECILIEN	10447
UNIQUE_AVATARRING_SMUGGLER	10448
UNIQUE_AVATAR_SMUGGLER	10449
UNIQUE_AVATARRING_HELLDUNGEON	10450
UNIQUE_AVATAR_HELLDUNGEON	10451
UNIQUE_AVATAR_GVGSEASON_04	10452
UNIQUE_AVATAR_GVGSEASON_05	10453
UNIQUE_AVATAR_GVGSEASON_06	10454
UNIQUE_AVATAR_GVGSEASON_07	10455
UNIQUE_AVATAR_GVGSEASON_AVALON_INVASION	10456
UNIQUE_AVATAR_GVGSEASON_08	10457
UNIQUE_AVATAR_GVGSEASON_09	10458
UNIQUE_AVATAR_GVGSEASON_10	10459
UNIQUE_AVATAR_GVGSEASON_11	10460
UNIQUE_AVATAR_GVGSEASON_12	10461
UNIQUE_AVATAR_GVGSEASON_13	10462
UNIQUE_AVATAR_GVGSEASON_ENERGY_RUSH_CRYSTAL	10463
UNIQUE_AVATAR_GVGSEASON_ENERGY_RUSH_GOLD	10464
UNIQUE_AVATAR_GVGSEASON_ENERGY_RUSH_SILVER	10465
UNIQUE_AVATAR_GVGSEASON_ENERGY_RUSH_BRONZE	10466
UNIQUE_AVATAR_GVGSEASON_14_CRYSTAL	10467
UNIQUE_AVATAR_GVGSEASON_14_GOLD	10468
UNIQUE_AVATAR_GVGSEASON_14_SILVER	10469
UNIQUE_AVATAR_GVGSEASON_14_BRONZE	10470
UNIQUE_AVATAR_GVGSEASON_15_CRYSTAL	10471
UNIQUE_AVATAR_GVGSEASON_15_GOLD	10472
UNIQUE_AVATAR_GVGSEASON_15_SILVER	10473
UNIQUE_AVATAR_GVGSEASON_15_BRONZE	10474
UNIQUE_AVATAR_GVGSEASON_16_CRYSTAL	10475
UNIQUE_AVATAR_GVGSEASON_16_GOLD	10476
UNIQUE_AVATAR_GVGSEASON_16_SILVER	10477
UNIQUE_AVATAR_GVGSEASON_16_BRONZE	10478
UNIQUE_AVATAR_GVGSEASON_17_CRYSTAL	10479
UNIQUE_AVATAR_GVGSEASON_17_GOLD	10480
UNIQUE_AVATAR_GVGSEASON_17_SILVER	10481
UNIQUE_AVATAR_GVGSEASON_17_BRONZE	10482
UNIQUE_AVATAR_GVGSEASON_18_CRYSTAL	10483
UNIQUE_AVATAR_GVGSEASON_18_GOLD	10484
UNIQUE_AVATAR_GVGSEASON_18_SILVER	10485
UNIQUE_AVATAR_GVGSEASON_18_BRONZE	10486
UNIQUE_AVATAR_GVGSEASON_19_CRYSTAL	10487
UNIQUE_AVATAR_GVGSEASON_19_GOLD	10488
UNIQUE_AVATAR_GVGSEASON_19_SILVER	10489
UNIQUE_AVATAR_GVGSEASON_19_BRONZE	10490
UNIQUE_AVATAR_GVGSEASON_20_CRYSTAL	10491
UNIQUE_AVATAR_GVGSEASON_20_GOLD	10492
UNIQUE_AVATAR_GVGSEASON_20_SILVER	10493
UNIQUE_AVATAR_GVGSEASON_20_BRONZE	10494
UNIQUE_AVATAR_GVGSEASON_21_CRYSTAL	10495
UNIQUE_AVATAR_GVGSEASON_21_GOLD	10496
UNIQUE_AVATAR_GVGSEASON_21_SILVER	10497
UNIQUE_AVATAR_GVGSEASON_21_BRONZE	10498
UNIQUE_AVATAR_GVGSEASON_22_CRYSTAL	10499
UNIQUE_AVATAR_GVGSEASON_22_GOLD	10500
UNIQUE_AVATAR_GVGSEASON_22_SILVER	10501
UNIQUE_AVATAR_GVGSEASON_22_BRONZE	10502
UNIQUE_AVATAR_GVGSEASON_23_CRYSTAL	10503
UNIQUE_AVATAR_GVGSEASON_23_GOLD	10504
UNIQUE_AVATAR_GVGSEASON_23_SILVER	10505
UNIQUE_AVATAR_GVGSEASON_23_BRONZE	10506
UNIQUE_AVATAR_GVGSEASON_24_CRYSTAL	10507
UNIQUE_AVATAR_GVGSEASON_24_GOLD	10508
UNIQUE_AVATAR_GVGSEASON_24_SILVER	10509
UNIQUE_AVATAR_GVGSEASON_24_BRONZE	10510
UNIQUE_AVATAR_GVGSEASON_25_CRYSTAL	10511
UNIQUE_AVATAR_GVGSEASON_25_GOLD	10512
UNIQUE_AVATAR_GVGSEASON_25_SILVER	10513
UNIQUE_AVATAR_GVGSEASON_25_BRONZE	10514
UNIQUE_AVATAR_GVGSEASON_26_CRYSTAL	10515
UNIQUE_AVATAR_GVGSEASON_26_GOLD	10516
UNIQUE_AVATAR_GVGSEASON_26_SILVER	10517
UNIQUE_AVATAR_GVGSEASON_26_BRONZE	10518
UNIQUE_AVATAR_GVGSEASON_27_CRYSTAL	10519
UNIQUE_AVATAR_GVGSEASON_27_GOLD	10520
UNIQUE_AVATAR_GVGSEASON_27_SILVER	10521
UNIQUE_AVATAR_GVGSEASON_27_BRONZE	10522
UNIQUE_AVATAR_GVGSEASON_28_CRYSTAL	10523
UNIQUE_AVATAR_GVGSEASON_28_GOLD	10524
UNIQUE_AVATAR_GVGSEASON_28_SILVER	10525
UNIQUE_AVATAR_GVGSEASON_28_BRONZE	10526
UNIQUE_AVATAR_GVGSEASON_29_CRYSTAL	10527
UNIQUE_AVATAR_GVGSEASON_29_GOLD	10528
UNIQUE_AVATAR_GVGSEASON_29_SILVER	10529
UNIQUE_AVATAR_GVGSEASON_29_BRONZE	10530
UNIQUE_AVATAR_GVGSEASON_30_CRYSTAL	10531
UNIQUE_AVATAR_GVGSEASON_30_SILVER	10532
UNIQUE_AVATAR_GVGSEASON_31_CRYSTAL	10533
UNIQUE_AVATAR_GVGSEASON_31_SILVER	10534
UNIQUE_AVATAR_GVGSEASON_32_CRYSTAL	10535
UNIQUE_AVATAR_GVGSEASON_32_SILVER	10536
UNIQUE_AVATAR_GVGSEASON_33_CRYSTAL	10537
UNIQUE_AVATAR_GVGSEASON_33_SILVER	10538
UNIQUE_AVATAR_GVGSEASON_34_CRYSTAL	10539
UNIQUE_AVATAR_GVGSEASON_34_SILVER	10540
UNIQUE_AVATAR_GVGSEASON_14_CRYSTAL_SINGLE	10541
UNIQUE_AVATAR_GVGSEASON_14_GOLD_SINGLE	10542
UNIQUE_AVATAR_GVGSEASON_14_SILVER_SINGLE	10543
UNIQUE_AVATAR_GVGSEASON_14_BRONZE_SINGLE	10544
UNIQUE_AVATAR_GVGSEASON_15_CRYSTAL_SINGLE	10545
UNIQUE_AVATAR_GVGSEASON_15_GOLD_SINGLE	10546
UNIQUE_AVATAR_GVGSEASON_15_SILVER_SINGLE	10547
UNIQUE_AVATAR_GVGSEASON_15_BRONZE_SINGLE	10548
UNIQUE_AVATAR_GVGSEASON_16_CRYSTAL_SINGLE	10549
UNIQUE_AVATAR_GVGSEASON_16_GOLD_SINGLE	10550
UNIQUE_AVATAR_GVGSEASON_16_SILVER_SINGLE	10551
UNIQUE_AVATAR_GVGSEASON_16_BRONZE_SINGLE	10552
UNIQUE_AVATAR_GVGSEASON_17_CRYSTAL_SINGLE	10553
UNIQUE_AVATAR_GVGSEASON_17_GOLD_SINGLE	10554
UNIQUE_AVATAR_GVGSEASON_17_SILVER_SINGLE	10555
UNIQUE_AVATAR_GVGSEASON_17_BRONZE_SINGLE	10556
UNIQUE_AVATAR_GVGSEASON_18_CRYSTAL_SINGLE	10557
UNIQUE_AVATAR_GVGSEASON_18_GOLD_SINGLE	10558
UNIQUE_AVATAR_GVGSEASON_18_SILVER_SINGLE	10559
UNIQUE_AVATAR_GVGSEASON_18_BRONZE_SINGLE	10560
UNIQUE_AVATAR_GVGSEASON_19_CRYSTAL_SINGLE	10561
UNIQUE_AVATAR_GVGSEASON_19_GOLD_SINGLE	10562
UNIQUE_AVATAR_GVGSEASON_19_SILVER_SINGLE	10563
UNIQUE_AVATAR_GVGSEASON_19_BRONZE_SINGLE	10564
UNIQUE_AVATAR_GVGSEASON_20_CRYSTAL_SINGLE	10565
UNIQUE_AVATAR_GVGSEASON_20_GOLD_SINGLE	10566
UNIQUE_AVATAR_GVGSEASON_20_SILVER_SINGLE	10567
UNIQUE_AVATAR_GVGSEASON_20_BRONZE_SINGLE	10568
UNIQUE_AVATAR_GVGSEASON_21_CRYSTAL_SINGLE	10569
UNIQUE_AVATAR_GVGSEASON_21_GOLD_SINGLE	10570
UNIQUE_AVATAR_GVGSEASON_21_SILVER_SINGLE	10571
UNIQUE_AVATAR_GVGSEASON_21_BRONZE_SINGLE	10572
UNIQUE_AVATAR_GVGSEASON_22_CRYSTAL_SINGLE	10573
UNIQUE_AVATAR_GVGSEASON_22_GOLD_SINGLE	10574
UNIQUE_AVATAR_GVGSEASON_22_SILVER_SINGLE	10575
UNIQUE_AVATAR_GVGSEASON_22_BRONZE_SINGLE	10576
UNIQUE_AVATAR_GVGSEASON_23_CRYSTAL_SINGLE	10577
UNIQUE_AVATAR_GVGSEASON_23_GOLD_SINGLE	10578
UNIQUE_AVATAR_GVGSEASON_23_SILVER_SINGLE	10579
UNIQUE_AVATAR_GVGSEASON_23_BRONZE_SINGLE	10580
UNIQUE_AVATAR_GVGSEASON_24_CRYSTAL_SINGLE	10581
UNIQUE_AVATAR_GVGSEASON_24_GOLD_SINGLE	10582
UNIQUE_AVATAR_GVGSEASON_24_SILVER_SINGLE	10583
UNIQUE_AVATAR_GVGSEASON_24_BRONZE_SINGLE	10584
UNIQUE_AVATAR_GVGSEASON_25_CRYSTAL_SINGLE	10585
UNIQUE_AVATAR_GVGSEASON_25_GOLD_SINGLE	10586
UNIQUE_AVATAR_GVGSEASON_25_SILVER_SINGLE	10587
UNIQUE_AVATAR_GVGSEASON_25_BRONZE_SINGLE	10588
UNIQUE_AVATAR_GVGSEASON_26_CRYSTAL_SINGLE	10589
UNIQUE_AVATAR_GVGSEASON_26_GOLD_SINGLE	10590
UNIQUE_AVATAR_GVGSEASON_26_SILVER_SINGLE	10591
UNIQUE_AVATAR_GVGSEASON_26_BRONZE_SINGLE	10592
UNIQUE_AVATAR_GVGSEASON_27_CRYSTAL_SINGLE	10593
UNIQUE_AVATAR_GVGSEASON_27_GOLD_SINGLE	10594
UNIQUE_AVATAR_GVGSEASON_27_SILVER_SINGLE	10595
UNIQUE_AVATAR_GVGSEASON_27_BRONZE_SINGLE	10596
UNIQUE_AVATAR_GVGSEASON_28_CRYSTAL_SINGLE	10597
UNIQUE_AVATAR_GVGSEASON_28_GOLD_SINGLE	10598
UNIQUE_AVATAR_GVGSEASON_28_SILVER_SINGLE	10599
UNIQUE_AVATAR_GVGSEASON_28_BRONZE_SINGLE	10600
UNIQUE_AVATAR_GVGSEASON_29_CRYSTAL_SINGLE	10601
UNIQUE_AVATAR_GVGSEASON_29_GOLD_SINGLE	10602
UNIQUE_AVATAR_GVGSEASON_29_SILVER_SINGLE	10603
UNIQUE_AVATAR_GVGSEASON_29_BRONZE_SINGLE	10604
UNIQUE_AVATARRING_CRUCIBLE_TOP10	10611
T5_CORRUPTED_NONLETHAL_MAP	10612
T6_CORRUPTED_LETHAL_MAP	10613
T6_HELLGATE_2V2_LETHAL_1_MAP	10614
T7_HELLGATE_5V5_LETHAL_1_MAP	10615
T8_HELLGATE_10V10_LETHAL_1_MAP	10616
T5_HELLGATE_2V2_NON_LETHAL_1_MAP	10617
T5_HELLGATE_5V5_NON_LETHAL_1_MAP	10618
T5_HELLGATE_10V10_NON_LETHAL_1_MAP	10619
T6_RANDOM_DUNGEON_ELITE_TOKEN_1	10620
T7_RANDOM_DUNGEON_ELITE_TOKEN_1	10621
T8_RANDOM_DUNGEON_ELITE_TOKEN_1	10622
T6_RANDOM_DUNGEON_ELITE_TOKEN_2@1	10626
T7_RANDOM_DUNGEON_ELITE_TOKEN_2@1	10627
T8_RANDOM_DUNGEON_ELITE_TOKEN_2@1	10628
T6_RANDOM_DUNGEON_ELITE_TOKEN_3@2	10632
T7_RANDOM_DUNGEON_ELITE_TOKEN_3@2	10633
T8_RANDOM_DUNGEON_ELITE_TOKEN_3@2	10634
T6_RANDOM_DUNGEON_ELITE_TOKEN_4@3	10638
T7_RANDOM_DUNGEON_ELITE_TOKEN_4@3	10639
T8_RANDOM_DUNGEON_ELITE_TOKEN_4@3	10640
T3_RANDOM_DUNGEON_SOLO_TOKEN_1	10645
T4_RANDOM_DUNGEON_SOLO_TOKEN_1	10646
T5_RANDOM_DUNGEON_SOLO_TOKEN_1	10647
T6_RANDOM_DUNGEON_SOLO_TOKEN_1	10648
T7_RANDOM_DUNGEON_SOLO_TOKEN_1	10649
T8_RANDOM_DUNGEON_SOLO_TOKEN_1	10650
T4_RANDOM_DUNGEON_SOLO_TOKEN_2@1	10658
T5_RANDOM_DUNGEON_SOLO_TOKEN_2@1	10659
T6_RANDOM_DUNGEON_SOLO_TOKEN_2@1	10660
T7_RANDOM_DUNGEON_SOLO_TOKEN_2@1	10661
T8_RANDOM_DUNGEON_SOLO_TOKEN_2@1	10662
T4_RANDOM_DUNGEON_SOLO_TOKEN_3@2	10668
T5_RANDOM_DUNGEON_SOLO_TOKEN_3@2	10669
T6_RANDOM_DUNGEON_SOLO_TOKEN_3@2	10670
T7_RANDOM_DUNGEON_SOLO_TOKEN_3@2	10671
T8_RANDOM_DUNGEON_SOLO_TOKEN_3@2	10672
T4_RANDOM_DUNGEON_SOLO_TOKEN_4@3	10678
T5_RANDOM_DUNGEON_SOLO_TOKEN_4@3	10679
T6_RANDOM_DUNGEON_SOLO_TOKEN_4@3	10680
T7_RANDOM_DUNGEON_SOLO_TOKEN_4@3	10681
T8_RANDOM_DUNGEON_SOLO_TOKEN_4@3	10682
T4_RANDOM_DUNGEON_TOKEN_1	10688
T5_RANDOM_DUNGEON_TOKEN_1	10689
T6_RANDOM_DUNGEON_TOKEN_1	10690
T7_RANDOM_DUNGEON_TOKEN_1	10691
T8_RANDOM_DUNGEON_TOKEN_1	10692
T4_RANDOM_DUNGEON_TOKEN_2@1	10698
T5_RANDOM_DUNGEON_TOKEN_2@1	10699
T6_RANDOM_DUNGEON_TOKEN_2@1	10700
T7_RANDOM_DUNGEON_TOKEN_2@1	10701
T8_RANDOM_DUNGEON_TOKEN_2@1	10702
T4_RANDOM_DUNGEON_TOKEN_3@2	10708
T5_RANDOM_DUNGEON_TOKEN_3@2	10709
T6_RANDOM_DUNGEON_TOKEN_3@2	10710
T7_RANDOM_DUNGEON_TOKEN_3@2	10711
T8_RANDOM_DUNGEON_TOKEN_3@2	10712
T4_RANDOM_DUNGEON_TOKEN_4@3	10718
T5_RANDOM_DUNGEON_TOKEN_4@3	10719
T6_RANDOM_DUNGEON_TOKEN_4@3	10720
T7_RANDOM_DUNGEON_TOKEN_4@3	10721
T8_RANDOM_DUNGEON_TOKEN_4@3	10722
SKIN_HORSE_FOUNDER_LEGENDARY	10729
UNIQUE_UNLOCK_SKIN_HORSE_FOUNDER_LEGENDARY	10730
SKIN_HORSE_STARTERPACK	10731
UNIQUE_UNLOCK_SKIN_HORSE_STARTERPACK	10732
SKIN_HORSE_TELLAFRIEND	10733
UNIQUE_UNLOCK_SKIN_HORSE_TELLAFRIEND	10734
SKIN_HORSE_PONY_TELLAFRIEND	10735
UNIQUE_UNLOCK_SKIN_HORSE_PONY_TELLAFRIEND	10736
SKIN_HORSE_UNDEAD	10737
UNIQUE_UNLOCK_SKIN_HORSE_UNDEAD	10738
SKIN_HORSE_UNDEAD_HALLOWEEN	10739
UNIQUE_UNLOCK_SKIN_HORSE_UNDEAD_HALLOWEEN	10740
SKIN_HORSE_BROWN	10741
SKIN_HORSE_KEEPER	10742
SKIN_HORSE_UNICORN	10743
SKIN_HORSE_GUILDBANNER	10744
UNIQUE_UNLOCK_SKIN_HORSE_GUILDBANNER	10745
SKIN_HORSE_UNICORN_WHITE_TELLAFRIEND	10748
UNIQUE_UNLOCK_SKIN_HORSE_UNICORN_WHITE_TELLAFRIEND	10749
SKIN_HORSE_JESTER_TELLAFRIEND	10752
UNIQUE_UNLOCK_SKIN_HORSE_JESTER_TELLAFRIEND	10753
SKIN_HORSE_VAMPIRE_TELLAFRIEND	10756
UNIQUE_UNLOCK_SKIN_HORSE_VAMPIRE_TELLAFRIEND	10757
SKIN_HORSE_QUESTING_BEAST	10760
UNIQUE_UNLOCK_SKIN_HORSE_QUESTING_BEAST	10761
SKIN_ARMORED_HORSE_ARENA	10762
UNIQUE_UNLOCK_SKIN_ARMORED_HORSE_ARENA_COPY	10763
UNIQUE_UNLOCK_SKIN_ARMORED_HORSE_ARENA	10764
SKIN_ARMORED_HORSE_MORGANA	10765
UNIQUE_UNLOCK_SKIN_ARMORED_HORSE_MORGANA	10766
SKIN_ARMORED_HORSE_UNDEAD	10767
UNIQUE_UNLOCK_SKIN_ARMORED_HORSE_UNDEAD	10768
SKIN_ARMORED_HORSE_T5_MOUNT_GUILD	10771
SKIN_ARMORED_HORSE_T6_MOUNT_GUILD	10772
SKIN_ARMORED_HORSE_T7_MOUNT_GUILD	10773
SKIN_ARMORED_HORSE_T8_MOUNT_GUILD	10774
SKIN_ARMORED_HORSE_PONY_NATIVE_CLIENT	10775
SKIN_ARMORED_HORSE_HERETIC_PONY_TELLAFRIEND	10778
UNIQUE_UNLOCK_SKIN_ARMORED_HORSE_HERETIC_PONY_TELLAFRIEND	10779
SKIN_OX_FOUNDER_LEGENDARY	10782
UNIQUE_UNLOCK_SKIN_OX_FOUNDER_LEGENDARY	10783
SKIN_OX_CART_STARTERPACK	10784
UNIQUE_UNLOCK_SKIN_OX_CART_STARTERPACK	10785
SKIN_OX_YAK_TELLAFRIEND	10786
UNIQUE_UNLOCK_SKIN_OX_YAK_TELLAFRIEND	10787
SKIN_OX_TRANSPORT_RAM_TELLAFRIEND	10788
UNIQUE_UNLOCK_SKIN_OX_TRANSPORT_RAM_TELLAFRIEND	10789
SKIN_OX_BLACKMARKET	10790
SKIN_OX_BISON_AH	10791
SKIN_OX_BISON_ROYAL	10792
SKIN_OX_CART_HERETIC	10793
UNIQUE_UNLOCK_SKIN_OX_CART_HERETIC	10794
SKIN_OX_CART_LUXUS_TELLAFRIEND	10795
UNIQUE_UNLOCK_SKIN_OX_CART_LUXUS_TELLAFRIEND	10796
SKIN_OX_FARMER_TELLAFRIEND	10799
UNIQUE_UNLOCK_SKIN_OX_FARMER_TELLAFRIEND	10800
SKIN_OX_XMAS_YAK_TELLAFRIEND	10803
UNIQUE_UNLOCK_SKIN_OX_XMAS_YAK_TELLAFRIEND	10804
SKIN_OX_BETSY_TELLAFRIEND	10806
UNIQUE_UNLOCK_SKIN_OX_BETSY_TELLAFRIEND	10807
SKIN_DIREWOLF_WHITE	10810
UNIQUE_UNLOCK_SKIN_DIREWOLF_WHITE	10811
SKIN_DIREWOLF_SPECTER	10812
UNIQUE_UNLOCK_SKIN_DIREWOLF_SPECTER	10813
SKIN_DIREWOLF_GREY_TELLAFRIEND	10814
UNIQUE_UNLOCK_SKIN_DIREWOLF_GREY_TELLAFRIEND	10815
SKIN_DIREWOLF_BLOODHOUND_TELLAFRIEND	10816
UNIQUE_UNLOCK_SKIN_DIREWOLF_BLOODHOUND_TELLAFRIEND	10817
SKIN_DIREWOLF_BERNARD_TELLAFRIEND	10818
UNIQUE_UNLOCK_SKIN_DIREWOLF_BERNARD_TELLAFRIEND	10819
SKIN_DIREWOLF_HUSKYSLEIGH_TELLAFRIEND	10820
UNIQUE_UNLOCK_SKIN_DIREWOLF_HUSKYSLEIGH_TELLAFRIEND	10821
SKIN_DIREWOLF_DIREFOX_TELLAFRIEND	10822
UNIQUE_UNLOCK_SKIN_DIREWOLF_DIREFOX_TELLAFRIEND	10823
SKIN_DIREWOLF_BOBTAIL	10824
UNIQUE_UNLOCK_SKIN_DIREWOLF_BOBTAIL	10825
SKIN_DIREWOLF_HYENA_TELLAFRIEND	10827
UNIQUE_UNLOCK_SKIN_DIREWOLF_HYENA_TELLAFRIEND	10828
SKIN_DIREWOLF_SHEPHERD_TELLAFRIEND	10830
UNIQUE_UNLOCK_SKIN_DIREWOLF_SHEPHERD_TELLAFRIEND	10831
SKIN_DIREWOLF_SNOWFOX_TELLAFRIEND	10833
UNIQUE_UNLOCK_SKIN_DIREWOLF_SNOWFOX_TELLAFRIEND	10834
SKIN_DIREWOLF_GVGSEASON_1ST_03	10839
UNIQUE_UNLOCK_SKIN_DIREWOLF_GVGSEASON_1ST_03	10840
SKIN_DIREWOLF_GVGSEASON_1ST_02	10841
UNIQUE_UNLOCK_SKIN_DIREWOLF_GVGSEASON_1ST_02	10842
SKIN_DIREWOLF_GVGSEASON_1ST_01	10843
UNIQUE_UNLOCK_SKIN_DIREWOLF_GVGSEASON_1ST_01	10844
SKIN_DIREWOLF_GVGSEASON_2ND_01	10845
UNIQUE_UNLOCK_SKIN_DIREWOLF_GVGSEASON_2ND_01	10846
SKIN_DIREWOLF_GVGSEASON_3RD_01	10847
UNIQUE_UNLOCK_SKIN_DIREWOLF_GVGSEASON_3RD_01	10848
SKIN_GIANTSTAG_WHITE	10849
UNIQUE_UNLOCK_SKIN_GIANTSTAG_WHITE	10850
SKIN_GIANTSTAG_TELLAFRIEND	10851
UNIQUE_UNLOCK_SKIN_GIANTSTAG_TELLAFRIEND	10852
SKIN_GIANTSTAG_XMAS	10853
UNIQUE_UNLOCK_SKIN_GIANTSTAG_XMAS	10854
SKIN_GIANTSTAG_IMPALA_TELLAFRIEND	10855
UNIQUE_UNLOCK_SKIN_GIANTSTAG_IMPALA_TELLAFRIEND	10856
SKIN_GIANTSTAG_DIVINE	10857
UNIQUE_UNLOCK_SKIN_GIANTSTAG_DIVINE	10858
SKIN_GIANTSTAG_ALPACA	10859
UNIQUE_UNLOCK_SKIN_GIANTSTAG_ALPACA	10860
SKIN_GIANTSTAG_REINDEER_TELLAFRIEND	10862
UNIQUE_UNLOCK_SKIN_GIANTSTAG_REINDEER_TELLAFRIEND	10863
SKIN_GIANTSTAG_FAWN_TELLAFRIEND	10866
UNIQUE_UNLOCK_SKIN_GIANTSTAG_FAWN_TELLAFRIEND	10867
SKIN_GIANTSTAG_ICE_MOOSE_TELLAFRIEND	10870
UNIQUE_UNLOCK_SKIN_GIANTSTAG_ICE_MOOSE_TELLAFRIEND	10871
SKIN_GIANTSTAG_MIST_DEER_TELLAFRIEND	10874
UNIQUE_UNLOCK_SKIN_GIANTSTAG_MIST_DEER_TELLAFRIEND	10875
SKIN_COUGAR_TIGER_WHITE_TELLAFRIEND	10878
UNIQUE_UNLOCK_SKIN_COUGAR_TIGER_WHITE_TELLAFRIEND	10879
SKIN_COUGAR_TIGER_TELLAFRIEND	10881
UNIQUE_UNLOCK_SKIN_COUGAR_TIGER_TELLAFRIEND	10882
SKIN_COUGAR_LYNX_TELLAFRIEND	10883
UNIQUE_UNLOCK_SKIN_COUGAR_LYNX_TELLAFRIEND	10884
SKIN_COUGAR_ARENA	10887
UNIQUE_UNLOCK_SKIN_COUGAR_ARENA_COPY	10888
UNIQUE_UNLOCK_SKIN_COUGAR_ARENA	10889
SKIN_COUGAR_TOURNAMENT	10890
UNIQUE_UNLOCK_SKIN_COUGAR_TOURNAMENT	10891
SKIN_COUGAR_TOURNAMENT_02	10892
UNIQUE_UNLOCK_SKIN_COUGAR_TOURNAMENT_02	10893
SKIN_COUGAR_OCCULT	10894
UNIQUE_UNLOCK_SKIN_COUGAR_OCCULT	10895
SKIN_COUGAR_ARMORED_GREY	10897
UNIQUE_UNLOCK_SKIN_COUGAR_ARMORED_GREY	10898
SKIN_COUGAR_MUMMY_TELLAFRIEND	10901
UNIQUE_UNLOCK_SKIN_COUGAR_MUMMY_TELLAFRIEND	10902
SKIN_COUGAR_SNOWLEOPARD_TELLAFRIEND	10904
UNIQUE_UNLOCK_SKIN_COUGAR_SNOWLEOPARD_TELLAFRIEND	10905
SKIN_COUGAR_JAGUAR_TELLAFRIEND	10908
UNIQUE_UNLOCK_SKIN_COUGAR_JAGUAR_TELLAFRIEND	10909
SKIN_DIREBOAR_HOUSEPIG	10912
UNIQUE_UNLOCK_SKIN_DIREBOAR_HOUSEPIG	10913
SKIN_DIREBOAR_PIG_TELLAFRIEND	10914
UNIQUE_UNLOCK_SKIN_DIREBOAR_PIG_TELLAFRIEND	10915
SKIN_DIREBOAR_WHITE_TELLAFRIEND	10916
UNIQUE_UNLOCK_SKIN_DIREBOAR_WHITE_TELLAFRIEND	10917
SKIN_DIREBEAR_PANDA_TELLAFRIEND	10919
UNIQUE_UNLOCK_SKIN_DIREBEAR_PANDA_TELLAFRIEND	10920
SKIN_LIZARD_SAND_SALAMANDER_TELLAFRIEND	10922
UNIQUE_UNLOCK_SKIN_LIZARD_SAND_SALAMANDER_TELLAFRIEND	10923
SKIN_DONKEY_HALLOWEEN	10926
UNIQUE_UNLOCK_SKIN_DONKEY_HALLOWEEN	10927
SKIN_DONKEY_UNIQUE_TELLAFRIEND	10928
UNIQUE_UNLOCK_SKIN_DONKEY_UNIQUE_TELLAFRIEND	10929
UNIQUE_HEAD_VANITY_NO_HELMET	10931
UNIQUE_HEAD_VANITY_NO_CAPE	10932
UNIQUE_HEAD_VANITY_NO_MAIN_HAND	10933
UNIQUE_HEAD_VANITY_NO_OFF_HAND	10934
UNIQUE_HEAD_VANITY_JESTER	10935
UNIQUE_UNLOCK_HEAD_VANITY_JESTER	10936
UNIQUE_ARMOR_VANITY_JESTER	10937
UNIQUE_UNLOCK_ARMOR_VANITY_JESTER	10938
UNIQUE_SHOES_VANITY_JESTER	10939
UNIQUE_UNLOCK_SHOES_VANITY_JESTER	10940
UNIQUE_HEAD_VANITY_DRESS_RED	10941
UNIQUE_UNLOCK_HEAD_VANITY_DRESS_RED	10942
UNIQUE_ARMOR_VANITY_DRESS_RED	10943
UNIQUE_UNLOCK_ARMOR_VANITY_DRESS_RED	10944
UNIQUE_SHOES_VANITY_DRESS_RED	10945
UNIQUE_UNLOCK_SHOES_VANITY_DRESS_RED	10946
UNIQUE_HEAD_VANITY_DRESS_BLACK	10947
UNIQUE_ARMOR_VANITY_DRESS_BLACK	10948
UNIQUE_SHOES_VANITY_DRESS_BLACK	10949
UNIQUE_HEAD_VANITY_DRESS_BLUE	10950
UNIQUE_ARMOR_VANITY_DRESS_BLUE	10951
UNIQUE_SHOES_VANITY_DRESS_BLUE	10952
UNIQUE_HEAD_VANITY_RICH_NOBLE	10953
UNIQUE_UNLOCK_HEAD_VANITY_RICH_NOBLE	10954
UNIQUE_ARMOR_VANITY_RICH_NOBLE	10955
UNIQUE_UNLOCK_ARMOR_VANITY_RICH_NOBLE	10956
UNIQUE_SHOES_VANITY_RICH_NOBLE	10957
UNIQUE_UNLOCK_SHOES_VANITY_RICH_NOBLE	10958
UNIQUE_HEAD_VANITY_SANTACLAUS	10959
UNIQUE_UNLOCK_HEAD_VANITY_SANTACLAUS	10960
UNIQUE_ARMOR_VANITY_SANTACLAUS	10961
UNIQUE_UNLOCK_ARMOR_VANITY_SANTACLAUS	10962
UNIQUE_SHOES_VANITY_SANTACLAUS	10963
UNIQUE_UNLOCK_SHOES_VANITY_SANTACLAUS	10964
UNIQUE_BACKPACK_VANITY_SANTACLAUS	10965
UNIQUE_UNLOCK_BACKPACK_VANITY_SANTACLAUS	10966
UNIQUE_HEAD_VANITY_WEDDING_DRESS	10967
UNIQUE_UNLOCK_HEAD_VANITY_WEDDING_DRESS	10968
UNIQUE_ARMOR_VANITY_WEDDING_DRESS	10969
UNIQUE_UNLOCK_ARMOR_VANITY_WEDDING_DRESS	10970
UNIQUE_SHOES_VANITY_WEDDING_DRESS	10971
UNIQUE_UNLOCK_SHOES_VANITY_WEDDING_DRESS	10972
UNIQUE_OFF_VANITY_WEDDING_DRESS	10973
UNIQUE_UNLOCK_OFF_VANITY_WEDDING_DRESS	10974
UNIQUE_HEAD_VANITY_WEDDING_TUXEDO	10975
UNIQUE_UNLOCK_HEAD_VANITY_WEDDING_TUXEDO	10976
UNIQUE_ARMOR_VANITY_WEDDING_TUXEDO	10977
UNIQUE_UNLOCK_ARMOR_VANITY_WEDDING_TUXEDO	10978
UNIQUE_SHOES_VANITY_WEDDING_TUXEDO	10979
UNIQUE_UNLOCK_SHOES_VANITY_WEDDING_TUXEDO	10980
UNIQUE_CAPE_VANITY_WEDDING_TUXEDO	10981
UNIQUE_UNLOCK_CAPE_VANITY_WEDDING_TUXEDO	10982
UNIQUE_OFF_VANITY_WEDDING_TUXEDO	10983
UNIQUE_UNLOCK_OFF_VANITY_WEDDING_TUXEDO	10984
UNIQUE_HEAD_VANITY_BARD	10985
UNIQUE_ARMOR_VANITY_BARD	10986
UNIQUE_SHOES_VANITY_BARD	10987
UNIQUE_HEAD_VANITY_PRIEST	10988
UNIQUE_ARMOR_VANITY_PRIEST	10989
UNIQUE_SHOES_VANITY_PRIEST	10990
UNIQUE_OFF_VANITY_PRIEST	10991
UNIQUE_HEAD_VANITY_INNKEEPER	10992
UNIQUE_ARMOR_VANITY_INNKEEPER	10993
UNIQUE_SHOES_VANITY_INNKEEPER	10994
UNIQUE_OFF_VANITY_INNKEEPER	10995
UNIQUE_HEAD_VANITY_PIRATE	10996
UNIQUE_ARMOR_VANITY_PIRATE	10997
UNIQUE_SHOES_VANITY_PIRATE	10998
UNIQUE_OFF_VANITY_PIRATE	10999
UNIQUE_OFF_VANITY_CHARITY_MARCH2020	11000
UNIQUE_UNLOCK_OFF_VANITY_CHARITY_MARCH2020	11001
UNIQUE_UNLOCK_VANITY_2H_FW_BRIDGEWATCH_BANNER	11003
UNIQUE_UNLOCK_VANITY_2H_FW_THETFORD_BANNER	11005
UNIQUE_UNLOCK_VANITY_2H_FW_FORTSTERLING_BANNER	11007
UNIQUE_UNLOCK_VANITY_2H_FW_MARTLOCK_BANNER	11009
UNIQUE_UNLOCK_VANITY_2H_FW_LYMHURST_BANNER	11011
UNIQUE_UNLOCK_VANITY_2H_FW_CAERLEON_BANNER	11013
UNIQUE_HEAD_VANITY_ARENA_SET_01	11014
UNIQUE_UNLOCK_HEAD_VANITY_ARENA_SET_01_COPY	11015
UNIQUE_UNLOCK_HEAD_VANITY_ARENA_SET_01	11016
UNIQUE_ARMOR_VANITY_ARENA_SET_01	11017
UNIQUE_UNLOCK_ARMOR_VANITY_ARENA_SET_01_COPY	11018
UNIQUE_UNLOCK_ARMOR_VANITY_ARENA_SET_01	11019
UNIQUE_SHOES_VANITY_ARENA_SET_01	11020
UNIQUE_UNLOCK_SHOES_VANITY_ARENA_SET_01_COPY	11021
UNIQUE_UNLOCK_SHOES_VANITY_ARENA_SET_01	11022
UNIQUE_CAPE_VANITY_ARENA_SET_01	11023
UNIQUE_UNLOCK_CAPE_VANITY_ARENA_SET_01_COPY	11024
UNIQUE_UNLOCK_CAPE_VANITY_ARENA_SET_01	11025
UNIQUE_HEAD_VANITY_ARENA_EYEPATCH	11026
UNIQUE_UNLOCK_HEAD_VANITY_ARENA_EYEPATCH_COPY	11027
UNIQUE_UNLOCK_HEAD_VANITY_ARENA_EYEPATCH	11028
T4_CAPE_ARENA_BANNER	11029
UNIQUE_UNLOCK_T4_CAPE_ARENA_BANNER_COPY	11030
UNIQUE_UNLOCK_T4_CAPE_ARENA_BANNER	11031
T6_CAPE_ARENA_BANNER	11032
UNIQUE_UNLOCK_T6_CAPE_ARENA_BANNER_COPY	11033
UNIQUE_UNLOCK_T6_CAPE_ARENA_BANNER	11034
T8_CAPE_ARENA_BANNER	11035
UNIQUE_UNLOCK_T8_CAPE_ARENA_BANNER_COPY	11036
UNIQUE_UNLOCK_T8_CAPE_ARENA_BANNER	11037
UNIQUE_UNLOCK_HEAD_VANITY_GLADIATOR_ARENA	11038
UNIQUE_HEAD_VANITY_GLADIATOR_ARENA	11039
UNIQUE_UNLOCK_ARMOR_VANITY_GLADIATOR_ARENA	11040
UNIQUE_ARMOR_VANITY_GLADIATOR_ARENA	11041
UNIQUE_UNLOCK_SHOES_VANITY_GLADIATOR_ARENA	11042
UNIQUE_SHOES_VANITY_GLADIATOR_ARENA	11043
UNIQUE_UNLOCK_CAPE_VANITY_GLADIATOR_ARENA	11044
UNIQUE_CAPE_VANITY_GLADIATOR_ARENA	11045
UNIQUE_UNLOCK_HEAD_VANITY_GLADIATOR_CRYSTAL	11046
UNIQUE_HEAD_VANITY_GLADIATOR_CRYSTAL	11047
UNIQUE_UNLOCK_ARMOR_VANITY_GLADIATOR_CRYSTAL	11048
UNIQUE_ARMOR_VANITY_GLADIATOR_CRYSTAL	11049
UNIQUE_UNLOCK_SHOES_VANITY_GLADIATOR_CRYSTAL	11050
UNIQUE_SHOES_VANITY_GLADIATOR_CRYSTAL	11051
UNIQUE_UNLOCK_CAPE_VANITY_GLADIATOR_CRYSTAL	11052
UNIQUE_CAPE_VANITY_GLADIATOR_CRYSTAL	11053
UNIQUE_HEAD_TELLAFRIEND_BATRIDER	11054
UNIQUE_UNLOCK_HEAD_TELLAFRIEND_BATRIDER	11055
UNIQUE_HEAD_VANITY_EASTER_WHITE	11056
UNIQUE_UNLOCK_HEAD_VANITY_EASTER_WHITE	11057
UNIQUE_HEAD_VANITY_EASTER_BROWN	11058
UNIQUE_UNLOCK_HEAD_VANITY_EASTER_BROWN	11059
UNIQUE_ARMOR_VANITY_EASTER	11060
UNIQUE_UNLOCK_ARMOR_VANITY_EASTER	11061
UNIQUE_SHOES_VANITY_EASTER	11062
UNIQUE_UNLOCK_SHOES_VANITY_EASTER	11063
UNIQUE_BACKPACK_VANITY_EASTER	11064
UNIQUE_UNLOCK_BACKPACK_VANITY_EASTER	11065
UNIQUE_HEAD_VANITY_PLAGUEDOC	11066
UNIQUE_UNLOCK_HEAD_VANITY_PLAGUEDOC	11067
UNIQUE_ARMOR_VANITY_PLAGUEDOC	11068
UNIQUE_UNLOCK_ARMOR_VANITY_PLAGUEDOC	11069
UNIQUE_SHOES_VANITY_PLAGUEDOC	11070
UNIQUE_UNLOCK_SHOES_VANITY_PLAGUEDOC	11071
UNIQUE_HEAD_VANITY_SKELETON	11072
UNIQUE_UNLOCK_HEAD_VANITY_SKELETON	11073
UNIQUE_ARMOR_VANITY_SKELETON	11074
UNIQUE_UNLOCK_ARMOR_VANITY_SKELETON	11075
UNIQUE_SHOES_VANITY_SKELETON	11076
UNIQUE_UNLOCK_SHOES_VANITY_SKELETON	11077
UNIQUE_CAPE_VANITY_SKELETON	11078
UNIQUE_UNLOCK_CAPE_VANITY_SKELETON	11079
UNIQUE_HEAD_VANITY_PUMPKIN_01	11080
UNIQUE_UNLOCK_HEAD_VANITY_PUMPKIN_01	11081
UNIQUE_HEAD_VANITY_PUMPKIN_02	11082
UNIQUE_UNLOCK_HEAD_VANITY_PUMPKIN_02	11083
UNIQUE_HEAD_VANITY_PUMPKIN_03	11084
UNIQUE_UNLOCK_HEAD_VANITY_PUMPKIN_03	11085
UNIQUE_HEAD_XMAS	11086
UNIQUE_UNLOCK_HEAD_XMAS	11087
UNIQUE_VANITY_2H_PORTALGUN_TELLAFRIEND	11088
UNIQUE_UNLOCK_VANITY_2H_PORTALGUN_TELLAFRIEND	11089
UNIQUE_VANITY_2H_CHICKENGUN_EASTER	11090
UNIQUE_UNLOCK_VANITY_2H_GUN_ANNIVERSARY	11091
UNIQUE_VANITY_2H_GUN_ANNIVERSARY	11092
UNIQUE_AVATARRING_ANNIVERSARY_2022	11093
UNIQUE_AVATARRING_ANNIVERSARY_2023	11094
UNIQUE_AVATARRING_ANNIVERSARY_2024	11095
UNIQUE_AVATARRING_ANNIVERSARY_2025	11096
UNIQUE_AVATARRING_ANNIVERSARY_2026	11097
UNIQUE_AVATAR_ANNIVERSARY_2022	11098
UNIQUE_AVATAR_ANNIVERSARY_2023	11099
UNIQUE_AVATAR_ANNIVERSARY_2024	11100
UNIQUE_AVATAR_ANNIVERSARY_2025	11101
UNIQUE_AVATAR_ANNIVERSARY_2026	11102
UNIQUE_ROTTEN_CAKE	11103
UNIQUE_CONSUMABLE_EVENT_ANNIVERSARY_CAKE	11104
SKIN_HORSE_ANNIVERSARY_2022	11107
UNIQUE_UNLOCK_SKIN_HORSE_ANNIVERSARY_2022	11108
SKIN_HORSE_ANNIVERSARY_2023	11109
UNIQUE_UNLOCK_SKIN_HORSE_ANNIVERSARY_2023	11110
SKIN_HORSE_ANNIVERSARY_2024	11111
UNIQUE_UNLOCK_SKIN_HORSE_ANNIVERSARY_2024	11112
SKIN_HORSE_ANNIVERSARY_2025	11113
UNIQUE_UNLOCK_SKIN_HORSE_ANNIVERSARY_2025	11114
SKIN_HORSE_ANNIVERSARY_2026	11115
UNIQUE_UNLOCK_SKIN_HORSE_ANNIVERSARY_2026	11116
UNIQUE_FURNITUREITEM_CARPET_ANNIVERSARY_2022	11117
UNIQUE_ROTTEN_CANDY	11118
UNIQUE_CONSUMABLE_EVENT_HALLOWEEN_CANDY	11119
UNIQUE_UNLOCK_UNIQUE_VANITY_2H_CHICKENGUN_EASTER	11122
UNIQUE_VANITY_MAIN_BEERMUG_TELLAFRIEND	11123
UNIQUE_UNLOCK_VANITY_MAIN_BEERMUG_TELLAFRIEND	11124
UNIQUE_VANITY_MAIN_HORN_TELLAFRIEND	11125
UNIQUE_UNLOCK_VANITY_MAIN_HORN_TELLAFRIEND	11126
UNIQUE_VANITY_MAIN_FOXCROP_TELLAFRIEND	11127
UNIQUE_UNLOCK_VANITY_MAIN_FOXCROP_TELLAFRIEND	11128
UNIQUE_VANITY_MAIN_TRUMPET_TELLAFRIEND	11129
UNIQUE_UNLOCK_VANITY_MAIN_TRUMPET_TELLAFRIEND	11130
UNIQUE_VANITY_MAIN_BEERMUG_02_TELLAFRIEND	11131
UNIQUE_UNLOCK_VANITY_MAIN_BEERMUG_02_TELLAFRIEND	11132
UNIQUE_CAPE_FOUNDER_LEGENDARY	11133
UNIQUE_UNLOCK_CAPE_FOUNDER_LEGENDARY	11134
UNIQUE_HEAD_FOUNDER_LEGENDARY	11135
UNIQUE_UNLOCK_HEAD_FOUNDER_LEGENDARY	11136
UNIQUE_ARMOR_FOUNDER_LEGENDARY	11137
UNIQUE_UNLOCK_ARMOR_FOUNDER_LEGENDARY	11138
UNIQUE_SHOES_FOUNDER_LEGENDARY	11139
UNIQUE_UNLOCK_SHOES_FOUNDER_LEGENDARY	11140
UNIQUE_HEAD_FOUNDER_ELITE	11141
UNIQUE_UNLOCK_HEAD_FOUNDER_ELITE	11142
UNIQUE_ARMOR_FOUNDER_ELITE	11143
UNIQUE_UNLOCK_ARMOR_FOUNDER_ELITE	11144
UNIQUE_SHOES_FOUNDER_ELITE	11145
UNIQUE_UNLOCK_SHOES_FOUNDER_ELITE	11146
UNIQUE_CAPE_STARTERPACK_LEGENDARY	11147
UNIQUE_UNLOCK_CAPE_STARTERPACK_LEGENDARY	11148
UNIQUE_HEAD_STARTERPACK_LEGENDARY	11149
UNIQUE_UNLOCK_HEAD_STARTERPACK_LEGENDARY	11150
UNIQUE_ARMOR_STARTERPACK_LEGENDARY	11151
UNIQUE_UNLOCK_ARMOR_STARTERPACK_LEGENDARY	11152
UNIQUE_SHOES_STARTERPACK_LEGENDARY	11153
UNIQUE_UNLOCK_SHOES_STARTERPACK_LEGENDARY	11154
UNIQUE_HEAD_STARTERPACK_ELITE	11155
UNIQUE_UNLOCK_HEAD_STARTERPACK_ELITE	11156
UNIQUE_ARMOR_STARTERPACK_ELITE	11157
UNIQUE_UNLOCK_ARMOR_STARTERPACK_ELITE	11158
UNIQUE_SHOES_STARTERPACK_ELITE	11159
UNIQUE_UNLOCK_SHOES_STARTERPACK_ELITE	11160
UNIQUE_HEAD_VANITY_SKELETON_UNDEAD	11161
UNIQUE_UNLOCK_HEAD_VANITY_SKELETON_UNDEAD	11162
UNIQUE_ARMOR_VANITY_SKELETON_UNDEAD	11163
UNIQUE_UNLOCK_ARMOR_VANITY_SKELETON_UNDEAD	11164
UNIQUE_SHOES_VANITY_SKELETON_UNDEAD	11165
UNIQUE_UNLOCK_SHOES_VANITY_SKELETON_UNDEAD	11166
UNIQUE_CAPE_VANITY_SKELETON_UNDEAD	11167
UNIQUE_UNLOCK_CAPE_VANITY_SKELETON_UNDEAD	11168
UNIQUE_CAPE_TELLAFRIEND	11169
UNIQUE_UNLOCK_CAPE_TELLAFRIEND	11170
UNIQUE_CAPE_TELLAFRIEND_02	11171
UNIQUE_UNLOCK_CAPE_TELLAFRIEND_02	11172
UNIQUE_CAPE_TELLAFRIEND_BATRIDER	11173
UNIQUE_UNLOCK_CAPE_TELLAFRIEND_BATRIDER	11174
UNIQUE_CAPE_TELLAFRIEND_BANNER	11175
UNIQUE_UNLOCK_CAPE_TELLAFRIEND_BANNER	11176
UNIQUE_CAPE_TELLAFRIEND_BANNER_02	11177
UNIQUE_UNLOCK_CAPE_TELLAFRIEND_BANNER_02	11178
UNIQUE_CAPE_TOAD_TELLAFRIEND	11179
UNIQUE_UNLOCK_CAPE_TOAD_TELLAFRIEND	11180
UNIQUE_CAPE_BLOODHOUND_TELLAFRIEND	11181
UNIQUE_UNLOCK_CAPE_BLOODHOUND_TELLAFRIEND	11182
UNIQUE_CAPE_TIGER_TELLAFRIEND	11183
UNIQUE_UNLOCK_CAPE_TIGER_TELLAFRIEND	11184
UNIQUE_CAPE_RAM_TELLAFRIEND	11185
UNIQUE_UNLOCK_CAPE_RAM_TELLAFRIEND	11186
UNIQUE_CAPE_WOLF_GREY_TELLAFRIEND	11187
UNIQUE_UNLOCK_CAPE_WOLF_GREY_TELLAFRIEND	11188
T6_CAPE_PLATE_UNDEAD	11189
UNIQUE_UNLOCK_T6_CAPE_PLATE_UNDEAD	11190
T6_CAPE_LEATHER_UNDEAD	11191
UNIQUE_UNLOCK_T6_CAPE_LEATHER_UNDEAD	11192
T6_CAPE_CLOTH_UNDEAD	11193
UNIQUE_UNLOCK_T6_CAPE_CLOTH_UNDEAD	11194
T6_CAPE_PLATE_KEEPER	11195
UNIQUE_UNLOCK_T6_CAPE_PLATE_KEEPER	11196
T6_CAPE_LEATHER_KEEPER	11197
UNIQUE_UNLOCK_T6_CAPE_LEATHER_KEEPER	11198
T6_CAPE_CLOTH_KEEPER	11199
UNIQUE_UNLOCK_T6_CAPE_CLOTH_KEEPER	11200
T6_CAPE_PLATE_MORGANA	11201
UNIQUE_UNLOCK_T6_CAPE_PLATE_MORGANA	11202
T6_CAPE_LEATHER_MORGANA	11203
UNIQUE_UNLOCK_T6_CAPE_LEATHER_MORGANA	11204
T6_CAPE_CLOTH_MORGANA	11205
UNIQUE_UNLOCK_T6_CAPE_CLOTH_MORGANA	11206
UNIQUE_HEAD_VANITY_ROGUE	11207
UNIQUE_ARMOR_VANITY_ROGUE	11208
UNIQUE_SHOES_VANITY_ROGUE	11209
UNIQUE_CAPE_VANITY_ROGUE	11210
UNIQUE_VANITY_MAIN_POISONBOTTLE_ROGUE	11211
SKIN_ARMORED_HORSE_ROGUE	11212
UNIQUE_ARMOR_VANITY_ROGUE_GUILD_COLORED	11213
UNIQUE_CAPE_VANITY_ROGUE_GUILD_COLORED	11214
SKIN_ARMORED_HORSE_ROGUE_GUILD_COLORED	11215
UNIQUE_HEAD_VANITY_KNIGHT	11216
UNIQUE_ARMOR_VANITY_KNIGHT	11217
UNIQUE_SHOES_VANITY_KNIGHT	11218
UNIQUE_CAPE_VANITY_KNIGHT	11219
UNIQUE_VANITY_2H_BANNER_KNIGHT_GUILD_COLORED	11220
SKIN_ARMORED_HORSE_KNIGHT	11221
UNIQUE_HEAD_VANITY_KNIGHT_GUILD_COLORED	11222
UNIQUE_ARMOR_VANITY_KNIGHT_GUILD_COLORED	11223
UNIQUE_CAPE_VANITY_KNIGHT_GUILD_COLORED	11224
SKIN_ARMORED_HORSE_KNIGHT_GUILD_COLORED	11225
UNIQUE_HEAD_VANITY_MAGE	11226
UNIQUE_ARMOR_VANITY_MAGE	11227
UNIQUE_SHOES_VANITY_MAGE	11228
UNIQUE_CAPE_VANITY_MAGE	11229
UNIQUE_VANITY_2H_SPELLBOOK_MAGE	11230
SKIN_ARMORED_HORSE_MAGE	11231
UNIQUE_HEAD_VANITY_MAGE_GUILD_COLORED	11232
UNIQUE_ARMOR_VANITY_MAGE_GUILD_COLORED	11233
UNIQUE_CAPE_VANITY_MAGE_GUILD_COLORED	11234
SKIN_ARMORED_HORSE_MAGE_GUILD_COLORED	11235
SKIN_COUGAR_MIST	11236
UNIQUE_HEAD_VANITY_BARBARIAN	11237
UNIQUE_ARMOR_VANITY_BARBARIAN	11238
UNIQUE_SHOES_VANITY_BARBARIAN	11239
UNIQUE_CAPE_VANITY_BARBARIAN	11240
SKIN_DIREWOLF_BARBARIAN	11241
UNIQUE_HEAD_VANITY_SOULKEEPER	11242
UNIQUE_ARMOR_VANITY_SOULKEEPER	11243
UNIQUE_SHOES_VANITY_SOULKEEPER	11244
UNIQUE_CAPE_VANITY_SOULKEEPER	11245
UNIQUE_VANITY_2H_PHYLACTERY_SOULKEEPER	11246
SKIN_STAG_SOULKEEPER	11247
SKIN_HORSE_HELL	11248
SKIN_COUGAR_DARK	11249
UNIQUE_HEAD_VANITY_PALADIN	11250
UNIQUE_ARMOR_VANITY_PALADIN	11251
UNIQUE_SHOES_VANITY_PALADIN	11252
UNIQUE_CAPE_VANITY_PALADIN	11253
SKIN_ARMORED_HORSE_PALADIN	11254
UNIQUE_ARMOR_VANITY_PALADIN_GUILD_COLORED	11255
UNIQUE_CAPE_VANITY_PALADIN_GUILD_COLORED	11256
SKIN_ARMORED_HORSE_PALADIN_GUILD_COLORED	11257
UNIQUE_HEAD_VANITY_PALADIN_ANNIVERSARY	11258
UNIQUE_ARMOR_VANITY_PALADIN_ANNIVERSARY	11259
UNIQUE_SHOES_VANITY_PALADIN_ANNIVERSARY	11260
UNIQUE_CAPE_VANITY_PALADIN_ANNIVERSARY	11261
SKIN_ARMORED_HORSE_PALADIN_ANNIVERSARY	11262
SKIN_OX_MIST	11263
UNIQUE_HEAD_VANITY_DEMONHUNTER	11264
UNIQUE_ARMOR_VANITY_DEMONHUNTER	11265
UNIQUE_SHOES_VANITY_DEMONHUNTER	11266
UNIQUE_CAPE_VANITY_DEMONHUNTER	11267
SKIN_HORSE_DEMONHUNTER	11268
SKIN_DIREWOLF_MIST	11269
UNIQUE_HEAD_VANITY_DRUID	11270
UNIQUE_ARMOR_VANITY_DRUID	11271
UNIQUE_SHOES_VANITY_DRUID	11272
UNIQUE_CAPE_VANITY_DRUID	11273
SKIN_STAG_DRUID	11274
SKIN_COUGAR_SHADOWCAT	11275
UNIQUE_HEAD_VANITY_DEMONICWARRIOR	11276
UNIQUE_ARMOR_VANITY_DEMONICWARRIOR	11277
UNIQUE_SHOES_VANITY_DEMONICWARRIOR	11278
UNIQUE_CAPE_VANITY_DEMONICWARRIOR	11279
SKIN_DIREWOLF_DEMONICWARRIOR	11280
UNIQUE_HEAD_VANITY_MONK	11281
UNIQUE_HEAD_VANITY_MONK_HAT	11282
UNIQUE_HEAD_VANITY_MONK_MASK	11283
UNIQUE_ARMOR_VANITY_MONK	11284
UNIQUE_SHOES_VANITY_MONK	11285
UNIQUE_CAPE_VANITY_MONK	11286
SKIN_HORSE_MONK	11287
UNIQUE_HEAD_VANITY_MONK_MASK_GUILD_COLORED	11288
UNIQUE_ARMOR_VANITY_MONK_GUILD_COLORED	11289
SKIN_DIREWOLF_UNDEAD	11290
UNIQUE_HEAD_VANITY_MARAUDER	11291
UNIQUE_ARMOR_VANITY_MARAUDER	11292
UNIQUE_SHOES_VANITY_MARAUDER	11293
UNIQUE_CAPE_VANITY_MARAUDER	11294
SKIN_ARMORED_HORSE_MARAUDER	11295
UNIQUE_HEAD_VANITY_MARAUDER_ANNIVERSARY	11296
UNIQUE_ARMOR_VANITY_MARAUDER_ANNIVERSARY	11297
UNIQUE_SHOES_VANITY_MARAUDER_ANNIVERSARY	11298
UNIQUE_CAPE_VANITY_MARAUDER_ANNIVERSARY	11299
SKIN_ARMORED_HORSE_MARAUDER_ANNIVERSARY	11300
UNIQUE_HEAD_VANITY_FIREMAGE	11301
UNIQUE_ARMOR_VANITY_FIREMAGE	11302
UNIQUE_SHOES_VANITY_FIREMAGE	11303
UNIQUE_CAPE_VANITY_FIREMAGE	11304
SKIN_COUGAR_FIREMAGE	11305
UNIQUE_HEAD_VANITY_FROSTMAGE	11306
UNIQUE_ARMOR_VANITY_FROSTMAGE	11307
UNIQUE_SHOES_VANITY_FROSTMAGE	11308
UNIQUE_CAPE_VANITY_FROSTMAGE	11309
SKIN_COUGAR_FROSTMAGE	11310
SKIN_DIREBOAR_OCCULT	11311
UNIQUE_HEAD_VANITY_PRIEST_HOLY	11312
UNIQUE_ARMOR_VANITY_PRIEST_HOLY	11313
UNIQUE_SHOES_VANITY_PRIEST_HOLY	11314
UNIQUE_CAPE_VANITY_PRIEST_HOLY	11315
SKIN_HORSE_PRIEST_HOLY	11316
UNIQUE_HEAD_VANITY_RANGER_HOOD	11317
UNIQUE_HEAD_VANITY_RANGER_MASK	11318
UNIQUE_ARMOR_VANITY_RANGER	11319
UNIQUE_SHOES_VANITY_RANGER	11320
UNIQUE_CAPE_VANITY_RANGER	11321
SKIN_COUGAR_RANGER	11322
UNIQUE_HEAD_VANITY_BATTLEMAGE	11323
UNIQUE_ARMOR_VANITY_BATTLEMAGE	11324
UNIQUE_SHOES_VANITY_BATTLEMAGE	11325
UNIQUE_CAPE_VANITY_BATTLEMAGE	11326
SKIN_DIREBOAR_BATTLEMAGE	11327
UNIQUE_HEAD_VANITY_ZEALOT	11328
UNIQUE_ARMOR_VANITY_ZEALOT	11329
UNIQUE_SHOES_VANITY_ZEALOT	11330
UNIQUE_CAPE_VANITY_ZEALOT	11331
SKIN_DIREWOLF_ZEALOT	11332
UNIQUE_HEAD_VANITY_TITAN	11333
UNIQUE_ARMOR_VANITY_TITAN	11334
UNIQUE_SHOES_VANITY_TITAN	11335
UNIQUE_CAPE_VANITY_TITAN	11336
SKIN_ARMORED_HORSE_TITAN	11337
UNIQUE_HEAD_VANITY_ASSASSIN	11338
UNIQUE_ARMOR_VANITY_ASSASSIN	11339
UNIQUE_SHOES_VANITY_ASSASSIN	11340
UNIQUE_CAPE_VANITY_ASSASSIN	11341
SKIN_COUGAR_ASSASSIN	11342
UNIQUE_HEAD_VANITY_TRACKER	11343
UNIQUE_ARMOR_VANITY_TRACKER	11344
UNIQUE_SHOES_VANITY_TRACKER	11345
UNIQUE_CAPE_VANITY_TRACKER	11346
SKIN_HORSE_TRACKER	11347
UNIQUE_HEAD_VANITY_ALCHEMIST	11348
UNIQUE_ARMOR_VANITY_ALCHEMIST	11349
UNIQUE_SHOES_VANITY_ALCHEMIST	11350
UNIQUE_CAPE_VANITY_ALCHEMIST	11351
SKIN_DIREBOAR_ALCHEMIST	11352
UNIQUE_HEAD_VANITY_ALCHEMIST_ANNIVERSARY	11353
UNIQUE_ARMOR_VANITY_ALCHEMIST_ANNIVERSARY	11354
UNIQUE_SHOES_VANITY_ALCHEMIST_ANNIVERSARY	11355
UNIQUE_CAPE_VANITY_ALCHEMIST_ANNIVERSARY	11356
SKIN_DIREBOAR_ALCHEMIST_ANNIVERSARY	11357
UNIQUE_HEAD_VANITY_FROSTKNIGHT	11358
UNIQUE_ARMOR_VANITY_FROSTKNIGHT	11359
UNIQUE_SHOES_VANITY_FROSTKNIGHT	11360
UNIQUE_CAPE_VANITY_FROSTKNIGHT	11361
SKIN_ARMORED_HORSE_FROSTKNIGHT	11362
UNIQUE_HEAD_VANITY_DUELIST	11363
UNIQUE_ARMOR_VANITY_DUELIST	11364
UNIQUE_SHOES_VANITY_DUELIST	11365
UNIQUE_CAPE_VANITY_DUELIST	11366
SKIN_COUGAR_DUELIST	11367
UNIQUE_HEAD_VANITY_CORRUPTED_PREACHER	11368
UNIQUE_ARMOR_VANITY_CORRUPTED_PREACHER	11369
UNIQUE_SHOES_VANITY_CORRUPTED_PREACHER	11370
UNIQUE_CAPE_VANITY_CORRUPTED_PREACHER	11371
SKIN_OX_CORRUPTED_PREACHER	11372
UNIQUE_HEAD_VANITY_CORRUPTED_PREACHER_ANNIVERSARY	11373
UNIQUE_ARMOR_VANITY_CORRUPTED_PREACHER_ANNIVERSARY	11374
UNIQUE_SHOES_VANITY_CORRUPTED_PREACHER_ANNIVERSARY	11375
UNIQUE_CAPE_VANITY_CORRUPTED_PREACHER_ANNIVERSARY	11376
SKIN_OX_CORRUPTED_PREACHER_ANNIVERSARY	11377
UNIQUE_HEAD_VANITY_BARBARIAN_ANNIVERSARY	11378
UNIQUE_ARMOR_VANITY_BARBARIAN_ANNIVERSARY	11379
UNIQUE_SHOES_VANITY_BARBARIAN_ANNIVERSARY	11380
UNIQUE_CAPE_VANITY_BARBARIAN_ANNIVERSARY	11381
SKIN_DIREWOLF_BARBARIAN_ANNIVERSARY	11382
UNIQUE_HEAD_VANITY_PRIEST_HOLY_ANNIVERSARY	11383
UNIQUE_ARMOR_VANITY_PRIEST_HOLY_ANNIVERSARY	11384
UNIQUE_SHOES_VANITY_PRIEST_HOLY_ANNIVERSARY	11385
UNIQUE_CAPE_VANITY_PRIEST_HOLY_ANNIVERSARY	11386
SKIN_HORSE_PRIEST_HOLY_ANNIVERSARY	11387
UNIQUE_HEAD_VANITY_FW_COMMANDER	11388
UNIQUE_ARMOR_VANITY_FW_COMMANDER	11389
UNIQUE_ARMOR_VANITY_FW_COMMANDER_GUILD_COLORED	11390
UNIQUE_SHOES_VANITY_FW_COMMANDER	11391
UNIQUE_CAPE_VANITY_FW_COMMANDER	11392
UNIQUE_CAPE_VANITY_FW_COMMANDER_GUILD_COLORED	11393
SKIN_ARMORED_HORSE_FW_COMMANDER	11394
SKIN_ARMORED_HORSE_FW_COMMANDER_GUILD_COLORED	11395
UNIQUE_HEAD_VANITY_PRIEST_DARK_SWAMP	11396
UNIQUE_ARMOR_VANITY_PRIEST_DARK_SWAMP	11397
UNIQUE_SHOES_VANITY_PRIEST_DARK_SWAMP	11398
UNIQUE_CAPE_VANITY_PRIEST_DARK_SWAMP	11399
SKIN_LIZARD_PRIEST_DARK_SWAMP	11400
UNIQUE_BACKPACK_VANITY_KICKSTART	11401
UNIQUE_UNLOCK_BACKPACK_VANITY_KICKSTART	11402
UNIQUE_HEAD_VANITY_KICKSTART_2024_UPGRADE	11403
UNIQUE_UNLOCK_HEAD_VANITY_KICKSTART_2024_UPGRADE	11404
UNIQUE_ARMOR_VANITY_KICKSTART_2024_UPGRADE	11405
UNIQUE_UNLOCK_ARMOR_VANITY_KICKSTART_2024_UPGRADE	11406
UNIQUE_SHOES_VANITY_KICKSTART_2024_UPGRADE	11407
UNIQUE_UNLOCK_SHOES_VANITY_KICKSTART_2024_UPGRADE	11408
UNIQUE_CAPE_VANITY_KICKSTART_2024_UPGRADE	11409
UNIQUE_UNLOCK_CAPE_VANITY_KICKSTART_2024_UPGRADE	11410
SKIN_HORSE_KICKSTART_2024_UPGRADE	11411
UNIQUE_UNLOCK_HORSE_VANITY_KICKSTART_2024_UPGRADE	11412
UNIQUE_HEAD_VANITY_KICKSTART_2024	11413
UNIQUE_UNLOCK_HEAD_VANITY_KICKSTART_2024	11414
UNIQUE_ARMOR_VANITY_KICKSTART_2024	11415
UNIQUE_UNLOCK_ARMOR_VANITY_KICKSTART_2024	11416
UNIQUE_SHOES_VANITY_KICKSTART_2024	11417
UNIQUE_UNLOCK_SHOES_VANITY_KICKSTART_2024	11418
UNIQUE_CAPE_VANITY_KICKSTART_2024	11419
UNIQUE_UNLOCK_CAPE_VANITY_KICKSTART_2024	11420
SKIN_HORSE_KICKSTART_2024	11421
UNIQUE_UNLOCK_HORSE_VANITY_KICKSTART_2024	11422
UNIQUE_HEAD_VANITY_KNIGHT_GREEN	11423
UNIQUE_ARMOR_VANITY_KNIGHT_GREEN	11424
UNIQUE_SHOES_VANITY_KNIGHT_GREEN	11425
UNIQUE_CAPE_VANITY_KNIGHT_GREEN	11426
SKIN_ARMORED_HORSE_KNIGHT_GREEN	11427
UNIQUE_HEAD_VANITY_KNIGHT_GREEN_ELITE	11428
UNIQUE_ARMOR_VANITY_KNIGHT_GREEN_ELITE	11429
UNIQUE_SHOES_VANITY_KNIGHT_GREEN_ELITE	11430
UNIQUE_CAPE_VANITY_KNIGHT_GREEN_ELITE	11431
SKIN_ARMORED_HORSE_KNIGHT_GREEN_ELITE	11432
UNIQUE_UNLOCK_HEAD_VANITY_SMUGGLER	11433
UNIQUE_HEAD_VANITY_SMUGGLER	11434
UNIQUE_UNLOCK_ARMOR_VANITY_SMUGGLER	11435
UNIQUE_ARMOR_VANITY_SMUGGLER	11436
UNIQUE_UNLOCK_SHOES_VANITY_SMUGGLER	11437
UNIQUE_SHOES_VANITY_SMUGGLER	11438
UNIQUE_UNLOCK_CAPE_VANITY_SMUGGLER	11439
UNIQUE_CAPE_VANITY_SMUGGLER	11440
UNIQUE_HEAD_VANITY_KNIGHT_AOCP	11441
UNIQUE_UNLOCK_HEAD_VANITY_KNIGHT_AOCP_NON_TRADABLE	11442
UNIQUE_ARMOR_VANITY_KNIGHT_AOCP	11443
UNIQUE_UNLOCK_ARMOR_VANITY_KNIGHT_AOCP_NON_TRADABLE	11444
UNIQUE_SHOES_VANITY_KNIGHT_AOCP	11445
UNIQUE_UNLOCK_SHOES_VANITY_KNIGHT_AOCP_NON_TRADABLE	11446
UNIQUE_CAPE_VANITY_KNIGHT_AOCP	11447
UNIQUE_UNLOCK_CAPE_VANITY_KNIGHT_AOCP_NON_TRADABLE	11448
SKIN_DIREBOAR_FIBER_GATHERER	11449
UNIQUE_UNLOCK_DIREBOAR_FIBER_GATHERER	11450
UNIQUE_OFF_VANITY_PUMPKIN_HAPPY	11451
UNIQUE_UNLOCK_OFF_VANITY_PUMPKIN_HAPPY_NON_TRADABLE	11452
UNIQUE_OFF_VANITY_PUMPKIN_SAD	11453
UNIQUE_UNLOCK_OFF_VANITY_PUMPKIN_SAD_NON_TRADABLE	11454
UNIQUE_OFF_VANITY_PUMPKIN_ANGRY	11455
UNIQUE_UNLOCK_OFF_VANITY_PUMPKIN_ANGRY_NON_TRADABLE	11456
UNIQUE_HEAD_VANITY_FW_SOLDIER_PLATE	11458
UNIQUE_ARMOR_VANITY_FW_SOLDIER_PLATE	11460
UNIQUE_SHOES_VANITY_FW_SOLDIER_PLATE	11462
UNIQUE_CAPE_VANITY_FW_SOLDIER_PLATE	11464
UNIQUE_HEAD_VANITY_VALKYRIE	11472
UNIQUE_ARMOR_VANITY_VALKYRIE	11473
UNIQUE_SHOES_VANITY_VALKYRIE	11474
UNIQUE_CAPE_VANITY_VALKYRIE	11475
SKIN_DIREBEAR_VALKYRIE	11476
UNIQUE_TOKEN_COMMUNITY	11507
UNIQUE_TOKEN_AOCP	11508
UNIQUE_LOOTCHEST_COMMUNITY_COMMON	11509
UNIQUE_LOOTCHEST_COMMUNITY_COMMON_PREMIUM@1	11510
UNIQUE_LOOTCHEST_COMMUNITY_RARE	11511
UNIQUE_LOOTCHEST_COMMUNITY_RARE_PREMIUM@1	11512
UNIQUE_LOOTCHEST_COMMUNITY_EPIC	11513
UNIQUE_LOOTCHEST_COMMUNITY_EPIC_PREMIUM@1	11514
UNIQUE_LOOTCHEST_COMMUNITY_LEGENDARY	11515
UNIQUE_LOOTCHEST_COMMUNITY_LEGENDARY_PREMIUM@1	11516
UNIQUE_LOOTCHEST_COMMUNITY_EXCLUSIVE_COMMON	11517
UNIQUE_LOOTCHEST_COMMUNITY_EXCLUSIVE_COMMON_PREMIUM@1	11518
UNIQUE_LOOTCHEST_COMMUNITY_EXCLUSIVE_RARE	11519
UNIQUE_LOOTCHEST_COMMUNITY_EXCLUSIVE_RARE_PREMIUM@1	11520
UNIQUE_LOOTCHEST_COMMUNITY_EXCLUSIVE_EPIC	11521
UNIQUE_LOOTCHEST_COMMUNITY_EXCLUSIVE_EPIC_PREMIUM@1	11522
UNIQUE_LOOTCHEST_COMMUNITY_EXCLUSIVE_LEGENDARY	11523
UNIQUE_LOOTCHEST_COMMUNITY_EXCLUSIVE_LEGENDARY_PREMIUM@1	11524
UNIQUE_LOOTCHEST_COMMUNITY_GENERIC	11525
UNIQUE_LOOTCHEST_COMMUNITY_GENERIC_PREMIUM@1	11526
UNIQUE_LOOTCHEST_AOCP	11527
UNIQUE_LOOTCHEST_AOCP_PREMIUM@1	11528
UNIQUE_UNLOCK_HEAD_VANITY_DRESS_BLUE_NON_TRADABLE	11529
UNIQUE_UNLOCK_HEAD_VANITY_DRESS_BLACK_NON_TRADABLE	11530
UNIQUE_UNLOCK_HEAD_VANITY_PRIEST_NON_TRADABLE	11531
UNIQUE_UNLOCK_HEAD_VANITY_WEDDING_DRESS_NON_TRADABLE	11532
UNIQUE_UNLOCK_HEAD_VANITY_WEDDING_TUXEDO_NON_TRADABLE	11533
UNIQUE_UNLOCK_HEAD_VANITY_BARD_NON_TRADABLE	11534
UNIQUE_UNLOCK_HEAD_VANITY_INNKEEPER_NON_TRADABLE	11535
UNIQUE_UNLOCK_HEAD_VANITY_PIRATE_NON_TRADABLE	11536
UNIQUE_UNLOCK_ARMOR_VANITY_DRESS_BLUE_NON_TRADABLE	11537
UNIQUE_UNLOCK_ARMOR_VANITY_DRESS_BLACK_NON_TRADABLE	11538
UNIQUE_UNLOCK_ARMOR_VANITY_PRIEST_NON_TRADABLE	11539
UNIQUE_UNLOCK_ARMOR_VANITY_WEDDING_DRESS_NON_TRADABLE	11540
UNIQUE_UNLOCK_ARMOR_VANITY_WEDDING_TUXEDO_NON_TRADABLE	11541
UNIQUE_UNLOCK_ARMOR_VANITY_BARD_NON_TRADABLE	11542
UNIQUE_UNLOCK_ARMOR_VANITY_INNKEEPER_NON_TRADABLE	11543
UNIQUE_UNLOCK_ARMOR_VANITY_PIRATE_NON_TRADABLE	11544
UNIQUE_UNLOCK_SHOES_VANITY_DRESS_BLUE_NON_TRADABLE	11545
UNIQUE_UNLOCK_SHOES_VANITY_DRESS_BLACK_NON_TRADABLE	11546
UNIQUE_UNLOCK_SHOES_VANITY_PRIEST_NON_TRADABLE	11547
UNIQUE_UNLOCK_SHOES_VANITY_WEDDING_DRESS_NON_TRADABLE	11548
UNIQUE_UNLOCK_SHOES_VANITY_WEDDING_TUXEDO_NON_TRADABLE	11549
UNIQUE_UNLOCK_SHOES_VANITY_BARD_NON_TRADABLE	11550
UNIQUE_UNLOCK_SHOES_VANITY_INNKEEPER_NON_TRADABLE	11551
UNIQUE_UNLOCK_SHOES_VANITY_PIRATE_NON_TRADABLE	11552
UNIQUE_UNLOCK_CAPE_VANITY_WEDDING_TUXEDO_NON_TRADABLE	11553
UNIQUE_UNLOCK_VANITY_2H_CHICKENGUN_EASTER_NON_TRADABLE	11554
UNIQUE_UNLOCK_OFF_VANITY_PRIEST_NON_TRADABLE	11555
UNIQUE_UNLOCK_OFF_VANITY_WEDDING_DRESS_NON_TRADABLE	11556
UNIQUE_UNLOCK_OFF_VANITY_WEDDING_TUXEDO_NON_TRADABLE	11557
UNIQUE_UNLOCK_OFF_VANITY_INNKEEPER_NON_TRADABLE	11558
UNIQUE_UNLOCK_OFF_VANITY_PIRATE_NON_TRADABLE	11559
UNIQUE_UNLOCK_SKIN_HORSE_BROWN_NON_TRADABLE	11560
UNIQUE_UNLOCK_SKIN_HORSE_KEEPER_NON_TRADABLE	11561
UNIQUE_UNLOCK_SKIN_HORSE_UNICORN_NON_TRADABLE	11562
UNIQUE_UNLOCK_SKIN_ARMORED_HORSE_T5_GUILD_NON_TRADABLE	11563
UNIQUE_UNLOCK_SKIN_ARMORED_HORSE_T6_GUILD_NON_TRADABLE	11564
UNIQUE_UNLOCK_SKIN_ARMORED_HORSE_T7_GUILD_NON_TRADABLE	11565
UNIQUE_UNLOCK_SKIN_ARMORED_HORSE_T8_GUILD_NON_TRADABLE	11566
UNIQUE_UNLOCK_SKIN_OX_BISON_AH_NON_TRADABLE	11567
UNIQUE_UNLOCK_SKIN_OX_BISON_ROYAL_NON_TRADABLE	11568
UNIQUE_UNLOCK_SKIN_OX_BLACKMARKET_NON_TRADABLE	11569
UNIQUE_HEAD_VANITY_DRESS_GREEN	11570
UNIQUE_UNLOCK_HEAD_VANITY_DRESS_GREEN_NON_TRADABLE	11571
UNIQUE_ARMOR_VANITY_DRESS_GREEN	11572
UNIQUE_UNLOCK_ARMOR_VANITY_DRESS_GREEN_NON_TRADABLE	11573
UNIQUE_SHOES_VANITY_DRESS_GREEN	11574
UNIQUE_UNLOCK_SHOES_VANITY_DRESS_GREEN_NON_TRADABLE	11575
UNIQUE_HEAD_VANITY_ENTERTAINER	11576
UNIQUE_UNLOCK_HEAD_VANITY_ENTERTAINER_NON_TRADABLE	11577
UNIQUE_ARMOR_VANITY_ENTERTAINER	11578
UNIQUE_UNLOCK_ARMOR_VANITY_ENTERTAINER_NON_TRADABLE	11579
UNIQUE_SHOES_VANITY_ENTERTAINER	11580
UNIQUE_UNLOCK_SHOES_VANITY_ENTERTAINER_NON_TRADABLE	11581
UNIQUE_HEAD_VANITY_NIGHTGOWN	11582
UNIQUE_UNLOCK_HEAD_VANITY_NIGHTGOWN_NON_TRADABLE	11583
UNIQUE_CAPE_VANITY_HYENA	11584
UNIQUE_UNLOCK_CAPE_VANITY_HYENA_NON_TRADABLE	11585
SKIN_COUGAR_AMETHYST	11586
UNIQUE_UNLOCK_SKIN_COUGAR_AMETHYST	11587
SKIN_GIANTSTAG_ALPACA_BROWN	11588
UNIQUE_UNLOCK_SKIN_GIANTSTAG_ALPACA_BROWN	11589
SKIN_HORSE_UNICORN_AMETHYST	11590
UNIQUE_UNLOCK_SKIN_HORSE_UNICORN_AMETHYST	11591
UNIQUE_HEAD_VANITY_PIRATE_GREEN	11592
UNIQUE_UNLOCK_HEAD_VANITY_PIRATE_GREEN_NON_TRADABLE	11593
UNIQUE_ARMOR_VANITY_PIRATE_GREEN	11594
UNIQUE_UNLOCK_ARMOR_VANITY_PIRATE_GREEN_NON_TRADABLE	11595
UNIQUE_SHOES_VANITY_PIRATE_GREEN	11596
UNIQUE_UNLOCK_SHOES_VANITY_PIRATE_GREEN_NON_TRADABLE	11597
UNIQUE_OFF_VANITY_PIRATE_RED	11598
UNIQUE_UNLOCK_OFF_VANITY_PIRATE_RED_NON_TRADABLE	11599
UNIQUE_OFF_VANITY_PIRATE_GREEN	11600
UNIQUE_UNLOCK_OFF_VANITY_PIRATE_GREEN_NON_TRADABLE	11601
UNIQUE_OFF_VANITY_PIRATE_COCKATOO	11602
UNIQUE_UNLOCK_OFF_VANITY_PIRATE_COCKATOO_NON_TRADABLE	11603
UNIQUE_HEAD_VANITY_PRIEST_RED	11604
UNIQUE_UNLOCK_HEAD_VANITY_PRIEST_RED_NON_TRADABLE	11605
UNIQUE_ARMOR_VANITY_PRIEST_RED	11606
UNIQUE_UNLOCK_ARMOR_VANITY_PRIEST_RED_NON_TRADABLE	11607
UNIQUE_SHOES_VANITY_PRIEST_RED	11608
UNIQUE_UNLOCK_SHOES_VANITY_PRIEST_RED_NON_TRADABLE	11609
UNIQUE_OFF_VANITY_PRIEST_RED	11610
UNIQUE_UNLOCK_OFF_VANITY_PRIEST_RED_NON_TRADABLE	11611
UNIQUE_CAPE_VANITY_SNOWLEOPARD	11612
UNIQUE_UNLOCK_CAPE_VANITY_SNOWLEOPARD_NON_TRADABLE	11613
UNIQUE_HEAD_VANITY_RICH_NOBLE_PURPLE	11614
UNIQUE_UNLOCK_HEAD_VANITY_RICH_NOBLE_PURPLE_NON_TRADABLE	11615
UNIQUE_ARMOR_VANITY_RICH_NOBLE_PURPLE	11616
UNIQUE_UNLOCK_ARMOR_VANITY_RICH_NOBLE_PURPLE_NON_TRADABLE	11617
UNIQUE_SHOES_VANITY_RICH_NOBLE_PURPLE	11618
UNIQUE_UNLOCK_SHOES_VANITY_RICH_NOBLE_PURPLE_NON_TRADABLE	11619
UNIQUE_HEAD_VANITY_NIGHTGOWN_BLACK	11620
UNIQUE_UNLOCK_HEAD_VANITY_NIGHTGOWN_BLACK_NON_TRADABLE	11621
UNIQUE_HEAD_VANITY_NIGHTGOWN_BELL	11622
UNIQUE_UNLOCK_HEAD_VANITY_NIGHTGOWN_BELL_NON_TRADABLE	11623
UNIQUE_HEAD_VANITY_BARD_BLUE	11624
UNIQUE_UNLOCK_HEAD_VANITY_BARD_BLUE_NON_TRADABLE	11625
UNIQUE_ARMOR_VANITY_BARD_BLUE	11626
UNIQUE_UNLOCK_ARMOR_VANITY_BARD_BLUE_NON_TRADABLE	11627
UNIQUE_SHOES_VANITY_BARD_BLUE	11628
UNIQUE_UNLOCK_SHOES_VANITY_BARD_BLUE_NON_TRADABLE	11629
SKIN_DIREWOLF_FENNEK	11630
UNIQUE_UNLOCK_SKIN_DIREWOLF_FENNEK	11631
SKIN_HORSE_QUESTING_BEAST_GREEN	11632
UNIQUE_UNLOCK_SKIN_HORSE_QUESTING_BEAST_GREEN	11633
T1_KILL_EMOTE_TOMBSTONE_CHARGES_NONTRADABLE	11634
T1_KILL_EMOTE_FLAG_CHARGES_NONTRADABLE	11635
T1_KILL_EMOTE_GHOST_CHARGES_NONTRADABLE	11636
T1_KILL_EMOTE_OVERGROWN_CHARGES_NONTRADABLE	11637
T1_KILL_EMOTE_HELLGATE_CHARGES_NONTRADABLE	11638
T1_KILL_EMOTE_SWORD_CHARGES_NONTRADABLE	11639
T1_KILL_EMOTE_HAMMER_CHARGES_NONTRADABLE	11640
T1_KILL_EMOTE_FLAG_MOBILE_CHARGES_NONTRADABLE	11641
T1_KILL_EMOTE_FLAG_DESKTOP_CHARGES_NONTRADABLE	11642
T1_KILL_EMOTE_FLAG_CONTROLLER_CHARGES_NONTRADABLE	11643
UNIQUE_AVATARRING_DRAGONKEEPER_AJ	11654
UNIQUE_UNLOCK_ARMOR_VANITY_DRAGONKEEPER_AJ	11655
UNIQUE_ARMOR_VANITY_DRAGONKEEPER_AJ	11656
UNIQUE_UNLOCK_HEAD_VANITY_DRAGONKEEPER_AJ	11657
UNIQUE_HEAD_VANITY_DRAGONKEEPER_AJ	11658
UNIQUE_UNLOCK_VANITY_HEAD_TUTORIAL_COMPLETED_AJ	11659
UNIQUE_VANITY_HEAD_TUTORIAL_COMPLETED_AJ	11660
UNIQUE_AVATARRING_AJ_PVE_01	11661
UNIQUE_AVATAR_AJ_PVE_01	11662
UNIQUE_UNLOCK_SKIN_DIREBEAR_ADVENTURE_AJ	11663
SKIN_DIREBEAR_ADVENTURE_AJ	11664
UNIQUE_UNLOCK_VANITY_MAIN_DICE_SIXSIDED_AJ	11665
UNIQUE_VANITY_MAIN_DICE_SIXSIDED_AJ	11666
UNIQUE_UNLOCK_VANITY_MAIN_DICE_TWENTYSIDED_AJ	11667
UNIQUE_VANITY_MAIN_DICE_TWENTYSIDED_AJ	11668
UNIQUE_AVATARRING_AJ_GATHERING_01	11669
UNIQUE_AVATAR_AJ_GATHERING_01	11670
UNIQUE_UNLOCK_SKIN_DIREBOAR_MECHANICAL_AJ	11671
SKIN_DIREBOAR_MECHANICAL_AJ	11672
UNIQUE_UNLOCK_VANITY_2H_MULTITOOL_AJ	11673
UNIQUE_VANITY_2H_MULTITOOL_AJ	11674
UNIQUE_UNLOCK_VANITY_2H_MULTITOOL_OVERCHARGED_AJ	11675
UNIQUE_VANITY_2H_MULTITOOL_OVERCHARGED_AJ	11676
UNIQUE_AVATARRING_AJ_ECONOMY_01	11677
UNIQUE_AVATAR_AJ_ECONOMY_01	11678
UNIQUE_UNLOCK_SKIN_MAMMOTH_WEALTHY_AJ	11679
SKIN_MAMMOTH_WEALTHY_AJ	11680
UNIQUE_UNLOCK_ARMOR_VANITY_WEALTHY_NOBLE_AJ	11681
UNIQUE_ARMOR_VANITY_WEALTHY_NOBLE_AJ	11682
UNIQUE_UNLOCK_ARMOR_VANITY_VERY_WEALTHY_NOBLE_AJ	11683
UNIQUE_ARMOR_VANITY_VERY_WEALTHY_NOBLE_AJ	11684
UNIQUE_AVATARRING_AJ_FARMER_01	11685
UNIQUE_AVATAR_AJ_FARMER_01	11686
UNIQUE_UNLOCK_SKIN_OX_FARMER_AJ	11687
SKIN_OX_FARMER_AJ	11688
UNIQUE_UNLOCK_HEAD_VANITY_FARMER_AJ	11689
UNIQUE_HEAD_VANITY_FARMER_AJ	11690
UNIQUE_UNLOCK_HEAD_VANITY_FARMER_COZY_AJ	11691
UNIQUE_HEAD_VANITY_FARMER_COZY_AJ	11692
UNIQUE_AVATARRING_AJ_EXPLORATION_01	11693
UNIQUE_AVATAR_AJ_EXPLORATION_01	11694
UNIQUE_UNLOCK_SKIN_COUGAR_TRAVELING_CAT_AJ	11695
SKIN_COUGAR_TRAVELING_CAT_AJ	11696
UNIQUE_UNLOCK_VANITY_2H_LUTE_AJ	11697
UNIQUE_VANITY_2H_LUTE_AJ	11698
UNIQUE_UNLOCK_VANITY_2H_LUTE_MAGNIFICENT_AJ	11699
UNIQUE_VANITY_2H_LUTE_MAGNIFICENT_AJ	11700
UNIQUE_AVATARRING_AJ_PVP_01	11701
UNIQUE_AVATAR_AJ_PVP_01	11702
UNIQUE_UNLOCK_SKIN_DIREWOLF_SHADOW_AJ	11703
SKIN_DIREWOLF_SHADOW_AJ	11704
UNIQUE_UNLOCK_HEAD_VANITY_SHADOW_HELMET_ORANGE_AJ	11705
UNIQUE_HEAD_VANITY_SHADOW_HELMET_ORANGE_AJ	11706
UNIQUE_UNLOCK_HEAD_VANITY_SHADOW_HELMET_RED_AJ	11707
UNIQUE_HEAD_VANITY_SHADOW_HELMET_RED_AJ	11708
UNIQUE_AVATARRING_AJ_GUILD_01	11709
UNIQUE_AVATAR_AJ_GUILD_01	11710
UNIQUE_UNLOCK_SKIN_ARMORED_HORSE_JOUSTING_GUILD_AJ	11711
SKIN_ARMORED_HORSE_JOUSTING_GUILD_AJ	11712
UNIQUE_UNLOCK_VANITY_2H_BANNER_GUIDON_AJ	11713
UNIQUE_VANITY_2H_BANNER_GUIDON_AJ	11714
UNIQUE_UNLOCK_VANITY_2H_BANNER_GUIDON_GOLDEN_AJ	11715
UNIQUE_VANITY_2H_BANNER_GUIDON_GOLDEN_AJ	11716
UNIQUE_AVATARRING_AJ_CREATURES_01	11717
UNIQUE_AVATAR_AJ_CREATURES_01	11718
UNIQUE_UNLOCK_SKIN_LIZARD_DRAKE_AJ	11719
SKIN_LIZARD_DRAKE_AJ	11720
UNIQUE_UNLOCK_VANITY_2H_SKULL_UNDEAD_AJ	11721
UNIQUE_VANITY_2H_SKULL_UNDEAD_AJ	11722
UNIQUE_UNLOCK_VANITY_2H_SKULL_DEMON_AJ	11723
UNIQUE_VANITY_2H_SKULL_DEMON_GOLDEN_AJ	11724
UNIQUE_AVATAR_AJ_CHARACTER_PROGRESSION_01	11725
UNIQUE_AVATARRING_AJ_CHARACTER_PROGRESSION_01	11726
UNIQUE_UNLOCK_HEAD_VANITY_DESTINY_STONES_AJ	11727
UNIQUE_HEAD_VANITY_DESTINY_STONES_AJ	11728
UNIQUE_UNLOCK_SKIN_GIANTSTAG_SPIRITBEAST_AJ	11729
SKIN_GIANTSTAG_SPIRITBEAST_AJ	11730
UNIQUE_UNLOCK_HEAD_VANITY_DESTINY_STONES_ADVANCED_AJ	11731
UNIQUE_HEAD_VANITY_DESTINY_STONES_ADVANCED_AJ	11732
UNIQUE_UNLOCK_LORE_KEEPER_01	11733
UNIQUE_UNLOCK_LORE_KEEPER_02	11734
UNIQUE_UNLOCK_LORE_KEEPER_03	11735
UNIQUE_UNLOCK_LORE_KEEPER_04	11736
UNIQUE_UNLOCK_LORE_KEEPER_05	11737
UNIQUE_UNLOCK_LORE_KEEPER_06	11738
UNIQUE_UNLOCK_LORE_KEEPER_07	11739
UNIQUE_UNLOCK_LORE_KEEPER_13	11740
T4_SIEGE_BANNER	11747
T5_SIEGE_BANNER	11748
T6_SIEGE_BANNER	11749
T7_SIEGE_BANNER	11750
T8_SIEGE_BANNER	11751
UNIQUE_FURNITUREITEM_KILLTROPHY_OPENWORLD_LARGE	11752
UNIQUE_FURNITUREITEM_KILLTROPHY_OPENWORLD_MEDIUM	11753
UNIQUE_FURNITUREITEM_KILLTROPHY_OPENWORLD_SMALL	11754
UNIQUE_FURNITUREITEM_KILLTROPHY_MISTS_LARGE	11755
UNIQUE_FURNITUREITEM_KILLTROPHY_MISTS_MEDIUM	11756
UNIQUE_FURNITUREITEM_KILLTROPHY_MISTS_SMALL	11757
UNIQUE_FURNITUREITEM_KILLTROPHY_HELL_LARGE	11758
UNIQUE_FURNITUREITEM_KILLTROPHY_HELL_MEDIUM	11759
UNIQUE_FURNITUREITEM_KILLTROPHY_HELL_SMALL	11760
T2_JOURNAL_WOOD_EMPTY	11806
T2_JOURNAL_WOOD_FULL	11807
T3_JOURNAL_WOOD_EMPTY	11808
T3_JOURNAL_WOOD_FULL	11809
T4_JOURNAL_WOOD_EMPTY	11810
T4_JOURNAL_WOOD_FULL	11811
T5_JOURNAL_WOOD_EMPTY	11812
T5_JOURNAL_WOOD_FULL	11813
T6_JOURNAL_WOOD_EMPTY	11814
T6_JOURNAL_WOOD_FULL	11815
T7_JOURNAL_WOOD_EMPTY	11816
T7_JOURNAL_WOOD_FULL	11817
T8_JOURNAL_WOOD_EMPTY	11818
T8_JOURNAL_WOOD_FULL	11819
T2_JOURNAL_STONE_EMPTY	11820
T2_JOURNAL_STONE_FULL	11821
T3_JOURNAL_STONE_EMPTY	11822
T3_JOURNAL_STONE_FULL	11823
T4_JOURNAL_STONE_EMPTY	11824
T4_JOURNAL_STONE_FULL	11825
T5_JOURNAL_STONE_EMPTY	11826
T5_JOURNAL_STONE_FULL	11827
T6_JOURNAL_STONE_EMPTY	11828
T6_JOURNAL_STONE_FULL	11829
T7_JOURNAL_STONE_EMPTY	11830
T7_JOURNAL_STONE_FULL	11831
T8_JOURNAL_STONE_EMPTY	11832
T8_JOURNAL_STONE_FULL	11833
T2_JOURNAL_ORE_EMPTY	11834
T2_JOURNAL_ORE_FULL	11835
T3_JOURNAL_ORE_EMPTY	11836
T3_JOURNAL_ORE_FULL	11837
T4_JOURNAL_ORE_EMPTY	11838
T4_JOURNAL_ORE_FULL	11839
T5_JOURNAL_ORE_EMPTY	11840
T5_JOURNAL_ORE_FULL	11841
T6_JOURNAL_ORE_EMPTY	11842
T6_JOURNAL_ORE_FULL	11843
T7_JOURNAL_ORE_EMPTY	11844
T7_JOURNAL_ORE_FULL	11845
T8_JOURNAL_ORE_EMPTY	11846
T8_JOURNAL_ORE_FULL	11847
T2_JOURNAL_FIBER_EMPTY	11848
T2_JOURNAL_FIBER_FULL	11849
T3_JOURNAL_FIBER_EMPTY	11850
T3_JOURNAL_FIBER_FULL	11851
T4_JOURNAL_FIBER_EMPTY	11852
T4_JOURNAL_FIBER_FULL	11853
T5_JOURNAL_FIBER_EMPTY	11854
T5_JOURNAL_FIBER_FULL	11855
T6_JOURNAL_FIBER_EMPTY	11856
T6_JOURNAL_FIBER_FULL	11857
T7_JOURNAL_FIBER_EMPTY	11858
T7_JOURNAL_FIBER_FULL	11859
T8_JOURNAL_FIBER_EMPTY	11860
T8_JOURNAL_FIBER_FULL	11861
T2_JOURNAL_HIDE_EMPTY	11862
T2_JOURNAL_HIDE_FULL	11863
T3_JOURNAL_HIDE_EMPTY	11864
T3_JOURNAL_HIDE_FULL	11865
T4_JOURNAL_HIDE_EMPTY	11866
T4_JOURNAL_HIDE_FULL	11867
T5_JOURNAL_HIDE_EMPTY	11868
T5_JOURNAL_HIDE_FULL	11869
T6_JOURNAL_HIDE_EMPTY	11870
T6_JOURNAL_HIDE_FULL	11871
T7_JOURNAL_HIDE_EMPTY	11872
T7_JOURNAL_HIDE_FULL	11873
T8_JOURNAL_HIDE_EMPTY	11874
T8_JOURNAL_HIDE_FULL	11875
T2_JOURNAL_WARRIOR_EMPTY	11876
T2_JOURNAL_WARRIOR_FULL	11877
T3_JOURNAL_WARRIOR_EMPTY	11878
T3_JOURNAL_WARRIOR_FULL	11879
T4_JOURNAL_WARRIOR_EMPTY	11880
T4_JOURNAL_WARRIOR_FULL	11881
T5_JOURNAL_WARRIOR_EMPTY	11882
T5_JOURNAL_WARRIOR_FULL	11883
T6_JOURNAL_WARRIOR_EMPTY	11884
T6_JOURNAL_WARRIOR_FULL	11885
T7_JOURNAL_WARRIOR_EMPTY	11886
T7_JOURNAL_WARRIOR_FULL	11887
T8_JOURNAL_WARRIOR_EMPTY	11888
T8_JOURNAL_WARRIOR_FULL	11889
T2_JOURNAL_HUNTER_EMPTY	11890
T2_JOURNAL_HUNTER_FULL	11891
T3_JOURNAL_HUNTER_EMPTY	11892
T3_JOURNAL_HUNTER_FULL	11893
T4_JOURNAL_HUNTER_EMPTY	11894
T4_JOURNAL_HUNTER_FULL	11895
T5_JOURNAL_HUNTER_EMPTY	11896
T5_JOURNAL_HUNTER_FULL	11897
T6_JOURNAL_HUNTER_EMPTY	11898
T6_JOURNAL_HUNTER_FULL	11899
T7_JOURNAL_HUNTER_EMPTY	11900
T7_JOURNAL_HUNTER_FULL	11901
T8_JOURNAL_HUNTER_EMPTY	11902
T8_JOURNAL_HUNTER_FULL	11903
T2_JOURNAL_MAGE_EMPTY	11904
T2_JOURNAL_MAGE_FULL	11905
T3_JOURNAL_MAGE_EMPTY	11906
T3_JOURNAL_MAGE_FULL	11907
T4_JOURNAL_MAGE_EMPTY	11908
T4_JOURNAL_MAGE_FULL	11909
T5_JOURNAL_MAGE_EMPTY	11910
T5_JOURNAL_MAGE_FULL	11911
T6_JOURNAL_MAGE_EMPTY	11912
T6_JOURNAL_MAGE_FULL	11913
T7_JOURNAL_MAGE_EMPTY	11914
T7_JOURNAL_MAGE_FULL	11915
T8_JOURNAL_MAGE_EMPTY	11916
T8_JOURNAL_MAGE_FULL	11917
T2_JOURNAL_TOOLMAKER_EMPTY	11918
T2_JOURNAL_TOOLMAKER_FULL	11919
T3_JOURNAL_TOOLMAKER_EMPTY	11920
T3_JOURNAL_TOOLMAKER_FULL	11921
T4_JOURNAL_TOOLMAKER_EMPTY	11922
T4_JOURNAL_TOOLMAKER_FULL	11923
T5_JOURNAL_TOOLMAKER_EMPTY	11924
T5_JOURNAL_TOOLMAKER_FULL	11925
T6_JOURNAL_TOOLMAKER_EMPTY	11926
T6_JOURNAL_TOOLMAKER_FULL	11927
T7_JOURNAL_TOOLMAKER_EMPTY	11928
T7_JOURNAL_TOOLMAKER_FULL	11929
T8_JOURNAL_TOOLMAKER_EMPTY	11930
T8_JOURNAL_TOOLMAKER_FULL	11931
T2_JOURNAL_MERCENARY_EMPTY	11932
T2_JOURNAL_MERCENARY_FULL	11933
T3_JOURNAL_MERCENARY_EMPTY	11934
T3_JOURNAL_MERCENARY_FULL	11935
T4_JOURNAL_MERCENARY_EMPTY	11936
T4_JOURNAL_MERCENARY_FULL	11937
T5_JOURNAL_MERCENARY_EMPTY	11938
T5_JOURNAL_MERCENARY_FULL	11939
T6_JOURNAL_MERCENARY_EMPTY	11940
T6_JOURNAL_MERCENARY_FULL	11941
T7_JOURNAL_MERCENARY_EMPTY	11942
T7_JOURNAL_MERCENARY_FULL	11943
T8_JOURNAL_MERCENARY_EMPTY	11944
T8_JOURNAL_MERCENARY_FULL	11945
T2_JOURNAL_TROPHY_GENERAL_EMPTY	11946
T2_JOURNAL_TROPHY_GENERAL_FULL	11947
T3_JOURNAL_TROPHY_GENERAL_EMPTY	11948
T3_JOURNAL_TROPHY_GENERAL_FULL	11949
T4_JOURNAL_TROPHY_GENERAL_EMPTY	11950
T4_JOURNAL_TROPHY_GENERAL_FULL	11951
T5_JOURNAL_TROPHY_GENERAL_EMPTY	11952
T5_JOURNAL_TROPHY_GENERAL_FULL	11953
T6_JOURNAL_TROPHY_GENERAL_EMPTY	11954
T6_JOURNAL_TROPHY_GENERAL_FULL	11955
T7_JOURNAL_TROPHY_GENERAL_EMPTY	11956
T7_JOURNAL_TROPHY_GENERAL_FULL	11957
T8_JOURNAL_TROPHY_GENERAL_EMPTY	11958
T8_JOURNAL_TROPHY_GENERAL_FULL	11959
T2_JOURNAL_TROPHY_MERCENARY_EMPTY	11960
T2_JOURNAL_TROPHY_MERCENARY_FULL	11961
T3_JOURNAL_TROPHY_MERCENARY_EMPTY	11962
T3_JOURNAL_TROPHY_MERCENARY_FULL	11963
T4_JOURNAL_TROPHY_MERCENARY_EMPTY	11964
T4_JOURNAL_TROPHY_MERCENARY_FULL	11965
T5_JOURNAL_TROPHY_MERCENARY_EMPTY	11966
T5_JOURNAL_TROPHY_MERCENARY_FULL	11967
T6_JOURNAL_TROPHY_MERCENARY_EMPTY	11968
T6_JOURNAL_TROPHY_MERCENARY_FULL	11969
T7_JOURNAL_TROPHY_MERCENARY_EMPTY	11970
T7_JOURNAL_TROPHY_MERCENARY_FULL	11971
T8_JOURNAL_TROPHY_MERCENARY_EMPTY	11972
T8_JOURNAL_TROPHY_MERCENARY_FULL	11973
T2_JOURNAL_TROPHY_HIDE_EMPTY	11974
T2_JOURNAL_TROPHY_HIDE_FULL	11975
T3_JOURNAL_TROPHY_HIDE_EMPTY	11976
T3_JOURNAL_TROPHY_HIDE_FULL	11977
T4_JOURNAL_TROPHY_HIDE_EMPTY	11978
T4_JOURNAL_TROPHY_HIDE_FULL	11979
T5_JOURNAL_TROPHY_HIDE_EMPTY	11980
T5_JOURNAL_TROPHY_HIDE_FULL	11981
T6_JOURNAL_TROPHY_HIDE_EMPTY	11982
T6_JOURNAL_TROPHY_HIDE_FULL	11983
T7_JOURNAL_TROPHY_HIDE_EMPTY	11984
T7_JOURNAL_TROPHY_HIDE_FULL	11985
T8_JOURNAL_TROPHY_HIDE_EMPTY	11986
T8_JOURNAL_TROPHY_HIDE_FULL	11987
T2_JOURNAL_TROPHY_WOOD_EMPTY	11988
T2_JOURNAL_TROPHY_WOOD_FULL	11989
T3_JOURNAL_TROPHY_WOOD_EMPTY	11990
T3_JOURNAL_TROPHY_WOOD_FULL	11991
T4_JOURNAL_TROPHY_WOOD_EMPTY	11992
T4_JOURNAL_TROPHY_WOOD_FULL	11993
T5_JOURNAL_TROPHY_WOOD_EMPTY	11994
T5_JOURNAL_TROPHY_WOOD_FULL	11995
T6_JOURNAL_TROPHY_WOOD_EMPTY	11996
T6_JOURNAL_TROPHY_WOOD_FULL	11997
T7_JOURNAL_TROPHY_WOOD_EMPTY	11998
T7_JOURNAL_TROPHY_WOOD_FULL	11999
T8_JOURNAL_TROPHY_WOOD_EMPTY	12000
T8_JOURNAL_TROPHY_WOOD_FULL	12001
T2_JOURNAL_TROPHY_STONE_EMPTY	12002
T2_JOURNAL_TROPHY_STONE_FULL	12003
T3_JOURNAL_TROPHY_STONE_EMPTY	12004
T3_JOURNAL_TROPHY_STONE_FULL	12005
T4_JOURNAL_TROPHY_STONE_EMPTY	12006
T4_JOURNAL_TROPHY_STONE_FULL	12007
T5_JOURNAL_TROPHY_STONE_EMPTY	12008
T5_JOURNAL_TROPHY_STONE_FULL	12009
T6_JOURNAL_TROPHY_STONE_EMPTY	12010
T6_JOURNAL_TROPHY_STONE_FULL	12011
T7_JOURNAL_TROPHY_STONE_EMPTY	12012
T7_JOURNAL_TROPHY_STONE_FULL	12013
T8_JOURNAL_TROPHY_STONE_EMPTY	12014
T8_JOURNAL_TROPHY_STONE_FULL	12015
T2_JOURNAL_TROPHY_ORE_EMPTY	12016
T2_JOURNAL_TROPHY_ORE_FULL	12017
T3_JOURNAL_TROPHY_ORE_EMPTY	12018
T3_JOURNAL_TROPHY_ORE_FULL	12019
T4_JOURNAL_TROPHY_ORE_EMPTY	12020
T4_JOURNAL_TROPHY_ORE_FULL	12021
T5_JOURNAL_TROPHY_ORE_EMPTY	12022
T5_JOURNAL_TROPHY_ORE_FULL	12023
T6_JOURNAL_TROPHY_ORE_EMPTY	12024
T6_JOURNAL_TROPHY_ORE_FULL	12025
T7_JOURNAL_TROPHY_ORE_EMPTY	12026
T7_JOURNAL_TROPHY_ORE_FULL	12027
T8_JOURNAL_TROPHY_ORE_EMPTY	12028
T8_JOURNAL_TROPHY_ORE_FULL	12029
T2_JOURNAL_TROPHY_FIBER_EMPTY	12030
T2_JOURNAL_TROPHY_FIBER_FULL	12031
T3_JOURNAL_TROPHY_FIBER_EMPTY	12032
T3_JOURNAL_TROPHY_FIBER_FULL	12033
T4_JOURNAL_TROPHY_FIBER_EMPTY	12034
T4_JOURNAL_TROPHY_FIBER_FULL	12035
T5_JOURNAL_TROPHY_FIBER_EMPTY	12036
T5_JOURNAL_TROPHY_FIBER_FULL	12037
T6_JOURNAL_TROPHY_FIBER_EMPTY	12038
T6_JOURNAL_TROPHY_FIBER_FULL	12039
T7_JOURNAL_TROPHY_FIBER_EMPTY	12040
T7_JOURNAL_TROPHY_FIBER_FULL	12041
T8_JOURNAL_TROPHY_FIBER_EMPTY	12042
T8_JOURNAL_TROPHY_FIBER_FULL	12043
T2_JOURNAL_TROPHY_FISHING_EMPTY	12044
T2_JOURNAL_TROPHY_FISHING_FULL	12045
T3_JOURNAL_TROPHY_FISHING_EMPTY	12046
T3_JOURNAL_TROPHY_FISHING_FULL	12047
T4_JOURNAL_TROPHY_FISHING_EMPTY	12048
T4_JOURNAL_TROPHY_FISHING_FULL	12049
T5_JOURNAL_TROPHY_FISHING_EMPTY	12050
T5_JOURNAL_TROPHY_FISHING_FULL	12051
T6_JOURNAL_TROPHY_FISHING_EMPTY	12052
T6_JOURNAL_TROPHY_FISHING_FULL	12053
T7_JOURNAL_TROPHY_FISHING_EMPTY	12054
T7_JOURNAL_TROPHY_FISHING_FULL	12055
T8_JOURNAL_TROPHY_FISHING_EMPTY	12056
T8_JOURNAL_TROPHY_FISHING_FULL	12057
T2_JOURNAL_FISHING_EMPTY	12058
T2_JOURNAL_FISHING_FULL	12059
T3_JOURNAL_FISHING_EMPTY	12060
T3_JOURNAL_FISHING_FULL	12061
T4_JOURNAL_FISHING_EMPTY	12062
T4_JOURNAL_FISHING_FULL	12063
T5_JOURNAL_FISHING_EMPTY	12064
T5_JOURNAL_FISHING_FULL	12065
T6_JOURNAL_FISHING_EMPTY	12066
T6_JOURNAL_FISHING_FULL	12067
T7_JOURNAL_FISHING_EMPTY	12068
T7_JOURNAL_FISHING_FULL	12069
T8_JOURNAL_FISHING_EMPTY	12070
T8_JOURNAL_FISHING_FULL	12071
