# normalized display name	exact unenchanted UniqueName
# Generated from formatted-items.txt; used for market_history demand lookups.
# entries=5092
"tame" caerleon cottontail	T8_FARM_RABBIT_EASTER_GROWN_DARK
1st place statue - energy surge season	UNIQUE_FURNITUREITEM_GVG_SEASON_ENERGY_RUSH_1ST
1st place statue - season 10	UNIQUE_FURNITUREITEM_GVG_SEASON_10_1ST
1st place statue - season 11	UNIQUE_FURNITUREITEM_GVG_SEASON_11_1ST
1st place statue - season 12	UNIQUE_FURNITUREITEM_GVG_SEASON_12_1ST
1st place statue - season 13	UNIQUE_FURNITUREITEM_GVG_SEASON_13_1ST
1st place statue - season 14	UNIQUE_FURNITUREITEM_GVG_SEASON_14_1ST
1st place statue - season 15	UNIQUE_FURNITUREITEM_GVG_SEASON_15_1ST
1st place statue - season 16	UNIQUE_FURNITUREITEM_GVG_SEASON_16_1ST
1st place statue - season 17	UNIQUE_FURNITUREITEM_GVG_SEASON_17_1ST
1st place statue - season 18	UNIQUE_FURNITUREITEM_GVG_SEASON_18_1ST
1st place statue - season 9	UNIQUE_FURNITUREITEM_GVG_SEASON_09_1ST
1v1 arena chest - bronze i	T5_LOOTBAG_1V1_ARENA_RANK_UP_BRONZE1
1v1 arena chest - bronze ii	T5_LOOTBAG_1V1_ARENA_RANK_UP_BRONZE2
1v1 arena chest - bronze iii	T5_LOOTBAG_1V1_ARENA_RANK_UP_BRONZE3
1v1 arena chest - bronze iv	T5_LOOTBAG_1V1_ARENA_RANK_UP_BRONZE4
1v1 arena chest - crystal	T8_LOOTBAG_1V1_ARENA_RANK_UP_CRYSTAL
1v1 arena chest - gold i	T7_LOOTBAG_1V1_ARENA_RANK_UP_GOLD1
1v1 arena chest - gold ii	T7_LOOTBAG_1V1_ARENA_RANK_UP_GOLD2
1v1 arena chest - gold iii	T7_LOOTBAG_1V1_ARENA_RANK_UP_GOLD3
1v1 arena chest - gold iv	T7_LOOTBAG_1V1_ARENA_RANK_UP_GOLD4
1v1 arena chest - iron ii	T4_LOOTBAG_1V1_ARENA_RANK_UP_IRON2
1v1 arena chest - iron iii	T4_LOOTBAG_1V1_ARENA_RANK_UP_IRON3
1v1 arena chest - iron iv	T4_LOOTBAG_1V1_ARENA_RANK_UP_IRON4
1v1 arena chest - silver i	T6_LOOTBAG_1V1_ARENA_RANK_UP_SILVER1
1v1 arena chest - silver ii	T6_LOOTBAG_1V1_ARENA_RANK_UP_SILVER2
1v1 arena chest - silver iii	T6_LOOTBAG_1V1_ARENA_RANK_UP_SILVER3
1v1 arena chest - silver iv	T6_LOOTBAG_1V1_ARENA_RANK_UP_SILVER4
1v1 premium victory pouch (bronze i)	T3_LOOTBAG_1V1_ARENA_WIN_PREMIUM_BRONZE1
1v1 premium victory pouch (bronze ii)	T3_LOOTBAG_1V1_ARENA_WIN_PREMIUM_BRONZE2
1v1 premium victory pouch (bronze iii)	T3_LOOTBAG_1V1_ARENA_WIN_PREMIUM_BRONZE3
1v1 premium victory pouch (bronze iv)	T3_LOOTBAG_1V1_ARENA_WIN_PREMIUM_BRONZE4
1v1 premium victory pouch (crystal)	T3_LOOTBAG_1V1_ARENA_WIN_PREMIUM_CRYSTAL
1v1 premium victory pouch (gold i)	T3_LOOTBAG_1V1_ARENA_WIN_PREMIUM_GOLD1
1v1 premium victory pouch (gold ii)	T3_LOOTBAG_1V1_ARENA_WIN_PREMIUM_GOLD2
1v1 premium victory pouch (gold iii)	T3_LOOTBAG_1V1_ARENA_WIN_PREMIUM_GOLD3
1v1 premium victory pouch (gold iv)	T3_LOOTBAG_1V1_ARENA_WIN_PREMIUM_GOLD4
1v1 premium victory pouch (iron i)	T3_LOOTBAG_1V1_ARENA_WIN_PREMIUM_IRON1
1v1 premium victory pouch (iron ii)	T3_LOOTBAG_1V1_ARENA_WIN_PREMIUM_IRON2
1v1 premium victory pouch (iron iii)	T3_LOOTBAG_1V1_ARENA_WIN_PREMIUM_IRON3
1v1 premium victory pouch (iron iv)	T3_LOOTBAG_1V1_ARENA_WIN_PREMIUM_IRON4
1v1 premium victory pouch (silver i)	T3_LOOTBAG_1V1_ARENA_WIN_PREMIUM_SILVER1
1v1 premium victory pouch (silver ii)	T3_LOOTBAG_1V1_ARENA_WIN_PREMIUM_SILVER2
1v1 premium victory pouch (silver iii)	T3_LOOTBAG_1V1_ARENA_WIN_PREMIUM_SILVER3
1v1 premium victory pouch (silver iv)	T3_LOOTBAG_1V1_ARENA_WIN_PREMIUM_SILVER4
1v1 victory pouch (bronze i)	T2_LOOTBAG_1V1_ARENA_WIN_BASIC_BRONZE1
1v1 victory pouch (bronze ii)	T2_LOOTBAG_1V1_ARENA_WIN_BASIC_BRONZE2
1v1 victory pouch (bronze iii)	T2_LOOTBAG_1V1_ARENA_WIN_BASIC_BRONZE3
1v1 victory pouch (bronze iv)	T2_LOOTBAG_1V1_ARENA_WIN_BASIC_BRONZE4
1v1 victory pouch (crystal)	T2_LOOTBAG_1V1_ARENA_WIN_BASIC_CRYSTAL
1v1 victory pouch (gold i)	T2_LOOTBAG_1V1_ARENA_WIN_BASIC_GOLD1
1v1 victory pouch (gold ii)	T2_LOOTBAG_1V1_ARENA_WIN_BASIC_GOLD2
1v1 victory pouch (gold iii)	T2_LOOTBAG_1V1_ARENA_WIN_BASIC_GOLD3
1v1 victory pouch (gold iv)	T2_LOOTBAG_1V1_ARENA_WIN_BASIC_GOLD4
1v1 victory pouch (iron i)	T2_LOOTBAG_1V1_ARENA_WIN_BASIC_IRON1
1v1 victory pouch (iron ii)	T2_LOOTBAG_1V1_ARENA_WIN_BASIC_IRON2
1v1 victory pouch (iron iii)	T2_LOOTBAG_1V1_ARENA_WIN_BASIC_IRON3
1v1 victory pouch (iron iv)	T2_LOOTBAG_1V1_ARENA_WIN_BASIC_IRON4
1v1 victory pouch (silver i)	T2_LOOTBAG_1V1_ARENA_WIN_BASIC_SILVER1
1v1 victory pouch (silver ii)	T2_LOOTBAG_1V1_ARENA_WIN_BASIC_SILVER2
1v1 victory pouch (silver iii)	T2_LOOTBAG_1V1_ARENA_WIN_BASIC_SILVER3
1v1 victory pouch (silver iv)	T2_LOOTBAG_1V1_ARENA_WIN_BASIC_SILVER4
2nd place statue - energy surge season	UNIQUE_FURNITUREITEM_GVG_SEASON_ENERGY_RUSH_2ND
2nd place statue - season 10	UNIQUE_FURNITUREITEM_GVG_SEASON_10_2ND
2nd place statue - season 11	UNIQUE_FURNITUREITEM_GVG_SEASON_11_2ND
2nd place statue - season 12	UNIQUE_FURNITUREITEM_GVG_SEASON_12_2ND
2nd place statue - season 13	UNIQUE_FURNITUREITEM_GVG_SEASON_13_2ND
2nd place statue - season 14	UNIQUE_FURNITUREITEM_GVG_SEASON_14_2ND
2nd place statue - season 15	UNIQUE_FURNITUREITEM_GVG_SEASON_15_2ND
2nd place statue - season 16	UNIQUE_FURNITUREITEM_GVG_SEASON_16_2ND
2nd place statue - season 17	UNIQUE_FURNITUREITEM_GVG_SEASON_17_2ND
2nd place statue - season 18	UNIQUE_FURNITUREITEM_GVG_SEASON_18_2ND
2nd place statue - season 9	UNIQUE_FURNITUREITEM_GVG_SEASON_09_2ND
3rd place statue - energy surge season	UNIQUE_FURNITUREITEM_GVG_SEASON_ENERGY_RUSH_3RD
3rd place statue - season 10	UNIQUE_FURNITUREITEM_GVG_SEASON_10_3RD
3rd place statue - season 11	UNIQUE_FURNITUREITEM_GVG_SEASON_11_3RD
3rd place statue - season 12	UNIQUE_FURNITUREITEM_GVG_SEASON_12_3RD
3rd place statue - season 13	UNIQUE_FURNITUREITEM_GVG_SEASON_13_3RD
3rd place statue - season 14	UNIQUE_FURNITUREITEM_GVG_SEASON_14_3RD
3rd place statue - season 15	UNIQUE_FURNITUREITEM_GVG_SEASON_15_3RD
3rd place statue - season 16	UNIQUE_FURNITUREITEM_GVG_SEASON_16_3RD
3rd place statue - season 17	UNIQUE_FURNITUREITEM_GVG_SEASON_17_3RD
3rd place statue - season 18	UNIQUE_FURNITUREITEM_GVG_SEASON_18_3RD
3rd place statue - season 9	UNIQUE_FURNITUREITEM_GVG_SEASON_09_3RD
abyssal memento	UNIQUE_FURNITUREITEM_KILLTROPHY_HELL_LARGE
academic biretta	UNIQUE_VANITY_HEAD_TUTORIAL_COMPLETED_AJ
acid potion	T5_POTION_ACID
adamantium ore	T8_ORE
adamantium ore sample	T8_FURNITUREITEM_TROPHY_ORE
adamantium steel bar	T8_METALBAR
adept animal skinner tome	T4_SKILLBOOK_GATHER_HIDE
adept blacksmith contract	T4_LABOURER_CONTRACT_WARRIOR
adept blacksmith's journal (empty)	T4_JOURNAL_WARRIOR_EMPTY
adept blacksmith's journal (full)	T4_JOURNAL_WARRIOR_FULL
adept blacksmith's journal (partially full)	T4_JOURNAL_WARRIOR
adept cropper contract	T4_LABOURER_CONTRACT_FIBER
adept cropper's journal (empty)	T4_JOURNAL_FIBER_EMPTY
adept cropper's journal (full)	T4_JOURNAL_FIBER_FULL
adept cropper's journal (partially full)	T4_JOURNAL_FIBER
adept cropper's trophy journal (empty)	T4_JOURNAL_TROPHY_FIBER_EMPTY
adept cropper's trophy journal (full)	T4_JOURNAL_TROPHY_FIBER_FULL
adept cropper's trophy journal (partially full)	T4_JOURNAL_TROPHY_FIBER
adept fiber harvester tome	T4_SKILLBOOK_GATHER_FIBER
adept fisherman contract	T4_LABOURER_CONTRACT_FISHERMAN
adept fisherman's journal (empty)	T4_JOURNAL_FISHING_EMPTY
adept fisherman's journal (full)	T4_JOURNAL_FISHING_FULL
adept fisherman's journal (partially full)	T4_JOURNAL_FISHING
adept fisherman's trophy journal (empty)	T4_JOURNAL_TROPHY_FISHING_EMPTY
adept fisherman's trophy journal (full)	T4_JOURNAL_TROPHY_FISHING_FULL
adept fisherman's trophy journal (partially full)	T4_JOURNAL_TROPHY_FISHING
adept fletcher contract	T4_LABOURER_CONTRACT_HUNTER
adept fletcher's journal (empty)	T4_JOURNAL_HUNTER_EMPTY
adept fletcher's journal (full)	T4_JOURNAL_HUNTER_FULL
adept fletcher's journal (partially full)	T4_JOURNAL_HUNTER
adept gamekeeper contract	T4_LABOURER_CONTRACT_HIDE
adept gamekeeper's journal (empty)	T4_JOURNAL_HIDE_EMPTY
adept gamekeeper's journal (full)	T4_JOURNAL_HIDE_FULL
adept gamekeeper's journal (partially full)	T4_JOURNAL_HIDE
adept gamekeeper's trophy journal (empty)	T4_JOURNAL_TROPHY_HIDE_EMPTY
adept gamekeeper's trophy journal (full)	T4_JOURNAL_TROPHY_HIDE_FULL
adept gamekeeper's trophy journal (partially full)	T4_JOURNAL_TROPHY_HIDE
adept imbuer contract	T4_LABOURER_CONTRACT_MAGE
adept imbuer's journal (empty)	T4_JOURNAL_MAGE_EMPTY
adept imbuer's journal (full)	T4_JOURNAL_MAGE_FULL
adept imbuer's journal (partially full)	T4_JOURNAL_MAGE
adept lumberjack contract	T4_LABOURER_CONTRACT_WOOD
adept lumberjack tome	T4_SKILLBOOK_GATHER_WOOD
adept lumberjack's journal (empty)	T4_JOURNAL_WOOD_EMPTY
adept lumberjack's journal (full)	T4_JOURNAL_WOOD_FULL
adept lumberjack's journal (partially full)	T4_JOURNAL_WOOD
adept lumberjack's trophy journal (empty)	T4_JOURNAL_TROPHY_WOOD_EMPTY
adept lumberjack's trophy journal (full)	T4_JOURNAL_TROPHY_WOOD_FULL
adept lumberjack's trophy journal (partially full)	T4_JOURNAL_TROPHY_WOOD
adept mercenary contract	T4_LABOURER_CONTRACT_MERCENARY
adept mercenary's journal (empty)	T4_JOURNAL_MERCENARY_EMPTY
adept mercenary's journal (full)	T4_JOURNAL_MERCENARY_FULL
adept mercenary's journal (partially full)	T4_JOURNAL_MERCENARY
adept mercenary's trophy	T4_FURNITUREITEM_TROPHY_MERCENARY
adept mercenary's trophy journal (empty)	T4_JOURNAL_TROPHY_MERCENARY_EMPTY
adept mercenary's trophy journal (full)	T4_JOURNAL_TROPHY_MERCENARY_FULL
adept mercenary's trophy journal (partially full)	T4_JOURNAL_TROPHY_MERCENARY
adept ore miner tome	T4_SKILLBOOK_GATHER_ORE
adept prospector contract	T4_LABOURER_CONTRACT_ORE
adept prospector's journal (empty)	T4_JOURNAL_ORE_EMPTY
adept prospector's journal (full)	T4_JOURNAL_ORE_FULL
adept prospector's journal (partially full)	T4_JOURNAL_ORE
adept prospector's trophy journal (empty)	T4_JOURNAL_TROPHY_ORE_EMPTY
adept prospector's trophy journal (full)	T4_JOURNAL_TROPHY_ORE_FULL
adept prospector's trophy journal (partially full)	T4_JOURNAL_TROPHY_ORE
adept quarrier tome	T4_SKILLBOOK_GATHER_ROCK
adept stonecutter contract	T4_LABOURER_CONTRACT_STONE
adept stonecutter's journal (empty)	T4_JOURNAL_STONE_EMPTY
adept stonecutter's journal (full)	T4_JOURNAL_STONE_FULL
adept stonecutter's journal (partially full)	T4_JOURNAL_STONE
adept stonecutter's trophy journal (empty)	T4_JOURNAL_TROPHY_STONE_EMPTY
adept stonecutter's trophy journal (full)	T4_JOURNAL_TROPHY_STONE_FULL
adept stonecutter's trophy journal (partially full)	T4_JOURNAL_TROPHY_STONE
adept tinker contract	T4_LABOURER_CONTRACT_TOOLMAKER
adept tinker's journal (empty)	T4_JOURNAL_TOOLMAKER_EMPTY
adept tinker's journal (full)	T4_JOURNAL_TOOLMAKER_FULL
adept tinker's journal (partially full)	T4_JOURNAL_TOOLMAKER
adept's alluring amulet	T4_ARTEFACT_ARMOR_CLOTH_MORGANA
adept's alluring bindings	T4_ARTEFACT_SHOES_CLOTH_MORGANA
adept's alluring bolts	T4_ARTEFACT_2H_CROSSBOWLARGE_MORGANA
adept's alluring crystal	T4_ARTEFACT_OFF_ORB_MORGANA
adept's alluring padding	T4_ARTEFACT_HEAD_CLOTH_MORGANA
adept's ancient bindings	T4_ARTEFACT_SHOES_PLATE_UNDEAD
adept's ancient chain rings	T4_ARTEFACT_ARMOR_PLATE_UNDEAD
adept's ancient hammer head	T4_ARTEFACT_2H_HAMMER_UNDEAD
adept's ancient padding	T4_ARTEFACT_HEAD_PLATE_UNDEAD
adept's ancient shield core	T4_ARTEFACT_OFF_TOWERSHIELD_UNDEAD
adept's arcane essence	T4_ESSENCE_POTION
adept's arcane staff	T4_MAIN_ARCANESTAFF
adept's arclight blasters	T4_2H_DUALCROSSBOW_CRYSTAL
adept's arclight crystal	T4_ARTEFACT_2H_DUALCROSSBOW_CRYSTAL
adept's arctic staff	T4_2H_FROSTSTAFF_CRYSTAL
adept's armor of valor	T4_ARMOR_PLATE_AVALON
adept's assassin hood	T4_HEAD_LEATHER_SET3
adept's assassin jacket	T4_ARMOR_LEATHER_SET3
adept's assassin shoes	T4_SHOES_LEATHER_SET3
adept's astral aegis	T4_OFF_SHIELD_AVALON
adept's astral staff	T4_2H_ARCANESTAFF_CRYSTAL
adept's augured fasteners	T4_ARTEFACT_SHOES_LEATHER_AVALON
adept's augured padding	T4_ARTEFACT_HEAD_LEATHER_AVALON
adept's augured sash	T4_ARTEFACT_ARMOR_LEATHER_AVALON
adept's avalonian axe	T4_2H_TOOL_AXE_AVALON
adept's avalonian battle memoir	T4_ARTEFACT_2H_AXE_AVALON
adept's avalonian cape	T4_CAPEITEM_AVALON
adept's avalonian crest	T4_CAPEITEM_AVALON_BP
adept's avalonian fishing rod	T4_2H_TOOL_FISHINGROD_AVALON
adept's avalonian pickaxe	T4_2H_TOOL_PICK_AVALON
adept's avalonian shard	T4_SHARD_AVALONIAN
adept's avalonian sickle	T4_2H_TOOL_SICKLE_AVALON
adept's avalonian siege hammer	T4_2H_TOOL_SIEGEHAMMER_AVALON
adept's avalonian skinning knife	T4_2H_TOOL_KNIFE_AVALON
adept's avalonian stone hammer	T4_2H_TOOL_HAMMER_AVALON
adept's axe	T4_2H_TOOL_AXE
adept's bag	T4_BAG
adept's bag of silver	T4_SILVERBAG_NONTRADABLE
adept's battle bracers	T4_2H_KNUCKLES_SET2
adept's battleaxe	T4_MAIN_AXE
adept's bear paws	T4_2H_DUALAXE_KEEPER
adept's bed	T4_FURNITUREITEM_BED
adept's bedrock mace	T4_MAIN_ROCKMACE_KEEPER
adept's black hands	T4_2H_IRONGAUNTLETS_HELL
adept's black leather	T4_ARTEFACT_2H_IRONGAUNTLETS_HELL
adept's black monk staff	T4_2H_COMBATSTAFF_MORGANA
adept's blazing staff	T4_2H_INFERNOSTAFF_MORGANA
adept's blight staff	T4_2H_NATURESTAFF_HELL
adept's bloodforged blade	T4_ARTEFACT_MAIN_SCIMITAR_MORGANA
adept's bloodforged catalyst	T4_ARTEFACT_2H_CURSEDSTAFF_MORGANA
adept's bloodforged spikes	T4_ARTEFACT_OFF_SPIKEDSHIELD_MORGANA
adept's bloodletter	T4_MAIN_RAPIER_MORGANA
adept's bloodmoon staff	T4_2H_SHAPESHIFTER_MORGANA
adept's bloodstained antiquities	T4_ARTEFACT_2H_DAGGER_KATAR_AVALON
adept's blueflame crystal	T4_ARTEFACT_OFF_TORCH_CRYSTAL
adept's blueflame torch	T4_OFF_TORCH_CRYSTAL
adept's boltcasters	T4_2H_DUALCROSSBOW_HELL
adept's boots of valor	T4_SHOES_PLATE_AVALON
adept's bow	T4_2H_BOW
adept's bow of badon	T4_2H_BOW_KEEPER
adept's brawler gloves	T4_2H_KNUCKLES_SET1
adept's brecilien cape	T4_CAPEITEM_FW_BRECILIEN
adept's brecilien crest	T4_CAPEITEM_FW_BRECILIEN_BP
adept's bridgewatch cape	T4_CAPEITEM_FW_BRIDGEWATCH
adept's bridgewatch crest	T4_CAPEITEM_FW_BRIDGEWATCH_BP
adept's bridled fury	T4_2H_DAGGER_KATAR_AVALON
adept's brimstone staff	T4_2H_FIRESTAFF_HELL
adept's broadsword	T4_MAIN_SWORD
adept's broken demonic fang	T4_ARTEFACT_MAIN_DAGGER_HELL
adept's broken oaths	T4_ARTEFACT_2H_DUALMACE_AVALON
adept's burning orb	T4_ARTEFACT_2H_FIRESTAFF_HELL
adept's caerleon cape	T4_CAPEITEM_FW_CAERLEON
adept's caerleon crest	T4_CAPEITEM_FW_CAERLEON_BP
adept's caitiff shield	T4_OFF_SHIELD_HELL
adept's camlann mace	T4_2H_MACE_MORGANA
adept's cape	T4_CAPE
adept's carrioncaller	T4_2H_HALBERD_MORGANA
adept's carved bone	T4_ARTEFACT_2H_BOW_KEEPER
adept's carved skull padding	T4_ARTEFACT_HEAD_PLATE_KEEPER
adept's carving sword	T4_2H_CLEAVER_HELL
adept's celestial censer	T4_OFF_CENSER_AVALON
adept's chest	T4_FURNITUREITEM_CHEST
adept's chilled crystalline shard	T4_ARTEFACT_MAIN_FROSTSTAFF_AVALON
adept's chillhowl	T4_MAIN_FROSTSTAFF_AVALON
adept's clarent blade	T4_MAIN_SCIMITAR_MORGANA
adept's claws	T4_2H_CLAWPAIR
adept's claymore	T4_2H_CLAYMORE
adept's cleric cowl	T4_HEAD_CLOTH_SET2
adept's cleric robe	T4_ARMOR_CLOTH_SET2
adept's cleric sandals	T4_SHOES_CLOTH_SET2
adept's cowl of purity	T4_HEAD_CLOTH_AVALON
adept's crackling crystal	T4_ARTEFACT_2H_HAMMER_CRYSTAL
adept's crossbow	T4_2H_CROSSBOW
adept's crushed avalonian heirloom	T4_ARTEFACT_OFF_SHIELD_AVALON
adept's cryptcandle	T4_OFF_LAMP_UNDEAD
adept's crystal league chest	T4_LOOTCHEST_CRYSTAL_LEAGUE
adept's crystal reaper	T4_2H_SCYTHE_CRYSTAL
adept's crystal shard	T4_SHARD_CRYSTAL
adept's crystallized divinity	T4_ARTEFACT_TOKEN_FAVOR_4
adept's crystallized dread	T4_ARTEFACT_TOKEN_FAVOR_2
adept's crystallized magic	T4_ARTEFACT_TOKEN_FAVOR_3
adept's crystallized spirit	T4_ARTEFACT_TOKEN_FAVOR_1
adept's cultist cowl	T4_HEAD_CLOTH_MORGANA
adept's cultist robe	T4_ARMOR_CLOTH_MORGANA
adept's cultist sandals	T4_SHOES_CLOTH_MORGANA
adept's cursed barbs	T4_ARTEFACT_2H_TRIDENT_UNDEAD
adept's cursed blades	T4_ARTEFACT_2H_DUALSCIMITAR_UNDEAD
adept's cursed frozen crystal	T4_ARTEFACT_2H_ICECRYSTAL_UNDEAD
adept's cursed jawbone	T4_ARTEFACT_2H_SKULLORB_HELL
adept's cursed skull	T4_2H_SKULLORB_HELL
adept's cursed staff	T4_MAIN_CURSEDSTAFF
adept's dagger	T4_MAIN_DAGGER
adept's dagger pair	T4_2H_DAGGERPAIR
adept's damaged avalonian gauntlet	T4_ARTEFACT_2H_KNUCKLES_AVALON
adept's damnation staff	T4_2H_CURSEDSTAFF_MORGANA
adept's dawnbird remnant	T4_ARTEFACT_2H_SHAPESHIFTER_AVALON
adept's dawnsong	T4_2H_FIRE_RINGPAIR_AVALON
adept's daybreaker	T4_MAIN_SPEAR_LANCE_AVALON
adept's death-touched crystal	T4_ARTEFACT_2H_DAGGERPAIR_CRYSTAL
adept's deathgivers	T4_2H_DUALSICKLE_UNDEAD
adept's demon armor	T4_ARMOR_PLATE_HELL
adept's demon boots	T4_SHOES_PLATE_HELL
adept's demon cape	T4_CAPEITEM_DEMON
adept's demon crest	T4_CAPEITEM_DEMON_BP
adept's demon helmet	T4_HEAD_PLATE_HELL
adept's demonfang	T4_MAIN_DAGGER_HELL
adept's demonhide bindings	T4_ARTEFACT_SHOES_LEATHER_HELL
adept's demonhide leather	T4_ARTEFACT_ARMOR_LEATHER_HELL
adept's demonhide padding	T4_ARTEFACT_HEAD_LEATHER_HELL
adept's demonic arrowheads	T4_ARTEFACT_2H_BOW_HELL
adept's demonic blade	T4_ARTEFACT_2H_CLEAVER_HELL
adept's demonic filling	T4_ARTEFACT_SHOES_PLATE_HELL
adept's demonic jawbone	T4_ARTEFACT_OFF_DEMONSKULL_HELL
adept's demonic plates	T4_ARTEFACT_ARMOR_PLATE_HELL
adept's demonic scraps	T4_ARTEFACT_HEAD_PLATE_HELL
adept's demonic staff	T4_2H_DEMONICSTAFF
adept's divine staff	T4_2H_DIVINESTAFF
adept's double bladed staff	T4_2H_DOUBLEBLADEDSTAFF
adept's dreadstorm crystal	T4_ARTEFACT_MAIN_MACE_CRYSTAL
adept's dreadstorm monarch	T4_MAIN_MACE_CRYSTAL
adept's druid cowl	T4_HEAD_CLOTH_KEEPER
adept's druid robe	T4_ARMOR_CLOTH_KEEPER
adept's druid sandals	T4_SHOES_CLOTH_KEEPER
adept's druidic bindings	T4_ARTEFACT_SHOES_CLOTH_KEEPER
adept's druidic feathers	T4_ARTEFACT_ARMOR_CLOTH_KEEPER
adept's druidic inscriptions	T4_ARTEFACT_MAIN_NATURESTAFF_KEEPER
adept's druidic preserved beak	T4_ARTEFACT_HEAD_CLOTH_KEEPER
adept's druidic staff	T4_MAIN_NATURESTAFF_KEEPER
adept's dual swords	T4_2H_DUALSWORD
adept's dungeon map (group)	T4_RANDOM_DUNGEON_TOKEN_1
adept's dungeon map (solo)	T4_RANDOM_DUNGEON_SOLO_TOKEN_1
adept's duskweaver armor	T4_ARMOR_PLATE_FEY
adept's duskweaver boots	T4_SHOES_PLATE_FEY
adept's duskweaver helmet	T4_HEAD_PLATE_FEY
adept's earthrune staff	T4_2H_SHAPESHIFTER_KEEPER
adept's edged crystal	T4_ARTEFACT_2H_SCYTHE_CRYSTAL
adept's energy shaper	T4_2H_CROSSBOW_CANNON_AVALON
adept's engraved log	T4_ARTEFACT_2H_RAM_KEEPER
adept's enigmatic staff	T4_2H_ENIGMATICSTAFF
adept's evensong	T4_2H_ARCANE_RINGPAIR_AVALON
adept's exalted crystal	T4_ARTEFACT_2H_HOLYSTAFF_CRYSTAL
adept's exalted greave	T4_ARTEFACT_SHOES_PLATE_AVALON
adept's exalted plating	T4_ARTEFACT_ARMOR_PLATE_AVALON
adept's exalted staff	T4_2H_HOLYSTAFF_CRYSTAL
adept's exalted visor	T4_ARTEFACT_HEAD_PLATE_AVALON
adept's eye of secrets	T4_OFF_ORB_MORGANA
adept's facebreaker	T4_OFF_SPIKEDSHIELD_MORGANA
adept's faded essence	T4_ESSENCE
adept's fallen staff	T4_2H_HOLYSTAFF_HELL
adept's fawn	T4_FARM_GIANTSTAG_BABY
adept's fey dorsal wing	T4_ARTEFACT_ARMOR_CLOTH_FEY
adept's fey dragonscales	T4_ARTEFACT_SHOES_CLOTH_FEY
adept's feyscale hat	T4_HEAD_CLOTH_FEY
adept's feyscale robe	T4_ARMOR_CLOTH_FEY
adept's feyscale sandals	T4_SHOES_CLOTH_FEY
adept's fiend cowl	T4_HEAD_CLOTH_HELL
adept's fiend robe	T4_ARMOR_CLOTH_HELL
adept's fiend sandals	T4_SHOES_CLOTH_HELL
adept's fire staff	T4_MAIN_FIRESTAFF
adept's fisherman backpack	T4_BACKPACK_GATHERER_FISH
adept's fisherman cap	T4_HEAD_GATHERER_FISH
adept's fisherman garb	T4_ARMOR_GATHERER_FISH
adept's fisherman workboots	T4_SHOES_GATHERER_FISH
adept's fishing rod	T4_2H_TOOL_FISHINGROD
adept's fists of avalon	T4_2H_KNUCKLES_AVALON
adept's flamewalker staff	T4_MAIN_FIRESTAFF_CRYSTAL
adept's flawless griffin beak	T4_ARTEFACT_HEAD_LEATHER_FEY
adept's foal	T4_FARM_HORSE_BABY
adept's focus restoration potion	T4_FOCUSPOTION_NONTRADABLE
adept's forcepulse bracers	T4_2H_KNUCKLES_CRYSTAL
adept's forge hammers	T4_2H_DUALHAMMER_HELL
adept's forgebark staff	T4_MAIN_NATURESTAFF_CRYSTAL
adept's forged crystal	T4_ARTEFACT_MAIN_NATURESTAFF_CRYSTAL
adept's fort sterling cape	T4_CAPEITEM_FW_FORTSTERLING
adept's fort sterling crest	T4_CAPEITEM_FW_FORTSTERLING_BP
adept's fractured opaque orb	T4_ARTEFACT_MAIN_CURSEDSTAFF_AVALON
adept's frost staff	T4_MAIN_FROSTSTAFF
adept's galatine pair	T4_2H_DUALSCIMITAR_UNDEAD
adept's generalist trophy journal (empty)	T4_JOURNAL_TROPHY_GENERAL_EMPTY
adept's generalist trophy journal (full)	T4_JOURNAL_TROPHY_GENERAL_FULL
adept's generalist trophy journal (partially full)	T4_JOURNAL_TROPHY_GENERAL
adept's ghastly arrows	T4_ARTEFACT_2H_LONGBOW_UNDEAD
adept's ghastly bindings	T4_ARTEFACT_SHOES_LEATHER_UNDEAD
adept's ghastly blades	T4_ARTEFACT_2H_DUALSICKLE_UNDEAD
adept's ghastly candle	T4_ARTEFACT_OFF_LAMP_UNDEAD
adept's ghastly leather	T4_ARTEFACT_ARMOR_LEATHER_UNDEAD
adept's ghastly scroll	T4_ARTEFACT_2H_HOLYSTAFF_UNDEAD
adept's ghastly visor	T4_ARTEFACT_HEAD_LEATHER_UNDEAD
adept's giant stag	T4_MOUNT_GIANTSTAG
adept's glacial staff	T4_2H_GLACIALSTAFF
adept's glaive	T4_2H_GLAIVE
adept's glowing harmonic ring	T4_ARTEFACT_2H_FIRE_RINGPAIR_AVALON
adept's grailseeker	T4_2H_QUARTERSTAFF_AVALON
adept's graveguard armor	T4_ARMOR_PLATE_UNDEAD
adept's graveguard boots	T4_SHOES_PLATE_UNDEAD
adept's graveguard helmet	T4_HEAD_PLATE_UNDEAD
adept's great arcane staff	T4_2H_ARCANESTAFF
adept's great cursed staff	T4_2H_CURSEDSTAFF
adept's great fire staff	T4_2H_FIRESTAFF
adept's great frost staff	T4_2H_FROSTSTAFF
adept's great hammer	T4_2H_HAMMER
adept's great holy staff	T4_2H_HOLYSTAFF
adept's great nature staff	T4_2H_NATURESTAFF
adept's greataxe	T4_2H_AXE
adept's griffin underfur	T4_ARTEFACT_SHOES_LEATHER_FEY
adept's grovekeeper	T4_2H_RAM_KEEPER
adept's guardian armor	T4_ARMOR_PLATE_SET3
adept's guardian boots	T4_SHOES_PLATE_SET3
adept's guardian helmet	T4_HEAD_PLATE_SET3
adept's halberd	T4_2H_HALBERD
adept's hallowfall	T4_MAIN_HOLYSTAFF_AVALON
adept's hammer	T4_MAIN_HAMMER
adept's hand of justice	T4_2H_HAMMER_AVALON
adept's hardened debole	T4_ARTEFACT_MAIN_RAPIER_MORGANA
adept's harvester backpack	T4_BACKPACK_GATHERER_FIBER
adept's harvester cap	T4_HEAD_GATHERER_FIBER
adept's harvester garb	T4_ARMOR_GATHERER_FIBER
adept's harvester workboots	T4_SHOES_GATHERER_FIBER
adept's heavy crossbow	T4_2H_CROSSBOWLARGE
adept's heavy mace	T4_2H_MACE
adept's hellfire hands	T4_2H_KNUCKLES_HELL
adept's hellfire imp remnant	T4_ARTEFACT_2H_SHAPESHIFTER_HELL
adept's hellion hood	T4_HEAD_LEATHER_HELL
adept's hellion jacket	T4_ARMOR_LEATHER_HELL
adept's hellion shoes	T4_SHOES_LEATHER_HELL
adept's hellish bolts	T4_ARTEFACT_2H_DUALCROSSBOW_HELL
adept's hellish hammer heads	T4_ARTEFACT_2H_DUALHAMMER_HELL
adept's hellish handle	T4_ARTEFACT_OFF_JESTERCANE_HELL
adept's hellish sicklehead	T4_ARTEFACT_2H_SCYTHE_HELL
adept's hellish sicklehead pair	T4_ARTEFACT_2H_TWINSCYTHE_HELL
adept's hellspawn staff	T4_2H_SHAPESHIFTER_HELL
adept's helmet of valor	T4_HEAD_PLATE_AVALON
adept's heretic cape	T4_CAPEITEM_HERETIC
adept's heretic crest	T4_CAPEITEM_HERETIC_BP
adept's heron spear	T4_MAIN_SPEAR_KEEPER
adept's hoarfrost orb	T4_ARTEFACT_MAIN_FROSTSTAFF_KEEPER
adept's hoarfrost staff	T4_MAIN_FROSTSTAFF_KEEPER
adept's holy staff	T4_MAIN_HOLYSTAFF
adept's hood of tenacity	T4_HEAD_LEATHER_AVALON
adept's horse	T4_FARM_HORSE_GROWN
adept's humming avalonian whirligig	T4_ARTEFACT_2H_CROSSBOW_CANNON_AVALON
adept's hunter hood	T4_HEAD_LEATHER_SET2
adept's hunter jacket	T4_ARMOR_LEATHER_SET2
adept's hunter shoes	T4_SHOES_LEATHER_SET2
adept's hypnotic harmonic ring	T4_ARTEFACT_2H_ARCANE_RINGPAIR_AVALON
adept's icicle orb	T4_ARTEFACT_2H_ICEGAUNTLETS_HELL
adept's icicle staff	T4_2H_ICEGAUNTLETS_HELL
adept's icy crystal	T4_ARTEFACT_2H_FROSTSTAFF_CRYSTAL
adept's imbued leather folds	T4_ARTEFACT_ARMOR_LEATHER_MORGANA
adept's imbued mace head	T4_ARTEFACT_2H_MACE_MORGANA
adept's imbued soles	T4_ARTEFACT_SHOES_LEATHER_MORGANA
adept's imbued visor	T4_ARTEFACT_HEAD_LEATHER_MORGANA
adept's immaculately crafted riser	T4_ARTEFACT_2H_BOW_AVALON
adept's incubus mace	T4_MAIN_MACE_HELL
adept's infernal cloth bindings	T4_ARTEFACT_SHOES_CLOTH_HELL
adept's infernal cloth folds	T4_ARTEFACT_ARMOR_CLOTH_HELL
adept's infernal cloth visor	T4_ARTEFACT_HEAD_CLOTH_HELL
adept's infernal harpoon tip	T4_ARTEFACT_2H_HARPOON_HELL
adept's infernal mace head	T4_ARTEFACT_MAIN_MACE_HELL
adept's infernal scroll	T4_ARTEFACT_2H_HOLYSTAFF_HELL
adept's infernal scythe	T4_2H_SCYTHE_HELL
adept's infernal shield core	T4_ARTEFACT_OFF_SHIELD_HELL
adept's infernal staff	T4_2H_INFERNOSTAFF
adept's infinite crystal	T4_ARTEFACT_MAIN_SWORD_CRYSTAL
adept's infinity blade	T4_MAIN_SWORD_CRYSTAL
adept's inscribed bindings	T4_ARTEFACT_SHOES_PLATE_KEEPER
adept's inscribed stone	T4_ARTEFACT_OFF_TOTEM_KEEPER
adept's intact fey fibula	T4_ARTEFACT_HEAD_CLOTH_FEY
adept's iron-clad staff	T4_2H_IRONCLADEDSTAFF
adept's ironroot staff	T4_MAIN_NATURESTAFF_AVALON
adept's jacket of tenacity	T4_ARMOR_LEATHER_AVALON
adept's judicator armor	T4_ARMOR_PLATE_KEEPER
adept's judicator boots	T4_SHOES_PLATE_KEEPER
adept's judicator helmet	T4_HEAD_PLATE_KEEPER
adept's keeper axeheads	T4_ARTEFACT_2H_DUALAXE_KEEPER
adept's keeper cape	T4_CAPEITEM_KEEPER
adept's keeper crest	T4_CAPEITEM_KEEPER_BP
adept's keeper spearhead	T4_ARTEFACT_MAIN_SPEAR_KEEPER
adept's kingmaker	T4_2H_CLAYMORE_AVALON
adept's knight armor	T4_ARMOR_PLATE_SET2
adept's knight boots	T4_SHOES_PLATE_SET2
adept's knight helmet	T4_HEAD_PLATE_SET2
adept's knight's vow	T4_GVGSEASONREWARD_FAMEBUFF
adept's leering cane	T4_OFF_JESTERCANE_HELL
adept's lifecurse staff	T4_MAIN_CURSEDSTAFF_UNDEAD
adept's lifetouch staff	T4_MAIN_HOLYSTAFF_MORGANA
adept's light crossbow	T4_MAIN_1HCROSSBOW
adept's lightcaller	T4_2H_SHAPESHIFTER_AVALON
adept's longbow	T4_2H_LONGBOW
adept's lost arcane crystal	T4_ARTEFACT_MAIN_ARCANESTAFF_UNDEAD
adept's lost crossbow mechanism	T4_ARTEFACT_2H_REPEATINGCROSSBOW_UNDEAD
adept's lost cursed crystal	T4_ARTEFACT_MAIN_CURSEDSTAFF_UNDEAD
adept's lumberjack backpack	T4_BACKPACK_GATHERER_WOOD
adept's lumberjack cap	T4_HEAD_GATHERER_WOOD
adept's lumberjack garb	T4_ARMOR_GATHERER_WOOD
adept's lumberjack workboots	T4_SHOES_GATHERER_WOOD
adept's lymhurst cape	T4_CAPEITEM_FW_LYMHURST
adept's lymhurst crest	T4_CAPEITEM_FW_LYMHURST_BP
adept's mace	T4_MAIN_MACE
adept's mage cowl	T4_HEAD_CLOTH_SET3
adept's mage robe	T4_ARMOR_CLOTH_SET3
adept's mage sandals	T4_SHOES_CLOTH_SET3
adept's malevolent locus	T4_2H_ENIGMATICORB_MORGANA
adept's martlock cape	T4_CAPEITEM_FW_MARTLOCK
adept's martlock crest	T4_CAPEITEM_FW_MARTLOCK_BP
adept's massive metallic hand	T4_ARTEFACT_2H_HAMMER_AVALON
adept's mercenary hood	T4_HEAD_LEATHER_SET1
adept's mercenary jacket	T4_ARMOR_LEATHER_SET1
adept's mercenary shoes	T4_SHOES_LEATHER_SET1
adept's messianic curio	T4_ARTEFACT_MAIN_HOLYSTAFF_AVALON
adept's miner backpack	T4_BACKPACK_GATHERER_ORE
adept's miner cap	T4_HEAD_GATHERER_ORE
adept's miner garb	T4_ARMOR_GATHERER_ORE
adept's miner workboots	T4_SHOES_GATHERER_ORE
adept's mirage crystal	T4_ARTEFACT_2H_DOUBLEBLADEDSTAFF_CRYSTAL
adept's mistcaller	T4_OFF_HORN_KEEPER
adept's mistpiercer	T4_2H_BOW_AVALON
adept's mistwalker hood	T4_HEAD_LEATHER_FEY
adept's mistwalker jacket	T4_ARMOR_LEATHER_FEY
adept's mistwalker shoes	T4_SHOES_LEATHER_FEY
adept's morgana cape	T4_CAPEITEM_MORGANA
adept's morgana crest	T4_CAPEITEM_MORGANA_BP
adept's morgana halberd head	T4_ARTEFACT_2H_HALBERD_MORGANA
adept's morning star	T4_2H_FLAIL
adept's muisak	T4_OFF_DEMONSKULL_HELL
adept's nature staff	T4_MAIN_NATURESTAFF
adept's oathkeepers	T4_2H_DUALMACE_AVALON
adept's occult orb	T4_ARTEFACT_2H_ARCANESTAFF_HELL
adept's occult staff	T4_2H_ARCANESTAFF_HELL
adept's ox	T4_FARM_OX_GROWN
adept's ox calf	T4_FARM_OX_BABY
adept's permafrost prism	T4_2H_ICECRYSTAL_UNDEAD
adept's phantom twinblade	T4_2H_DOUBLEBLADEDSTAFF_CRYSTAL
adept's pickaxe	T4_2H_TOOL_PICK
adept's pike	T4_2H_SPEAR
adept's polehammer	T4_2H_POLEHAMMER
adept's possessed catalyst	T4_ARTEFACT_2H_ENIGMATICORB_MORGANA
adept's possessed scroll	T4_ARTEFACT_MAIN_HOLYSTAFF_MORGANA
adept's preserved animal fur	T4_ARTEFACT_ARMOR_PLATE_KEEPER
adept's preserved log	T4_ARTEFACT_2H_NATURESTAFF_KEEPER
adept's preserved rocks	T4_ARTEFACT_2H_ROCKSTAFF_KEEPER
adept's primal staff	T4_2H_SHAPESHIFTER_SET3
adept's prowling staff	T4_2H_SHAPESHIFTER_SET1
adept's pulsating crystal	T4_ARTEFACT_2H_KNUCKLES_CRYSTAL
adept's pyreheart crystal	T4_ARTEFACT_MAIN_FIRESTAFF_CRYSTAL
adept's quarrier backpack	T4_BACKPACK_GATHERER_ROCK
adept's quarrier cap	T4_HEAD_GATHERER_ROCK
adept's quarrier garb	T4_ARMOR_GATHERER_ROCK
adept's quarrier workboots	T4_SHOES_GATHERER_ROCK
adept's quarterstaff	T4_2H_QUARTERSTAFF
adept's rampant staff	T4_2H_NATURESTAFF_KEEPER
adept's ravenstrike cestus	T4_2H_KNUCKLES_MORGANA
adept's realmbreaker	T4_2H_AXE_AVALON
adept's redemption staff	T4_2H_HOLYSTAFF_UNDEAD
adept's reinforced morgana pole	T4_ARTEFACT_2H_COMBATSTAFF_MORGANA
adept's relic	T4_RELIC
adept's remnants of the old king	T4_ARTEFACT_2H_CLAYMORE_AVALON
adept's repair kit	T4_FURNITUREITEM_REPAIRKIT
adept's riding horse	T4_MOUNT_HORSE
adept's rift crystal	T4_ARTEFACT_2H_GLAIVE_CRYSTAL
adept's rift glaive	T4_2H_GLAIVE_CRYSTAL
adept's robe of purity	T4_ARMOR_CLOTH_AVALON
adept's rootbound staff	T4_2H_SHAPESHIFTER_SET2
adept's rotcaller staff	T4_MAIN_CURSEDSTAFF_CRYSTAL
adept's rotten crystal	T4_ARTEFACT_MAIN_CURSEDSTAFF_CRYSTAL
adept's royal armor	T4_ARMOR_PLATE_ROYAL
adept's royal boots	T4_SHOES_PLATE_ROYAL
adept's royal cowl	T4_HEAD_CLOTH_ROYAL
adept's royal helmet	T4_HEAD_PLATE_ROYAL
adept's royal hood	T4_HEAD_LEATHER_ROYAL
adept's royal jacket	T4_ARMOR_LEATHER_ROYAL
adept's royal robe	T4_ARMOR_CLOTH_ROYAL
adept's royal sandals	T4_SHOES_CLOTH_ROYAL
adept's royal shoes	T4_SHOES_LEATHER_ROYAL
adept's royal sigil	QUESTITEM_TOKEN_ROYAL_T4
adept's ruined ancestral vamplate	T4_ARTEFACT_MAIN_SPEAR_LANCE_AVALON
adept's rune	T4_RUNE
adept's runed horn	T4_ARTEFACT_OFF_HORN_KEEPER
adept's runed rock	T4_ARTEFACT_MAIN_ROCKMACE_KEEPER
adept's runestone golem remnant	T4_ARTEFACT_2H_SHAPESHIFTER_KEEPER
adept's sacred scepter	T4_OFF_TALISMAN_AVALON
adept's sanctified belt	T4_ARTEFACT_ARMOR_CLOTH_AVALON
adept's sanctified bindings	T4_ARTEFACT_SHOES_CLOTH_AVALON
adept's sanctified mask	T4_ARTEFACT_HEAD_CLOTH_AVALON
adept's sandals of purity	T4_SHOES_CLOTH_AVALON
adept's sarcophagus	T4_OFF_TOWERSHIELD_UNDEAD
adept's satchel of insight	T4_BAG_INSIGHT
adept's scholar cowl	T4_HEAD_CLOTH_SET1
adept's scholar robe	T4_ARMOR_CLOTH_SET1
adept's scholar sandals	T4_SHOES_CLOTH_SET1
adept's serpent crystal	T4_ARTEFACT_2H_SHAPESHIFTER_CRYSTAL
adept's severed celestial keepsake	T4_ARTEFACT_OFF_CENSER_AVALON
adept's severed demonic horns	T4_ARTEFACT_2H_KNUCKLES_HELL
adept's shadowcaller	T4_MAIN_CURSEDSTAFF_AVALON
adept's shattered avalonian memento	T4_ARTEFACT_OFF_TALISMAN_AVALON
adept's shield	T4_OFF_SHIELD
adept's shoes of tenacity	T4_SHOES_LEATHER_AVALON
adept's sickle	T4_2H_TOOL_SICKLE
adept's siege banner	T4_SIEGE_BANNER
adept's siege hammer	T4_2H_TOOL_SIEGEHAMMER
adept's siegebow	T4_2H_CROSSBOWLARGE_MORGANA
adept's skinner backpack	T4_BACKPACK_GATHERER_HIDE
adept's skinner cap	T4_HEAD_GATHERER_HIDE
adept's skinner garb	T4_ARMOR_GATHERER_HIDE
adept's skinner workboots	T4_SHOES_GATHERER_HIDE
adept's skinning knife	T4_2H_TOOL_KNIFE
adept's skystrider bow	T4_2H_BOW_CRYSTAL
adept's smuggler cape	T4_CAPEITEM_SMUGGLER
adept's smuggler crest	T4_CAPEITEM_SMUGGLER_BP
adept's soldier armor	T4_ARMOR_PLATE_SET1
adept's soldier boots	T4_SHOES_PLATE_SET1
adept's soldier helmet	T4_HEAD_PLATE_SET1
adept's soul	T4_SOUL
adept's soulscythe	T4_2H_TWINSCYTHE_HELL
adept's spear	T4_MAIN_SPEAR
adept's specter hood	T4_HEAD_LEATHER_UNDEAD
adept's specter jacket	T4_ARMOR_LEATHER_UNDEAD
adept's specter shoes	T4_SHOES_LEATHER_UNDEAD
adept's spiked gauntlets	T4_2H_KNUCKLES_SET3
adept's spirithunter	T4_2H_HARPOON_HELL
adept's staff of balance	T4_2H_ROCKSTAFF_KEEPER
adept's stalker hood	T4_HEAD_LEATHER_MORGANA
adept's stalker jacket	T4_ARMOR_LEATHER_MORGANA
adept's stalker shoes	T4_SHOES_LEATHER_MORGANA
adept's startouched crystal	T4_ARTEFACT_2H_ARCANESTAFF_CRYSTAL
adept's stillgaze staff	T4_2H_SHAPESHIFTER_CRYSTAL
adept's stone hammer	T4_2H_TOOL_HAMMER
adept's symbol of blight	T4_ARTEFACT_2H_NATURESTAFF_HELL
adept's table	T4_FURNITUREITEM_TABLE
adept's tame giant stag	T4_FARM_GIANTSTAG_GROWN
adept's taproot	T4_OFF_TOTEM_KEEPER
adept's thetford cape	T4_CAPEITEM_FW_THETFORD
adept's thetford crest	T4_CAPEITEM_FW_THETFORD_BP
adept's timelocked crystal	T4_ARTEFACT_OFF_TOME_CRYSTAL
adept's timelocked grimoire	T4_OFF_TOME_CRYSTAL
adept's timeworn walking staff	T4_ARTEFACT_2H_QUARTERSTAFF_AVALON
adept's tombhammer	T4_2H_HAMMER_UNDEAD
adept's tome of insight	T4_SKILLBOOK_STANDARD
adept's tome of learning	T4_LEARNINGPOINTS_NONTRADABLE
adept's tome of spells	T4_OFF_BOOK
adept's torch	T4_OFF_TORCH
adept's tracking toolkit	T4_2H_TOOL_TRACKING
adept's transport ox	T4_MOUNT_OX
adept's trinity spear	T4_2H_TRIDENT_UNDEAD
adept's truebolt hammer	T4_2H_HAMMER_CRYSTAL
adept's twin slayers	T4_2H_DAGGERPAIR_CRYSTAL
adept's unbreakable crystal	T4_ARTEFACT_OFF_SHIELD_CRYSTAL
adept's unbreakable ward	T4_OFF_SHIELD_CRYSTAL
adept's undead cape	T4_CAPEITEM_UNDEAD
adept's undead crest	T4_CAPEITEM_UNDEAD_BP
adept's unholy scroll	T4_ARTEFACT_2H_INFERNOSTAFF_MORGANA
adept's untarnished griffin feathers	T4_ARTEFACT_ARMOR_LEATHER_FEY
adept's uprooted perennial sapling	T4_ARTEFACT_MAIN_NATURESTAFF_AVALON
adept's ursine guardian remains	T4_ARTEFACT_2H_KNUCKLES_KEEPER
adept's ursine maulers	T4_2H_KNUCKLES_KEEPER
adept's veilweaver carapace	T4_ARTEFACT_ARMOR_PLATE_FEY
adept's veilweaver claws	T4_ARTEFACT_SHOES_PLATE_FEY
adept's veilweaver mandibles	T4_ARTEFACT_HEAD_PLATE_FEY
adept's wailing bow	T4_2H_BOW_HELL
adept's warbow	T4_2H_WARBOW
adept's warped raven plate	T4_ARTEFACT_2H_KNUCKLES_MORGANA
adept's weeping repeater	T4_2H_REPEATINGCROSSBOW_UNDEAD
adept's werewolf remnant	T4_ARTEFACT_2H_SHAPESHIFTER_MORGANA
adept's whispering bow	T4_2H_LONGBOW_UNDEAD
adept's wild staff	T4_2H_WILDSTAFF
adept's wildfire orb	T4_ARTEFACT_MAIN_FIRESTAFF_KEEPER
adept's wildfire staff	T4_MAIN_FIRESTAFF_KEEPER
adept's windborne crystal	T4_ARTEFACT_2H_BOW_CRYSTAL
adept's witchwork staff	T4_MAIN_ARCANESTAFF_UNDEAD
adventurer token	QUESTITEM_TOKEN_ADC_FRAME
adventurer's handbook	T2_FURNITUREITEM_TROPHY_GENERAL
adventurer's helmet	UNIQUE_HEAD_STARTERPACK_ELITE
adventurer's jacket	UNIQUE_ARMOR_STARTERPACK_ELITE
adventurer's shoes	UNIQUE_SHOES_STARTERPACK_ELITE
adventurer's tome	UNIQUE_SKILLBOOK_ADC_GENERAL_01
albion perch	T3_FISH_FRESHWATER_ALL_COMMON
alchemist's armor	UNIQUE_ARMOR_VANITY_ALCHEMIST
alchemist's backpack	UNIQUE_CAPE_VANITY_ALCHEMIST
alchemist's boots	UNIQUE_SHOES_VANITY_ALCHEMIST
alchemist's glasses	UNIQUE_HEAD_VANITY_ALCHEMIST
alchemist's packboar	SKIN_DIREBOAR_ALCHEMIST
allhallows treat	UNIQUE_CONSUMABLE_EVENT_HALLOWEEN_CANDY
amberleaf cotton	T6_FIBER
amberpaw	SKIN_COUGAR_SHADOWCAT_ORANGE
amethyst cougar	SKIN_COUGAR_AMETHYST
amethyst unicorn	SKIN_HORSE_UNICORN_AMETHYST
ancient scripture	T4_FURNITUREITEM_TROPHY_GENERAL
ancient tome	TREASURE_KNOWLEDGE_RARITY3
angry pumpkin head	UNIQUE_HEAD_VANITY_PUMPKIN_03
anniversary alchemist's armor	UNIQUE_ARMOR_VANITY_ALCHEMIST_ANNIVERSARY
anniversary alchemist's backpack	UNIQUE_CAPE_VANITY_ALCHEMIST_ANNIVERSARY
anniversary alchemist's boots	UNIQUE_SHOES_VANITY_ALCHEMIST_ANNIVERSARY
anniversary alchemist's glasses	UNIQUE_HEAD_VANITY_ALCHEMIST_ANNIVERSARY
anniversary alchemist's packboar	SKIN_DIREBOAR_ALCHEMIST_ANNIVERSARY
anniversary banner - blue	T3_FURNITUREITEM_ANNIVERSARYBANNER_2021
anniversary banner - light blue	T3_FURNITUREITEM_ANNIVERSARYBANNER_2025
anniversary banner - light green	T3_FURNITUREITEM_ANNIVERSARYBANNER_2026
anniversary banner - orange	T3_FURNITUREITEM_ANNIVERSARYBANNER_2023
anniversary banner - purple	T3_FURNITUREITEM_ANNIVERSARYBANNER_2024
anniversary banner - red	T3_FURNITUREITEM_ANNIVERSARYBANNER_2020
anniversary banner - turquoise	T3_FURNITUREITEM_ANNIVERSARYBANNER_2022
anniversary banner - white	T3_FURNITUREITEM_ANNIVERSARYBANNER
anniversary barbarian's boots	UNIQUE_SHOES_VANITY_BARBARIAN_ANNIVERSARY
anniversary barbarian's cape	UNIQUE_CAPE_VANITY_BARBARIAN_ANNIVERSARY
anniversary barbarian's harness	UNIQUE_ARMOR_VANITY_BARBARIAN_ANNIVERSARY
anniversary barbarian's helmet	UNIQUE_HEAD_VANITY_BARBARIAN_ANNIVERSARY
anniversary cake	UNIQUE_CONSUMABLE_EVENT_ANNIVERSARY_CAKE
anniversary corrupted preacher's boots	UNIQUE_SHOES_VANITY_CORRUPTED_PREACHER_ANNIVERSARY
anniversary corrupted preacher's cape	UNIQUE_CAPE_VANITY_CORRUPTED_PREACHER_ANNIVERSARY
anniversary corrupted preacher's coat	UNIQUE_ARMOR_VANITY_CORRUPTED_PREACHER_ANNIVERSARY
anniversary corrupted preacher's hat	UNIQUE_HEAD_VANITY_CORRUPTED_PREACHER_ANNIVERSARY
anniversary corrupted preacher's ox	SKIN_OX_CORRUPTED_PREACHER_ANNIVERSARY
anniversary ethereal horse	SKIN_HORSE_PRIEST_HOLY_ANNIVERSARY
anniversary paladin's armor	UNIQUE_ARMOR_VANITY_PALADIN_ANNIVERSARY
anniversary paladin's boots	UNIQUE_SHOES_VANITY_PALADIN_ANNIVERSARY
anniversary paladin's cape	UNIQUE_CAPE_VANITY_PALADIN_ANNIVERSARY
anniversary paladin's helmet	UNIQUE_HEAD_VANITY_PALADIN_ANNIVERSARY
anniversary paladin's warhorse	SKIN_ARMORED_HORSE_PALADIN_ANNIVERSARY
anniversary priest's boots	UNIQUE_SHOES_VANITY_PRIEST_HOLY_ANNIVERSARY
anniversary priest's cape	UNIQUE_CAPE_VANITY_PRIEST_HOLY_ANNIVERSARY
anniversary priest's hood	UNIQUE_HEAD_VANITY_PRIEST_HOLY_ANNIVERSARY
anniversary priest's robe	UNIQUE_ARMOR_VANITY_PRIEST_HOLY_ANNIVERSARY
anniversary reaver's armor	UNIQUE_ARMOR_VANITY_MARAUDER_ANNIVERSARY
anniversary reaver's armored horse	SKIN_ARMORED_HORSE_MARAUDER_ANNIVERSARY
anniversary reaver's boots	UNIQUE_SHOES_VANITY_MARAUDER_ANNIVERSARY
anniversary reaver's cape	UNIQUE_CAPE_VANITY_MARAUDER_ANNIVERSARY
anniversary reaver's helmet	UNIQUE_HEAD_VANITY_MARAUDER_ANNIVERSARY
anniversary war beast	SKIN_DIREWOLF_BARBARIAN_ANNIVERSARY
arcane agaric	T2_AGARIC
arcane agaric seeds	T2_FARM_AGARIC_SEED
arcane direboar	SKIN_DIREBOAR_BATTLEMAGE
arcane stone sigil	PLAYERISLAND_FURNITUREITEM_STONE_MAGIC_EMBLEM_GROUND_B
arcanist's armor	UNIQUE_ARMOR_VANITY_BATTLEMAGE
arcanist's boots	UNIQUE_SHOES_VANITY_BATTLEMAGE
arcanist's cape	UNIQUE_CAPE_VANITY_BATTLEMAGE
arcanist's helmet	UNIQUE_HEAD_VANITY_BATTLEMAGE
arena champion's sabertooth	SKIN_COUGAR_ARENA
arena gladiator armor	UNIQUE_ARMOR_VANITY_GLADIATOR_ARENA
arena gladiator boots	UNIQUE_SHOES_VANITY_GLADIATOR_ARENA
arena gladiator cape	UNIQUE_CAPE_VANITY_GLADIATOR_ARENA
arena gladiator helm	UNIQUE_HEAD_VANITY_GLADIATOR_ARENA
arena sigil	QUESTITEM_TOKEN_ARENA_UNRANKED
arena veteran's armored horse	SKIN_ARMORED_HORSE_ARENA
arena veteran's boots	UNIQUE_SHOES_VANITY_ARENA_SET_01
arena veteran's cape	UNIQUE_CAPE_VANITY_ARENA_SET_01
arena veteran's circlet	UNIQUE_HEAD_VANITY_ARENA_SET_01
arena veteran's cloak	UNIQUE_ARMOR_VANITY_ARENA_SET_01
arena veteran's eyepatch	UNIQUE_HEAD_VANITY_ARENA_EYEPATCH
arena veteran's large banner	T8_CAPE_ARENA_BANNER
arena veteran's medium banner	T6_CAPE_ARENA_BANNER
arena veteran's small banner	T4_CAPE_ARENA_BANNER
armored bonehorse	SKIN_ARMORED_HORSE_UNDEAD
armored goldmane pegasus	SKIN_ARMORED_HORSE_PEGASUS_TWILIGHT
armored horse skin: arena veteran	UNIQUE_UNLOCK_SKIN_ARMORED_HORSE_ARENA_COPY
armored horse skin: armored bonehorse	UNIQUE_UNLOCK_SKIN_ARMORED_HORSE_UNDEAD
armored horse skin: armored pegasus	UNIQUE_UNLOCK_SKIN_ARMORED_HORSE_PEGASUS_LIGHT
armored horse skin: armored shadow pegasus	UNIQUE_UNLOCK_SKIN_ARMORED_HORSE_PEGASUS_DARK
armored horse skin: elder's heraldic warhorse	UNIQUE_UNLOCK_SKIN_ARMORED_HORSE_T8_GUILD_NON_TRADABLE
armored horse skin: expert's heraldic warhorse	UNIQUE_UNLOCK_SKIN_ARMORED_HORSE_T5_GUILD_NON_TRADABLE
armored horse skin: grandmaster's heraldic warhorse	UNIQUE_UNLOCK_SKIN_ARMORED_HORSE_T7_GUILD_NON_TRADABLE
armored horse skin: heraldic jousting horse	UNIQUE_UNLOCK_SKIN_ARMORED_HORSE_JOUSTING_GUILD_AJ
armored horse skin: heretic warsteed	UNIQUE_UNLOCK_SKIN_ARMORED_HORSE_HERETIC_PONY_TELLAFRIEND
armored horse skin: master's heraldic warhorse	UNIQUE_UNLOCK_SKIN_ARMORED_HORSE_T6_GUILD_NON_TRADABLE
armored horse skin: morgana mare	UNIQUE_UNLOCK_SKIN_ARMORED_HORSE_MORGANA
armored pegasus	SKIN_ARMORED_HORSE_PEGASUS_LIGHT
armored pony	SKIN_ARMORED_HORSE_PONY_NATIVE_CLIENT
armored shadow pegasus	SKIN_ARMORED_HORSE_PEGASUS_DARK
ashborn armor	UNIQUE_UNLOCK_ARMOR_VANITY_DRAGONKEEPER_AJ
ashborn avatar ring	UNIQUE_AVATARRING_DRAGONKEEPER_AJ
ashborn helmet	UNIQUE_UNLOCK_HEAD_VANITY_DRAGONKEEPER_AJ
ashenbark bonsai	T7_FURNITUREITEM_TROPHY_WOOD
ashenbark logs	T7_WOOD
ashenbark planks	T7_PLANKS
assassin's armor	UNIQUE_ARMOR_VANITY_ASSASSIN
assassin's boots	UNIQUE_SHOES_VANITY_ASSASSIN
assassin's mask	UNIQUE_HEAD_VANITY_ASSASSIN
assassin's panther	SKIN_COUGAR_ASSASSIN
assassin's swords	UNIQUE_CAPE_VANITY_ASSASSIN
astral stag	SKIN_GIANTSTAG_SPIRITBEAST_AJ
auction house ox	SKIN_OX_BISON_AH
autumn tree	PLAYERISLAND_FURNITUREITEM_VEGETATION_TREE_DECO_A
avalonian basilisk	T7_MOUNT_SWAMPDRAGON_AVALON_BASILISK
avalonian beef sandwich	T8_MEAL_SANDWICH_AVALON
avalonian beef stew	T8_MEAL_STEW_AVALON
avalonian chicken omelette	T3_MEAL_OMELETTE_AVALON
avalonian energy	QUESTITEM_TOKEN_AVALON
avalonian goat sandwich	T4_MEAL_SANDWICH_AVALON
avalonian goat stew	T4_MEAL_STEW_AVALON
avalonian goose omelette	T5_MEAL_OMELETTE_AVALON
avalonian mutton sandwich	T6_MEAL_SANDWICH_AVALON
avalonian mutton stew	T6_MEAL_STEW_AVALON
avalonian pork omelette	T7_MEAL_OMELETTE_AVALON
avatar ring set: season bronze rank	UNIQUE_AVATARRING_GVGSEASONREWARD_BRONZE
avatar ring set: season crystal rank	UNIQUE_AVATARRING_GVGSEASONREWARD_CRYSTAL
avatar ring set: season gold rank	UNIQUE_AVATARRING_GVGSEASONREWARD_GOLD
avatar ring set: season silver rank	UNIQUE_AVATARRING_GVGSEASONREWARD_SILVER
avatar ring: adventurer	UNIQUE_AVATARRING_ADC_TOKENLOCKED_01
avatar ring: avalonian invasion	UNIQUE_AVATARRING_GVGSEASONREWARD_AVALON_INVASION
avatar ring: carnival challenge	UNIQUE_AVATARRING_ADC_FEB2019
avatar ring: crossed axes	UNIQUE_AVATARRING_ADC_TOKENLOCKED_AXES
avatar ring: crossed blades	UNIQUE_AVATARRING_ADC_TOKENLOCKED_SWORDS
avatar ring: crucible ii warrior	UNIQUE_AVATARRING_CRUCIBLE_TOP10
avatar ring: crystal arena crystal rank	UNIQUE_AVATARRING_ARENA_CRYSTAL
avatar ring: crystal arena gold rank	UNIQUE_AVATARRING_ARENA_GOLD1
avatar ring: crystal arena silver rank	UNIQUE_AVATARRING_ARENA_SILVER1
avatar ring: divine challenge	UNIQUE_AVATARRING_ADC_AUG2019
avatar ring: doom slayer	UNIQUE_AVATARRING_HELLDUNGEON
avatar ring: enigma	UNIQUE_AVATARRING_ADC_TOKENLOCKED_ARCANE
avatar ring: farmer	UNIQUE_AVATARRING_ADC_TOKENLOCKED_FARMING
avatar ring: fisherman	UNIQUE_AVATARRING_ADC_TOKENLOCKED_FISHING
avatar ring: frost challenge	UNIQUE_AVATARRING_ADC_JAN2019
avatar ring: grim challenge	UNIQUE_AVATARRING_ADC_NOV2018
avatar ring: harvest challenge	UNIQUE_AVATARRING_ADC_OCT2019
avatar ring: heretic challenge	UNIQUE_AVATARRING_ADC_SEP2019
avatar ring: hunter challenge	UNIQUE_AVATARRING_ADC_APR2019
avatar ring: inferno	UNIQUE_AVATARRING_ADC_TOKENLOCKED_FIRE
avatar ring: keeper challenge	UNIQUE_AVATARRING_ADC_MAR2019
avatar ring: knight challenge	UNIQUE_AVATARRING_ADC_JUN2019
avatar ring: morgana challenge	UNIQUE_AVATARRING_ADC_MAY2019
avatar ring: nature spirit	UNIQUE_AVATARRING_ADC_TOKENLOCKED_NATURE
avatar ring: necromancer	UNIQUE_AVATARRING_ADC_TOKENLOCKED_NECROMANCER
avatar ring: recruiter	UNIQUE_AVATARRING_TELLAFRIEND
avatar ring: season 1st place	UNIQUE_AVATARRING_GVGSEASONREWARD_1ST
avatar ring: season 2nd place	UNIQUE_AVATARRING_GVGSEASONREWARD_2ND
avatar ring: season 3rd place	UNIQUE_AVATARRING_GVGSEASONREWARD_3RD
avatar ring: season iron rank	UNIQUE_AVATARRING_GVGSEASONREWARD_IRON
avatar ring: seasoned adventurer	UNIQUE_AVATARRING_ORIGINAL_PLAYER
avatar ring: smuggler	UNIQUE_AVATARRING_SMUGGLER
avatar ring: staff of hermes	UNIQUE_AVATARRING_CHARITY_MARCH2020
avatar ring: undead challenge	UNIQUE_AVATARRING_ADC_JUL2019
avatar ring: wanderer in the mists	UNIQUE_AVATARRING_BRECILIEN
avatar ring: yuletide challenge	UNIQUE_AVATARRING_ADC_DEC2018
avatar set: crystal conqueror	UNIQUE_AVATAR_GVGSEASON_20_CRYSTAL
avatar set: crystal fencer	UNIQUE_AVATAR_GVGSEASON_26_CRYSTAL
avatar set: crystal pyromancer	UNIQUE_AVATAR_GVGSEASON_21_CRYSTAL
avatar set: crystal sharpshooter	UNIQUE_AVATAR_GVGSEASON_22_CRYSTAL
avatar set: crystal sword dancer	UNIQUE_AVATAR_GVGSEASON_19_CRYSTAL
avatar set: energy surge crystal rank	UNIQUE_AVATAR_GVGSEASON_ENERGY_RUSH_CRYSTAL
avatar set: energy surge gold rank	UNIQUE_AVATAR_GVGSEASON_ENERGY_RUSH_GOLD
avatar set: energy surge silver rank	UNIQUE_AVATAR_GVGSEASON_ENERGY_RUSH_SILVER
avatar set: gold conqueror	UNIQUE_AVATAR_GVGSEASON_20_GOLD
avatar set: gold fencer	UNIQUE_AVATAR_GVGSEASON_26_GOLD
avatar set: gold pyromancer	UNIQUE_AVATAR_GVGSEASON_21_GOLD
avatar set: gold sharpshooter	UNIQUE_AVATAR_GVGSEASON_22_GOLD
avatar set: gold sword dancer	UNIQUE_AVATAR_GVGSEASON_19_GOLD
avatar set: season 14 crystal rank	UNIQUE_AVATAR_GVGSEASON_14_CRYSTAL
avatar set: season 14 gold rank	UNIQUE_AVATAR_GVGSEASON_14_GOLD
avatar set: season 14 silver rank	UNIQUE_AVATAR_GVGSEASON_14_SILVER
avatar set: season 15 crystal rank	UNIQUE_AVATAR_GVGSEASON_15_CRYSTAL
avatar set: season 15 gold rank	UNIQUE_AVATAR_GVGSEASON_15_GOLD
avatar set: season 15 silver rank	UNIQUE_AVATAR_GVGSEASON_15_SILVER
avatar set: season 16 crystal rank	UNIQUE_AVATAR_GVGSEASON_16_CRYSTAL
avatar set: season 16 gold rank	UNIQUE_AVATAR_GVGSEASON_16_GOLD
avatar set: season 16 silver rank	UNIQUE_AVATAR_GVGSEASON_16_SILVER
avatar set: season 17 crystal rank	UNIQUE_AVATAR_GVGSEASON_17_CRYSTAL
avatar set: season 17 gold rank	UNIQUE_AVATAR_GVGSEASON_17_GOLD
avatar set: season 17 silver rank	UNIQUE_AVATAR_GVGSEASON_17_SILVER
avatar set: season 18 crystal rank	UNIQUE_AVATAR_GVGSEASON_18_CRYSTAL
avatar set: season 18 gold rank	UNIQUE_AVATAR_GVGSEASON_18_GOLD
avatar set: season 18 silver rank	UNIQUE_AVATAR_GVGSEASON_18_SILVER
avatar set: silver conqueror	UNIQUE_AVATAR_GVGSEASON_20_SILVER
avatar set: silver fencer	UNIQUE_AVATAR_GVGSEASON_26_SILVER
avatar set: silver pyromancer	UNIQUE_AVATAR_GVGSEASON_21_SILVER
avatar set: silver sharpshooter	UNIQUE_AVATAR_GVGSEASON_22_SILVER
avatar set: silver sword dancer	UNIQUE_AVATAR_GVGSEASON_19_SILVER
avatar: adventurer	UNIQUE_AVATAR_ADC_TOKENLOCKED_01
avatar: avalonian invasion	UNIQUE_AVATAR_GVGSEASON_AVALON_INVASION
avatar: bronze arcanist	UNIQUE_AVATAR_GVGSEASON_25_BRONZE
avatar: bronze conqueror	UNIQUE_AVATAR_GVGSEASON_20_BRONZE
avatar: bronze dread knight	UNIQUE_AVATAR_GVGSEASON_24_BRONZE
avatar: bronze fencer	UNIQUE_AVATAR_GVGSEASON_26_BRONZE
avatar: bronze fisher	UNIQUE_AVATAR_GVGSEASON_28_BRONZE
avatar: bronze guardian	UNIQUE_AVATAR_GVGSEASON_23_BRONZE
avatar: bronze hunter	UNIQUE_AVATAR_GVGSEASON_29_BRONZE
avatar: bronze miner	UNIQUE_AVATAR_GVGSEASON_27_BRONZE
avatar: bronze pyromancer	UNIQUE_AVATAR_GVGSEASON_21_BRONZE
avatar: bronze sharpshooter	UNIQUE_AVATAR_GVGSEASON_22_BRONZE
avatar: bronze sword dancer	UNIQUE_AVATAR_GVGSEASON_19_BRONZE
avatar: crystal arcanist	UNIQUE_AVATAR_GVGSEASON_25_CRYSTAL
avatar: crystal dread knight	UNIQUE_AVATAR_GVGSEASON_24_CRYSTAL
avatar: crystal fisher	UNIQUE_AVATAR_GVGSEASON_28_CRYSTAL
avatar: crystal flameward	UNIQUE_AVATAR_GVGSEASON_34_CRYSTAL
avatar: crystal guardian	UNIQUE_AVATAR_GVGSEASON_23_CRYSTAL
avatar: crystal harvester	UNIQUE_AVATAR_GVGSEASON_30_CRYSTAL
avatar: crystal hunter	UNIQUE_AVATAR_GVGSEASON_29_CRYSTAL
avatar: crystal lumberjack	UNIQUE_AVATAR_GVGSEASON_31_CRYSTAL
avatar: crystal marked warrior	UNIQUE_AVATAR_GVGSEASON_33_CRYSTAL
avatar: crystal miner	UNIQUE_AVATAR_GVGSEASON_27_CRYSTAL
avatar: crystal war champion	UNIQUE_AVATAR_GVGSEASON_32_CRYSTAL
avatar: doom slayer	UNIQUE_AVATAR_HELLDUNGEON
avatar: energy surge bronze rank	UNIQUE_AVATAR_GVGSEASON_ENERGY_RUSH_BRONZE
avatar: gold arcanist	UNIQUE_AVATAR_GVGSEASON_25_GOLD
avatar: gold dread knight	UNIQUE_AVATAR_GVGSEASON_24_GOLD
avatar: gold fisher	UNIQUE_AVATAR_GVGSEASON_28_GOLD
avatar: gold guardian	UNIQUE_AVATAR_GVGSEASON_23_GOLD
avatar: gold hunter	UNIQUE_AVATAR_GVGSEASON_29_GOLD
avatar: gold miner	UNIQUE_AVATAR_GVGSEASON_27_GOLD
avatar: guild season 10	UNIQUE_AVATAR_GVGSEASON_10
avatar: guild season 11	UNIQUE_AVATAR_GVGSEASON_11
avatar: guild season 12	UNIQUE_AVATAR_GVGSEASON_12
avatar: guild season 13	UNIQUE_AVATAR_GVGSEASON_13
avatar: guild season 4	UNIQUE_AVATAR_GVGSEASON_04
avatar: guild season 5	UNIQUE_AVATAR_GVGSEASON_05
avatar: guild season 6	UNIQUE_AVATAR_GVGSEASON_06
avatar: guild season 7	UNIQUE_AVATAR_GVGSEASON_07
avatar: guild season 8	UNIQUE_AVATAR_GVGSEASON_08
avatar: guild season 9	UNIQUE_AVATAR_GVGSEASON_09
avatar: season 14 bronze rank	UNIQUE_AVATAR_GVGSEASON_14_BRONZE
avatar: season 15 bronze rank	UNIQUE_AVATAR_GVGSEASON_15_BRONZE
avatar: season 16 bronze rank	UNIQUE_AVATAR_GVGSEASON_16_BRONZE
avatar: season 17 bronze rank	UNIQUE_AVATAR_GVGSEASON_17_BRONZE
avatar: season 18 bronze rank	UNIQUE_AVATAR_GVGSEASON_18_BRONZE
avatar: silver arcanist	UNIQUE_AVATAR_GVGSEASON_25_SILVER
avatar: silver dread knight	UNIQUE_AVATAR_GVGSEASON_24_SILVER
avatar: silver fisher	UNIQUE_AVATAR_GVGSEASON_28_SILVER
avatar: silver flameward	UNIQUE_AVATAR_GVGSEASON_34_SILVER
avatar: silver guardian	UNIQUE_AVATAR_GVGSEASON_23_SILVER
avatar: silver harvester	UNIQUE_AVATAR_GVGSEASON_30_SILVER
avatar: silver hunter	UNIQUE_AVATAR_GVGSEASON_29_SILVER
avatar: silver lumberjack	UNIQUE_AVATAR_GVGSEASON_31_SILVER
avatar: silver marked warrior	UNIQUE_AVATAR_GVGSEASON_33_SILVER
avatar: silver miner	UNIQUE_AVATAR_GVGSEASON_27_SILVER
avatar: silver war champion	UNIQUE_AVATAR_GVGSEASON_32_SILVER
avatar: smuggler	UNIQUE_AVATAR_SMUGGLER
avatar: wanderer in the mists	UNIQUE_AVATAR_BRECILIEN
baby chickens	T3_FARM_CHICKEN_BABY
baby elite swamp salamander	T8_FARM_SWAMPDRAGON_FW_THETFORD_BABY
baby elite terrorbird	T8_FARM_MOABIRD_FW_BRIDGEWATCH_BABY
baby moabird	T5_FARM_MOABIRD_FW_BRIDGEWATCH_BABY
baby swamp salamander	T5_FARM_SWAMPDRAGON_FW_THETFORD_BABY
bag of silver	UNIQUE_SILVERBAG_ADC_GENERAL_01
barbarian's boots	UNIQUE_SHOES_VANITY_BARBARIAN
barbarian's cape	UNIQUE_CAPE_VANITY_BARBARIAN
barbarian's harness	UNIQUE_ARMOR_VANITY_BARBARIAN
barbarian's helmet	UNIQUE_HEAD_VANITY_BARBARIAN
bard's hat	UNIQUE_HEAD_VANITY_BARD
bard's shoes	UNIQUE_SHOES_VANITY_BARD
bard's suit	UNIQUE_ARMOR_VANITY_BARD
baroque cloth	T8_CLOTH
barrel	PLAYERISLAND_FURNITUREITEM_FARM_FOODCONTAINER_SMALL
barrel with candle	PLAYERISLAND_FURNITUREITEM_WOOD_BARREL_A
basalt	T7_ROCK
basalt block	T7_STONEBLOCK
basalt fragment	T7_FURNITUREITEM_TROPHY_ROCK
basic arcane extract	T1_ALCHEMY_EXTRACT_LEVEL1
basic fish sauce	T1_FISHSAUCE_LEVEL1
battle memento	UNIQUE_FURNITUREITEM_KILLTROPHY_OPENWORLD_MEDIUM
bean salad	T2_MEAL_SALAD
bean seeds	T2_FARM_BEAN_SEED
beans	T2_BEAN
beastheart	T1_FACTION_STEPPE_TOKEN_1
beef sandwich	T8_MEAL_SANDWICH
beef stew	T8_MEAL_STEW
beginner's axe	T1_2H_TOOL_AXE
beginner's bag of silver	T1_SILVERBAG_NONTRADABLE
beginner's broadsword	T1_MAIN_SWORD
beginner's mercenary hood	T1_HEAD_LEATHER_SET1
beginner's mercenary jacket	T1_ARMOR_LEATHER_SET1
beginner's mercenary shoes	T1_SHOES_LEATHER_SET1
beginner's pickaxe	T1_2H_TOOL_PICK
beginner's shield	T1_OFF_SHIELD
beginner's sickle	T1_2H_TOOL_SICKLE
beginner's skinning knife	T1_2H_TOOL_KNIFE
beginner's stone hammer	T1_2H_TOOL_HAMMER
beginner's tome of insight	T1_SKILLBOOK_NONTRADABLE
beginner's tome of learning	T1_LEARNINGPOINTS_NONTRADABLE
berserk potion	T6_POTION_BERSERK
bighorn ram lamb	T5_FARM_RAM_FW_MARTLOCK_BABY
birch bonsai	T2_FURNITUREITEM_TROPHY_WOOD
birch logs	T2_WOOD
birch planks	T2_PLANKS
birdhouse	PLAYERISLAND_FURNITUREITEM_FARM_BIRDHOUSE_A
black market ox	SKIN_OX_BLACKMARKET
black market palanquin	SKIN_MAMMOTH_WEALTHY_AJ
black panther	UNIQUE_MOUNT_BLACK_PANTHER_ADC
black sleeping cap	UNIQUE_HEAD_VANITY_NIGHTGOWN_BLACK
blackbog clam	T7_FISH_FRESHWATER_SWAMP_RARE
blackbog clam soup	T5_MEAL_SOUP_FISH
blood chalice	TREASURE_RITUAL_RARITY2
bloodoak bonsai	T6_FURNITUREITEM_TROPHY_WOOD
bloodoak logs	T6_WOOD
bloodoak planks	T6_PLANKS
blue bard's hat	UNIQUE_HEAD_VANITY_BARD_BLUE
blue bard's shoes	UNIQUE_SHOES_VANITY_BARD_BLUE
blue bard's suit	UNIQUE_ARMOR_VANITY_BARD_BLUE
blue princess dress	UNIQUE_ARMOR_VANITY_DRESS_BLUE
blue princess hat	UNIQUE_HEAD_VANITY_DRESS_BLUE
blue princess shoes	UNIQUE_SHOES_VANITY_DRESS_BLUE
bluefin tuna	T7_FISH_SALTWATER_ALL_COMMON
bluescale cod	T4_FISH_SALTWATER_ALL_COMMON
bluescale pike	T4_FISH_FRESHWATER_ALL_COMMON
bonehorse	SKIN_HORSE_UNDEAD
book sculpture	PLAYERISLAND_FURNITUREITEM_STONE_STATUE_MAGE_A
bountiful harvest ox	SKIN_OX_FARMER_AJ
bread	T4_BREAD
bridal bouquet	UNIQUE_OFF_VANITY_WEDDING_DRESS
bridal dress	UNIQUE_ARMOR_VANITY_WEDDING_DRESS
bridal shoes	UNIQUE_SHOES_VANITY_WEDDING_DRESS
bridal veil	UNIQUE_HEAD_VANITY_WEDDING_DRESS
bridgewatch warbanner	UNIQUE_UNLOCK_VANITY_2H_FW_BRIDGEWATCH_BANNER
brightleaf comfrey	T3_COMFREY
brightleaf comfrey seeds	T3_FARM_COMFREY_SEED
brightscale zander	T6_FISH_FRESHWATER_ALL_COMMON
broken scholar statue	PLAYERISLAND_FURNITUREITEM_STONE_STATUE_A_BROKEN
bronze avatar - season 14	UNIQUE_AVATAR_GVGSEASON_14_BRONZE_SINGLE
bronze avatar - season 15	UNIQUE_AVATAR_GVGSEASON_15_BRONZE_SINGLE
bronze avatar - season 16	UNIQUE_AVATAR_GVGSEASON_16_BRONZE_SINGLE
bronze avatar - season 17	UNIQUE_AVATAR_GVGSEASON_17_BRONZE_SINGLE
bronze avatar - season 18	UNIQUE_AVATAR_GVGSEASON_18_BRONZE_SINGLE
bronze avatar - season 19	UNIQUE_AVATAR_GVGSEASON_19_BRONZE_SINGLE
bronze avatar - season 20	UNIQUE_AVATAR_GVGSEASON_20_BRONZE_SINGLE
bronze avatar - season 21	UNIQUE_AVATAR_GVGSEASON_21_BRONZE_SINGLE
bronze avatar - season 22	UNIQUE_AVATAR_GVGSEASON_22_BRONZE_SINGLE
bronze avatar - season 23	UNIQUE_AVATAR_GVGSEASON_23_BRONZE_SINGLE
bronze avatar - season 24	UNIQUE_AVATAR_GVGSEASON_24_BRONZE_SINGLE
bronze avatar - season 25	UNIQUE_AVATAR_GVGSEASON_25_BRONZE_SINGLE
bronze avatar - season 26	UNIQUE_AVATAR_GVGSEASON_26_BRONZE_SINGLE
bronze avatar - season 27	UNIQUE_AVATAR_GVGSEASON_27_BRONZE_SINGLE
bronze avatar - season 28	UNIQUE_AVATAR_GVGSEASON_28_BRONZE_SINGLE
bronze avatar - season 29	UNIQUE_AVATAR_GVGSEASON_29_BRONZE_SINGLE
bronze bar	T3_METALBAR
bronze battle mount chest	UNIQUE_LOOTCHEST_BATTLEMOUNT_BRONZE
bronze battle rhino	UNIQUE_MOUNT_RHINO_SEASON_BRONZE
bronze campaign chest: bridgewatch	UNIQUE_LOOTCHEST_FACTIONCAMPAIGN_REWARD_STEPPE_02
bronze campaign chest: caerleon	UNIQUE_LOOTCHEST_FACTIONCAMPAIGN_REWARD_CAERLEON_02
bronze campaign chest: fort sterling	UNIQUE_LOOTCHEST_FACTIONCAMPAIGN_REWARD_MOUNTAIN_02
bronze campaign chest: lymhurst	UNIQUE_LOOTCHEST_FACTIONCAMPAIGN_REWARD_FOREST_02
bronze campaign chest: martlock	UNIQUE_LOOTCHEST_FACTIONCAMPAIGN_REWARD_HIGHLAND_02
bronze campaign chest: thetford	UNIQUE_LOOTCHEST_FACTIONCAMPAIGN_REWARD_SWAMP_02
bronze founder's certificate	UNIQUE_FURNITUREITEM_ASIA_FOUNDER_CERTIFICATE_BRONZE
bronze gathering statue	UNIQUE_FURNITUREITEM_BETAREWARD_GATHERING_BRONZE
bronze monster slayer statue	UNIQUE_FURNITUREITEM_BETAREWARD_PVE_BRONZE
bronze trader statue	UNIQUE_FURNITUREITEM_BETAREWARD_SILVER_BRONZE
brown alpaca	SKIN_GIANTSTAG_ALPACA_BROWN
brown mare	SKIN_HORSE_BROWN
bundle of corn	T7_CORN
bunny stalker basket	UNIQUE_BACKPACK_VANITY_EASTER
bunny stalker hat	UNIQUE_HEAD_VANITY_EASTER_BROWN
bunny stalker overalls	UNIQUE_ARMOR_VANITY_EASTER
bunny stalker shoes	UNIQUE_SHOES_VANITY_EASTER
bunting portal	PLAYERISLAND_FURNITUREITEM_WOOD_BUNTING_A
burp-o'-lantern	UNIQUE_OFF_VANITY_PUMPKIN_SAD
buttercup	SKIN_DIREBOAR_FIBER_GATHERER
buy a round	QUESTITEM_STANDING_SMUGGLER
cabbage	T5_CABBAGE
cabbage seeds	T5_FARM_CABBAGE_SEED
cabbage soup	T5_MEAL_SOUP
caerleon greywolf pup	T5_FARM_GREYWOLF_FW_CAERLEON_BABY
caerleon realmgate	UNIQUE_FURNITUREITEM_SEALED_CAERLEON_REALMGATE
caerleon warbanner	UNIQUE_UNLOCK_VANITY_2H_FW_CAERLEON_BANNER
calf	T8_FARM_COW_BABY
calming potion	T5_POTION_MOB_RESET
candelabra	PLAYERISLAND_FURNITUREITEM_WOOD_CANDELABRA_A
carnival arch	UNIQUE_FURNITUREITEM_ADC_CARNIVAL_ARCHWAY_A
carnival challenge chest	UNIQUE_LOOTCHEST_ADC_FEB2019
carnival costume cart	UNIQUE_FURNITUREITEM_ADC_CARNIVAL_MASK_CART
carnival firework	UNIQUE_FURNITUREITEM_ADC_CARNIVAL_FIREWORK_A
carp trophy	T2_FURNITUREITEM_TROPHY_FISH
carrot seeds	T1_FARM_CARROT_SEED
carrot soup	T1_MEAL_SOUP
carrots	T1_CARROT
catfish trophy	T7_FURNITUREITEM_TROPHY_FISH
cedar bonsai	T5_FURNITUREITEM_TROPHY_WOOD
cedar logs	T5_WOOD
cedar planks	T5_PLANKS
champion's armor	UNIQUE_ARMOR_VANITY_WARRIOR_KNIGHT
champion's boots	UNIQUE_SHOES_VANITY_WARRIOR_KNIGHT
champion's sword and cape	UNIQUE_CAPE_VANITY_WARRIOR_KNIGHT
champion's visage	UNIQUE_HEAD_VANITY_WARRIOR_KNIGHT
character progression avatar	UNIQUE_AVATAR_AJ_CHARACTER_PROGRESSION_01
character progression avatar ring	UNIQUE_AVATARRING_AJ_CHARACTER_PROGRESSION_01
chestnut bonsai	T3_FURNITUREITEM_TROPHY_WOOD
chestnut logs	T3_WOOD
chestnut planks	T3_PLANKS
chicken	T3_FARM_CHICKEN_GROWN
chicken omelette	T3_MEAL_OMELETTE
chicken pie	T3_MEAL_PIE
chimera	SKIN_HORSE_QUESTING_BEAST
chocolate	UNIQUE_CONSUMABLE_EVENT_EASTER_2020_CHOCOLATE
chocolate egg	UNIQUE_CONSUMABLE_EVENT_EASTER_CHOCOLATE_EGG_2025
chopped fish	T1_FISHCHOPS
chromacannon	UNIQUE_VANITY_2H_GUN_ANNIVERSARY
cleansing potion	T5_POTION_CLEANSE2
clearhaze snapper	T5_FISH_FRESHWATER_AVALON_RARE
click the pillar for various interactions.	UNIQUE_ALTAR_OF_CHEATING
clothes line	PLAYERISLAND_FURNITUREITEM_WOOD_LAUNDRY_A
combat memento	UNIQUE_FURNITUREITEM_KILLTROPHY_OPENWORLD_SMALL
comfy amberleaf cotton trophy	T6_FURNITUREITEM_TROPHY_FIBER
comfy cotton trophy	T2_FURNITUREITEM_TROPHY_FIBER
commander's armor	UNIQUE_ARMOR_VANITY_FW_COMMANDER
commander's armored horse	SKIN_ARMORED_HORSE_FW_COMMANDER
commander's aspect	UNIQUE_HEAD_VANITY_FW_COMMANDER
commander's cape	UNIQUE_CAPE_VANITY_FW_COMMANDER
commander's heraldic armor	UNIQUE_ARMOR_VANITY_FW_COMMANDER_GUILD_COLORED
commander's heraldic armored horse	SKIN_ARMORED_HORSE_FW_COMMANDER_GUILD_COLORED
commander's heraldic cape	UNIQUE_CAPE_VANITY_FW_COMMANDER_GUILD_COLORED
commander's shoes	UNIQUE_SHOES_VANITY_FW_COMMANDER
common community chest	UNIQUE_LOOTCHEST_COMMUNITY_COMMON
common community treasure	UNIQUE_LOOTCHEST_COMMUNITY_EXCLUSIVE_COMMON
common herring	T1_FISH_SALTWATER_ALL_COMMON
common rudd	T1_FISH_FRESHWATER_ALL_COMMON
community chest	UNIQUE_LOOTCHEST_COMMUNITY_GENERIC
community token	UNIQUE_TOKEN_COMMUNITY
conqueror's chest	UNIQUE_LOOTCHEST_CONQUEROR_FAVOR_PURCHASE
controller banner victory emote charge	T1_KILL_EMOTE_FLAG_CONTROLLER_CHARGES_NONTRADABLE
copper bar	T2_METALBAR
copper ore	T2_ORE
copper ore sample	T2_FURNITUREITEM_TROPHY_ORE
corn hooch	T7_ALCOHOL
corn seeds	T7_FARM_CORN_SEED
corner lantern	PLAYERISLAND_FURNITUREITEM_WOOD_LANTERN_CORNER_A
corrupted dungeon map (hunter)	T5_CORRUPTED_NONLETHAL_MAP
corrupted dungeon map (stalker/slayer)	T6_CORRUPTED_LETHAL_MAP
corrupted preacher's boots	UNIQUE_SHOES_VANITY_CORRUPTED_PREACHER
corrupted preacher's cape	UNIQUE_CAPE_VANITY_CORRUPTED_PREACHER
corrupted preacher's coat	UNIQUE_ARMOR_VANITY_CORRUPTED_PREACHER
corrupted preacher's hat	UNIQUE_HEAD_VANITY_CORRUPTED_PREACHER
corrupted preacher's ox	SKIN_OX_CORRUPTED_PREACHER
corrupted scroll	TREASURE_KNOWLEDGE_RARITY1
cotton	T2_FIBER
cow	T8_FARM_COW_GROWN
cow's butter	T8_BUTTER
cow's milk	T8_MILK
crate	PLAYERISLAND_FURNITUREITEM_FARM_FOODCONTAINER_LARGE
creatures avatar	UNIQUE_AVATAR_AJ_CREATURES_01
creatures avatar ring	UNIQUE_AVATARRING_AJ_CREATURES_01
crenellated burdock	T4_BURDOCK
crenellated burdock seeds	T4_FARM_BURDOCK_SEED
cryomancer's aspect	UNIQUE_HEAD_VANITY_FROSTMAGE
cryomancer's boots	UNIQUE_SHOES_VANITY_FROSTMAGE
cryomancer's cape	UNIQUE_CAPE_VANITY_FROSTMAGE
cryomancer's robe	UNIQUE_ARMOR_VANITY_FROSTMAGE
crystal ancient ent	UNIQUE_MOUNT_ENT_CRYSTAL
crystal arena chest - bronze i	T5_LOOTBAG_ARENA_RANK_UP_BRONZE1
crystal arena chest - bronze ii	T5_LOOTBAG_ARENA_RANK_UP_BRONZE2
crystal arena chest - bronze iii	T5_LOOTBAG_ARENA_RANK_UP_BRONZE3
crystal arena chest - bronze iv	T5_LOOTBAG_ARENA_RANK_UP_BRONZE4
crystal arena chest - crystal	T8_LOOTBAG_ARENA_RANK_UP_CRYSTAL
crystal arena chest - gold i	T7_LOOTBAG_ARENA_RANK_UP_GOLD1
crystal arena chest - gold ii	T7_LOOTBAG_ARENA_RANK_UP_GOLD2
crystal arena chest - gold iii	T7_LOOTBAG_ARENA_RANK_UP_GOLD3
crystal arena chest - gold iv	T7_LOOTBAG_ARENA_RANK_UP_GOLD4
crystal arena chest - iron ii	T4_LOOTBAG_ARENA_RANK_UP_IRON2
crystal arena chest - iron iii	T4_LOOTBAG_ARENA_RANK_UP_IRON3
crystal arena chest - iron iv	T4_LOOTBAG_ARENA_RANK_UP_IRON4
crystal arena chest - silver i	T6_LOOTBAG_ARENA_RANK_UP_SILVER1
crystal arena chest - silver ii	T6_LOOTBAG_ARENA_RANK_UP_SILVER2
crystal arena chest - silver iii	T6_LOOTBAG_ARENA_RANK_UP_SILVER3
crystal arena chest - silver iv	T6_LOOTBAG_ARENA_RANK_UP_SILVER4
crystal avatar - season 14	UNIQUE_AVATAR_GVGSEASON_14_CRYSTAL_SINGLE
crystal avatar - season 15	UNIQUE_AVATAR_GVGSEASON_15_CRYSTAL_SINGLE
crystal avatar - season 16	UNIQUE_AVATAR_GVGSEASON_16_CRYSTAL_SINGLE
crystal avatar - season 17	UNIQUE_AVATAR_GVGSEASON_17_CRYSTAL_SINGLE
crystal avatar - season 18	UNIQUE_AVATAR_GVGSEASON_18_CRYSTAL_SINGLE
crystal avatar - season 19	UNIQUE_AVATAR_GVGSEASON_19_CRYSTAL_SINGLE
crystal avatar - season 20	UNIQUE_AVATAR_GVGSEASON_20_CRYSTAL_SINGLE
crystal avatar - season 21	UNIQUE_AVATAR_GVGSEASON_21_CRYSTAL_SINGLE
crystal avatar - season 22	UNIQUE_AVATAR_GVGSEASON_22_CRYSTAL_SINGLE
crystal avatar - season 23	UNIQUE_AVATAR_GVGSEASON_23_CRYSTAL_SINGLE
crystal avatar - season 24	UNIQUE_AVATAR_GVGSEASON_24_CRYSTAL_SINGLE
crystal avatar - season 25	UNIQUE_AVATAR_GVGSEASON_25_CRYSTAL_SINGLE
crystal avatar - season 26	UNIQUE_AVATAR_GVGSEASON_26_CRYSTAL_SINGLE
crystal avatar - season 27	UNIQUE_AVATAR_GVGSEASON_27_CRYSTAL_SINGLE
crystal avatar - season 28	UNIQUE_AVATAR_GVGSEASON_28_CRYSTAL_SINGLE
crystal avatar - season 29	UNIQUE_AVATAR_GVGSEASON_29_CRYSTAL_SINGLE
crystal battle eagle	UNIQUE_MOUNT_ARMORED_EAGLE_CRYSTAL
crystal battle mount chest	UNIQUE_LOOTCHEST_BATTLEMOUNT_CRYSTAL
crystal battle rhino	UNIQUE_MOUNT_RHINO_SEASON_CRYSTAL
crystal behemoth	UNIQUE_MOUNT_BEHEMOTH_CRYSTAL
crystal colossus beetle	UNIQUE_MOUNT_BEETLE_CRYSTAL
crystal founder's certificate	UNIQUE_FURNITUREITEM_ASIA_FOUNDER_CERTIFICATE_CRYSTAL
crystal founder's statue	UNIQUE_FURNITUREITEM_ASIA_FOUNDER_STATUE_CRYSTAL
crystal gladiator armor	UNIQUE_ARMOR_VANITY_GLADIATOR_CRYSTAL
crystal gladiator boots	UNIQUE_SHOES_VANITY_GLADIATOR_CRYSTAL
crystal gladiator cape	UNIQUE_CAPE_VANITY_GLADIATOR_CRYSTAL
crystal gladiator helm	UNIQUE_HEAD_VANITY_GLADIATOR_CRYSTAL
crystal goliath horseeater	UNIQUE_MOUNT_BATTLESPIDER_CRYSTAL
crystal juggernaut	UNIQUE_MOUNT_JUGGERNAUT_CRYSTAL
crystal phalanx beetle	UNIQUE_MOUNT_TANKBEETLE_CRYSTAL
crystal roving bastion	UNIQUE_MOUNT_BASTION_CRYSTAL
crystal tower chariot	UNIQUE_MOUNT_TOWER_CHARIOT_CRYSTAL
cube of fate	UNIQUE_VANITY_MAIN_DICE_SIXSIDED_AJ
cured leather	T5_LEATHER
cursed direboar	SKIN_DIREBOAR_OCCULT
cursed hound	SKIN_DIREWOLF_ZEALOT
danglemouth catfish	T7_FISH_FRESHWATER_ALL_COMMON
dark founder's certificate	UNIQUE_FURNITUREITEM_DARK_FOUNDER_CERTIFICATE
dark founder's statue	UNIQUE_FURNITUREITEM_DARK_FOUNDER_STATUE
darkfang	SKIN_COUGAR_DARK
deadwater eel	T7_FISH_FRESHWATER_FOREST_RARE
deadwater eel stew	T8_MEAL_STEW_FISH
decadent robe	UNIQUE_ARMOR_VANITY_WEALTHY_NOBLE_AJ
decorated pine tree	UNIQUE_FURNITUREITEM_XMAS_FILL_CITY_TREE_A
decorative keeper cloth cape	T6_CAPE_CLOTH_KEEPER
decorative keeper leather cape	T6_CAPE_LEATHER_KEEPER
decorative keeper platemail cape	T6_CAPE_PLATE_KEEPER
decorative morgana cloth cape	T6_CAPE_CLOTH_MORGANA
decorative morgana leather cape	T6_CAPE_LEATHER_MORGANA
decorative morgana platemail cape	T6_CAPE_PLATE_MORGANA
decorative ram bridle	UNIQUE_MOUNTUPGRADE_RAM_XMAS
decorative stag bridle	T6_MOUNTUPGRADE_GIANTSTAG_XMAS
decorative undead cloth cape	T6_CAPE_CLOTH_UNDEAD
decorative undead leather cape	T6_CAPE_LEATHER_UNDEAD
decorative undead platemail cape	T6_CAPE_PLATE_UNDEAD
deepwater kraken	T7_FISH_SALTWATER_ALL_RARE
deepwater kraken salad	T6_MEAL_SALAD_FISH
delightful straw hat	UNIQUE_HEAD_VANITY_FARMER_COZY_AJ
delivery: "the package"	QUESTITEM_LIGHT_THEPACKAGE
delivery: artistic manuscripts	QUESTITEM_LIGHT_MANUSCRIPTS
delivery: assassination order	QUESTITEM_LIGHT_ASSASSINATION
delivery: barrels	QUESTITEM_HEAVY_BARREL
delivery: beehives	QUESTITEM_LIGHT_BEES
delivery: blueprints	QUESTITEM_LIGHT_BLUEPRINTS
delivery: casualty report	QUESTITEM_LIGHT_CASUALTIES
delivery: crates	QUESTITEM_HEAVY_CRATE
delivery: farmyard tools	QUESTITEM_HEAVY_FARMTOOLS
delivery: geoff the brigand's all-natural enriched moonshine	QUESTITEM_HEAVY_MOONSHINE
delivery: geomantic surveys	QUESTITEM_LIGHT_SURVEYS
delivery: heavy fur	QUESTITEM_LIGHT_FUR
delivery: medical supplies	QUESTITEM_HEAVY_MEDICAL
delivery: mortar	QUESTITEM_HEAVY_MORTAR
delivery: old clothes	QUESTITEM_LIGHT_OLDCLOTHES
delivery: patrol route	QUESTITEM_LIGHT_PATROLROUTE
delivery: pile of manure	QUESTITEM_HEAVY_MANURE
delivery: regimental rings	QUESTITEM_LIGHT_RINGS
delivery: sack of kittens	QUESTITEM_LIGHT_KITTENS
delivery: sensitive barrels	QUESTITEM_HEAVY_FIREBARREL
delver's direbear	SKIN_DIREBEAR_ADVENTURE_AJ
demon hunter's boots	UNIQUE_SHOES_VANITY_DEMONHUNTER
demon hunter's cape	UNIQUE_CAPE_VANITY_DEMONHUNTER
demon hunter's coat	UNIQUE_ARMOR_VANITY_DEMONHUNTER
demon hunter's hat	UNIQUE_HEAD_VANITY_DEMONHUNTER
demon hunter's horse	SKIN_HORSE_DEMONHUNTER
demon skull	UNIQUE_VANITY_2H_SKULL_DEMON_GOLDEN_AJ
demonic memento	UNIQUE_FURNITUREITEM_KILLTROPHY_HELL_SMALL
demonic warrior's armor	UNIQUE_ARMOR_VANITY_DEMONICWARRIOR
demonic warrior's boots	UNIQUE_SHOES_VANITY_DEMONICWARRIOR
demonic warrior's cape	UNIQUE_CAPE_VANITY_DEMONICWARRIOR
demonic warrior's helmet	UNIQUE_HEAD_VANITY_DEMONICWARRIOR
desktop banner victory emote charge	T1_KILL_EMOTE_FLAG_DESKTOP_CHARGES_NONTRADABLE
destiny's circlet	UNIQUE_HEAD_VANITY_DESTINY_STONES_AJ
direbear cub	T8_FARM_DIREBEAR_BABY
direbear rug	UNIQUE_FURNITUREITEM_ADC_RUG_DIREBEAR
direbear skin: delver's direbear	UNIQUE_UNLOCK_SKIN_DIREBEAR_ADVENTURE_AJ
direbear skin: panda	UNIQUE_UNLOCK_SKIN_DIREBEAR_PANDA_TELLAFRIEND
direboar piglet	T7_FARM_DIREBOAR_BABY
direboar skin: buttercup	UNIQUE_UNLOCK_DIREBOAR_FIBER_GATHERER
direboar skin: domesticated hog	UNIQUE_UNLOCK_SKIN_DIREBOAR_HOUSEPIG
direboar skin: mechanical boar	UNIQUE_UNLOCK_SKIN_DIREBOAR_MECHANICAL_AJ
direboar skin: recruiter's pig	UNIQUE_UNLOCK_SKIN_DIREBOAR_PIG_TELLAFRIEND
direboar skin: white direboar	UNIQUE_UNLOCK_SKIN_DIREBOAR_WHITE_TELLAFRIEND
direwolf	T6_MOUNT_DIREWOLF
direwolf pup	T6_FARM_DIREWOLF_BABY
direwolf skin set: guild season 2nd place	UNIQUE_UNLOCK_SKIN_DIREWOLF_GVGSEASON_2ND_01
direwolf skin set: guild season winner	UNIQUE_UNLOCK_SKIN_DIREWOLF_GVGSEASON_1ST_01
direwolf skin: epic guild season winner	UNIQUE_UNLOCK_SKIN_DIREWOLF_GVGSEASON_1ST_02
direwolf skin: fennec	UNIQUE_UNLOCK_SKIN_DIREWOLF_FENNEK
direwolf skin: ghostwolf	UNIQUE_UNLOCK_SKIN_DIREWOLF_WHITE
direwolf skin: guild season 3rd place	UNIQUE_UNLOCK_SKIN_DIREWOLF_GVGSEASON_3RD_01
direwolf skin: ironjaw hyena	UNIQUE_UNLOCK_SKIN_DIREWOLF_HYENA_TELLAFRIEND
direwolf skin: legendary guild season winner	UNIQUE_UNLOCK_SKIN_DIREWOLF_GVGSEASON_1ST_03
direwolf skin: lurking shadow	UNIQUE_UNLOCK_SKIN_DIREWOLF_SHADOW_AJ
direwolf skin: recruiter's dire fox	UNIQUE_UNLOCK_SKIN_DIREWOLF_DIREFOX_TELLAFRIEND
direwolf skin: recruiter's grey wolf	UNIQUE_UNLOCK_SKIN_DIREWOLF_GREY_TELLAFRIEND
direwolf skin: recruiter's husky sled	UNIQUE_UNLOCK_SKIN_DIREWOLF_HUSKYSLEIGH_TELLAFRIEND
direwolf skin: recruiter's rottweiler	UNIQUE_UNLOCK_SKIN_DIREWOLF_BLOODHOUND_TELLAFRIEND
direwolf skin: recruiter's saint bernard	UNIQUE_UNLOCK_SKIN_DIREWOLF_BERNARD_TELLAFRIEND
direwolf skin: sheepdog	UNIQUE_UNLOCK_SKIN_DIREWOLF_BOBTAIL
direwolf skin: shepherd	UNIQUE_UNLOCK_SKIN_DIREWOLF_SHEPHERD_TELLAFRIEND
direwolf skin: snow fox	UNIQUE_UNLOCK_SKIN_DIREWOLF_SNOWFOX_TELLAFRIEND
direwolf skin: specter wolf	UNIQUE_UNLOCK_SKIN_DIREWOLF_SPECTER
divine challenge chest	UNIQUE_LOOTCHEST_ADC_AUG2019
divine owl	UNIQUE_MOUNT_DIVINE_OWL_ADC
divine stag	SKIN_GIANTSTAG_DIVINE
doghouse	PLAYERISLAND_FURNITUREITEM_FARM_DOG_HUT_A
domesticated hog	SKIN_DIREBOAR_HOUSEPIG
dragon teasel	T5_TEASEL
dragon teasel seeds	T5_FARM_TEASEL_SEED
dreamcatcher	TREASURE_TRIBAL_RARITY2
druid's cape	UNIQUE_CAPE_VANITY_DRUID
druid's horns	UNIQUE_HEAD_VANITY_DRUID
druid's shoes	UNIQUE_SHOES_VANITY_DRUID
druid's stag	SKIN_STAG_DRUID
druid's vestments	UNIQUE_ARMOR_VANITY_DRUID
drybrook crab	T5_FISH_FRESHWATER_STEPPE_RARE
drybrook crab omelette	T5_MEAL_OMELETTE_FISH
duelist's armor	UNIQUE_ARMOR_VANITY_DUELIST
duelist's boots	UNIQUE_SHOES_VANITY_DUELIST
duelist's cape	UNIQUE_CAPE_VANITY_DUELIST
duelist's hat	UNIQUE_HEAD_VANITY_DUELIST
duelist's lynx	SKIN_COUGAR_DUELIST
dusthole crab	T7_FISH_FRESHWATER_STEPPE_RARE
dusthole crab omelette	T7_MEAL_OMELETTE_FISH
earthworm	T1_WORM
eerie cottontail egg	T8_FARM_RABBIT_EASTER_BABY_DARK
egg-shaped chest	UNIQUE_FURNITUREITEM_EASTER_CHEST
eighth anniversary avatar	UNIQUE_AVATAR_ANNIVERSARY_2025
eighth anniversary ring	UNIQUE_AVATARRING_ANNIVERSARY_2025
eighth-year stallion	SKIN_HORSE_ANNIVERSARY_2025
elder animal skinner tome	T8_SKILLBOOK_GATHER_HIDE
elder blacksmith contract	T8_LABOURER_CONTRACT_WARRIOR
elder blacksmith's journal (empty)	T8_JOURNAL_WARRIOR_EMPTY
elder blacksmith's journal (full)	T8_JOURNAL_WARRIOR_FULL
elder blacksmith's journal (partially full)	T8_JOURNAL_WARRIOR
elder cropper contract	T8_LABOURER_CONTRACT_FIBER
elder cropper's journal (empty)	T8_JOURNAL_FIBER_EMPTY
elder cropper's journal (full)	T8_JOURNAL_FIBER_FULL
elder cropper's journal (partially full)	T8_JOURNAL_FIBER
elder cropper's trophy journal (empty)	T8_JOURNAL_TROPHY_FIBER_EMPTY
elder cropper's trophy journal (full)	T8_JOURNAL_TROPHY_FIBER_FULL
elder cropper's trophy journal (partially full)	T8_JOURNAL_TROPHY_FIBER
elder fiber harvester tome	T8_SKILLBOOK_GATHER_FIBER
elder fisherman contract	T8_LABOURER_CONTRACT_FISHERMAN
elder fisherman's journal (empty)	T8_JOURNAL_FISHING_EMPTY
elder fisherman's journal (full)	T8_JOURNAL_FISHING_FULL
elder fisherman's journal (partially full)	T8_JOURNAL_FISHING
elder fisherman's trophy journal (empty)	T8_JOURNAL_TROPHY_FISHING_EMPTY
elder fisherman's trophy journal (full)	T8_JOURNAL_TROPHY_FISHING_FULL
elder fisherman's trophy journal (partially full)	T8_JOURNAL_TROPHY_FISHING
elder fletcher contract	T8_LABOURER_CONTRACT_HUNTER
elder fletcher's journal (empty)	T8_JOURNAL_HUNTER_EMPTY
elder fletcher's journal (full)	T8_JOURNAL_HUNTER_FULL
elder fletcher's journal (partially full)	T8_JOURNAL_HUNTER
elder gamekeeper contract	T8_LABOURER_CONTRACT_HIDE
elder gamekeeper's journal (empty)	T8_JOURNAL_HIDE_EMPTY
elder gamekeeper's journal (full)	T8_JOURNAL_HIDE_FULL
elder gamekeeper's journal (partially full)	T8_JOURNAL_HIDE
elder gamekeeper's trophy journal (empty)	T8_JOURNAL_TROPHY_HIDE_EMPTY
elder gamekeeper's trophy journal (full)	T8_JOURNAL_TROPHY_HIDE_FULL
elder gamekeeper's trophy journal (partially full)	T8_JOURNAL_TROPHY_HIDE
elder imbuer contract	T8_LABOURER_CONTRACT_MAGE
elder imbuer's journal (empty)	T8_JOURNAL_MAGE_EMPTY
elder imbuer's journal (full)	T8_JOURNAL_MAGE_FULL
elder imbuer's journal (partially full)	T8_JOURNAL_MAGE
elder lumberjack contract	T8_LABOURER_CONTRACT_WOOD
elder lumberjack tome	T8_SKILLBOOK_GATHER_WOOD
elder lumberjack's journal (empty)	T8_JOURNAL_WOOD_EMPTY
elder lumberjack's journal (full)	T8_JOURNAL_WOOD_FULL
elder lumberjack's journal (partially full)	T8_JOURNAL_WOOD
elder lumberjack's trophy journal (empty)	T8_JOURNAL_TROPHY_WOOD_EMPTY
elder lumberjack's trophy journal (full)	T8_JOURNAL_TROPHY_WOOD_FULL
elder lumberjack's trophy journal (partially full)	T8_JOURNAL_TROPHY_WOOD
elder mercenary contract	T8_LABOURER_CONTRACT_MERCENARY
elder mercenary's journal (empty)	T8_JOURNAL_MERCENARY_EMPTY
elder mercenary's journal (full)	T8_JOURNAL_MERCENARY_FULL
elder mercenary's journal (partially full)	T8_JOURNAL_MERCENARY
elder mercenary's trophy	T8_FURNITUREITEM_TROPHY_MERCENARY
elder mercenary's trophy journal (empty)	T8_JOURNAL_TROPHY_MERCENARY_EMPTY
elder mercenary's trophy journal (full)	T8_JOURNAL_TROPHY_MERCENARY_FULL
elder mercenary's trophy journal (partially full)	T8_JOURNAL_TROPHY_MERCENARY
elder ore miner tome	T8_SKILLBOOK_GATHER_ORE
elder prospector contract	T8_LABOURER_CONTRACT_ORE
elder prospector's journal (empty)	T8_JOURNAL_ORE_EMPTY
elder prospector's journal (full)	T8_JOURNAL_ORE_FULL
elder prospector's journal (partially full)	T8_JOURNAL_ORE
elder prospector's trophy journal (empty)	T8_JOURNAL_TROPHY_ORE_EMPTY
elder prospector's trophy journal (full)	T8_JOURNAL_TROPHY_ORE_FULL
elder prospector's trophy journal (partially full)	T8_JOURNAL_TROPHY_ORE
elder quarrier tome	T8_SKILLBOOK_GATHER_ROCK
elder stonecutter contract	T8_LABOURER_CONTRACT_STONE
elder stonecutter's journal (empty)	T8_JOURNAL_STONE_EMPTY
elder stonecutter's journal (full)	T8_JOURNAL_STONE_FULL
elder stonecutter's journal (partially full)	T8_JOURNAL_STONE
elder stonecutter's trophy journal (empty)	T8_JOURNAL_TROPHY_STONE_EMPTY
elder stonecutter's trophy journal (full)	T8_JOURNAL_TROPHY_STONE_FULL
elder stonecutter's trophy journal (partially full)	T8_JOURNAL_TROPHY_STONE
elder tinker contract	T8_LABOURER_CONTRACT_TOOLMAKER
elder tinker's journal (empty)	T8_JOURNAL_TOOLMAKER_EMPTY
elder tinker's journal (full)	T8_JOURNAL_TOOLMAKER_FULL
elder tinker's journal (partially full)	T8_JOURNAL_TOOLMAKER
elder's alluring amulet	T8_ARTEFACT_ARMOR_CLOTH_MORGANA
elder's alluring bindings	T8_ARTEFACT_SHOES_CLOTH_MORGANA
elder's alluring bolts	T8_ARTEFACT_2H_CROSSBOWLARGE_MORGANA
elder's alluring crystal	T8_ARTEFACT_OFF_ORB_MORGANA
elder's alluring padding	T8_ARTEFACT_HEAD_CLOTH_MORGANA
elder's ancient bindings	T8_ARTEFACT_SHOES_PLATE_UNDEAD
elder's ancient chain rings	T8_ARTEFACT_ARMOR_PLATE_UNDEAD
elder's ancient hammer head	T8_ARTEFACT_2H_HAMMER_UNDEAD
elder's ancient padding	T8_ARTEFACT_HEAD_PLATE_UNDEAD
elder's ancient shield core	T8_ARTEFACT_OFF_TOWERSHIELD_UNDEAD
elder's arcane essence	T8_ESSENCE_POTION
elder's arcane staff	T8_MAIN_ARCANESTAFF
elder's arclight blasters	T8_2H_DUALCROSSBOW_CRYSTAL
elder's arclight crystal	T8_ARTEFACT_2H_DUALCROSSBOW_CRYSTAL
elder's arctic staff	T8_2H_FROSTSTAFF_CRYSTAL
elder's armor of valor	T8_ARMOR_PLATE_AVALON
elder's armored horse	T8_MOUNT_ARMORED_HORSE
elder's assassin hood	T8_HEAD_LEATHER_SET3
elder's assassin jacket	T8_ARMOR_LEATHER_SET3
elder's assassin shoes	T8_SHOES_LEATHER_SET3
elder's astral aegis	T8_OFF_SHIELD_AVALON
elder's astral staff	T8_2H_ARCANESTAFF_CRYSTAL
elder's augured fasteners	T8_ARTEFACT_SHOES_LEATHER_AVALON
elder's augured padding	T8_ARTEFACT_HEAD_LEATHER_AVALON
elder's augured sash	T8_ARTEFACT_ARMOR_LEATHER_AVALON
elder's avalonian axe	T8_2H_TOOL_AXE_AVALON
elder's avalonian battle memoir	T8_ARTEFACT_2H_AXE_AVALON
elder's avalonian cape	T8_CAPEITEM_AVALON
elder's avalonian crest	T8_CAPEITEM_AVALON_BP
elder's avalonian fishing rod	T8_2H_TOOL_FISHINGROD_AVALON
elder's avalonian pickaxe	T8_2H_TOOL_PICK_AVALON
elder's avalonian shard	T8_SHARD_AVALONIAN
elder's avalonian sickle	T8_2H_TOOL_SICKLE_AVALON
elder's avalonian siege hammer	T8_2H_TOOL_SIEGEHAMMER_AVALON
elder's avalonian skinning knife	T8_2H_TOOL_KNIFE_AVALON
elder's avalonian stone hammer	T8_2H_TOOL_HAMMER_AVALON
elder's axe	T8_2H_TOOL_AXE
elder's bag	T8_BAG
elder's bag of silver	T8_SILVERBAG_NONTRADABLE
elder's battle bracers	T8_2H_KNUCKLES_SET2
elder's battleaxe	T8_MAIN_AXE
elder's bear paws	T8_2H_DUALAXE_KEEPER
elder's bed	T8_FURNITUREITEM_BED
elder's bedrock mace	T8_MAIN_ROCKMACE_KEEPER
elder's black hands	T8_2H_IRONGAUNTLETS_HELL
elder's black leather	T8_ARTEFACT_2H_IRONGAUNTLETS_HELL
elder's black monk staff	T8_2H_COMBATSTAFF_MORGANA
elder's blazing staff	T8_2H_INFERNOSTAFF_MORGANA
elder's blight staff	T8_2H_NATURESTAFF_HELL
elder's bloodforged blade	T8_ARTEFACT_MAIN_SCIMITAR_MORGANA
elder's bloodforged catalyst	T8_ARTEFACT_2H_CURSEDSTAFF_MORGANA
elder's bloodforged spikes	T8_ARTEFACT_OFF_SPIKEDSHIELD_MORGANA
elder's bloodletter	T8_MAIN_RAPIER_MORGANA
elder's bloodmoon staff	T8_2H_SHAPESHIFTER_MORGANA
elder's bloodstained antiquities	T8_ARTEFACT_2H_DAGGER_KATAR_AVALON
elder's blueflame crystal	T8_ARTEFACT_OFF_TORCH_CRYSTAL
elder's blueflame torch	T8_OFF_TORCH_CRYSTAL
elder's boltcasters	T8_2H_DUALCROSSBOW_HELL
elder's boots of valor	T8_SHOES_PLATE_AVALON
elder's bow	T8_2H_BOW
elder's bow of badon	T8_2H_BOW_KEEPER
elder's brawler gloves	T8_2H_KNUCKLES_SET1
elder's brecilien cape	T8_CAPEITEM_FW_BRECILIEN
elder's brecilien crest	T8_CAPEITEM_FW_BRECILIEN_BP
elder's bridgewatch cape	T8_CAPEITEM_FW_BRIDGEWATCH
elder's bridgewatch crest	T8_CAPEITEM_FW_BRIDGEWATCH_BP
elder's bridled fury	T8_2H_DAGGER_KATAR_AVALON
elder's brimstone staff	T8_2H_FIRESTAFF_HELL
elder's broadsword	T8_MAIN_SWORD
elder's broken demonic fang	T8_ARTEFACT_MAIN_DAGGER_HELL
elder's broken oaths	T8_ARTEFACT_2H_DUALMACE_AVALON
elder's burning orb	T8_ARTEFACT_2H_FIRESTAFF_HELL
elder's caerleon cape	T8_CAPEITEM_FW_CAERLEON
elder's caerleon crest	T8_CAPEITEM_FW_CAERLEON_BP
elder's caitiff shield	T8_OFF_SHIELD_HELL
elder's camlann mace	T8_2H_MACE_MORGANA
elder's cape	T8_CAPE
elder's carrioncaller	T8_2H_HALBERD_MORGANA
elder's carved bone	T8_ARTEFACT_2H_BOW_KEEPER
elder's carved skull padding	T8_ARTEFACT_HEAD_PLATE_KEEPER
elder's carving sword	T8_2H_CLEAVER_HELL
elder's celestial censer	T8_OFF_CENSER_AVALON
elder's chilled crystalline shard	T8_ARTEFACT_MAIN_FROSTSTAFF_AVALON
elder's chillhowl	T8_MAIN_FROSTSTAFF_AVALON
elder's clarent blade	T8_MAIN_SCIMITAR_MORGANA
elder's claws	T8_2H_CLAWPAIR
elder's claymore	T8_2H_CLAYMORE
elder's cleric cowl	T8_HEAD_CLOTH_SET2
elder's cleric robe	T8_ARMOR_CLOTH_SET2
elder's cleric sandals	T8_SHOES_CLOTH_SET2
elder's cowl of purity	T8_HEAD_CLOTH_AVALON
elder's crackling crystal	T8_ARTEFACT_2H_HAMMER_CRYSTAL
elder's crossbow	T8_2H_CROSSBOW
elder's crushed avalonian heirloom	T8_ARTEFACT_OFF_SHIELD_AVALON
elder's cryptcandle	T8_OFF_LAMP_UNDEAD
elder's crystal league chest	T8_LOOTCHEST_CRYSTAL_LEAGUE
elder's crystal reaper	T8_2H_SCYTHE_CRYSTAL
elder's crystal shard	T8_SHARD_CRYSTAL
elder's crystallized divinity	T8_ARTEFACT_TOKEN_FAVOR_4
elder's crystallized dread	T8_ARTEFACT_TOKEN_FAVOR_2
elder's crystallized magic	T8_ARTEFACT_TOKEN_FAVOR_3
elder's crystallized spirit	T8_ARTEFACT_TOKEN_FAVOR_1
elder's cultist cowl	T8_HEAD_CLOTH_MORGANA
elder's cultist robe	T8_ARMOR_CLOTH_MORGANA
elder's cultist sandals	T8_SHOES_CLOTH_MORGANA
elder's cursed barbs	T8_ARTEFACT_2H_TRIDENT_UNDEAD
elder's cursed blades	T8_ARTEFACT_2H_DUALSCIMITAR_UNDEAD
elder's cursed frozen crystal	T8_ARTEFACT_2H_ICECRYSTAL_UNDEAD
elder's cursed jawbone	T8_ARTEFACT_2H_SKULLORB_HELL
elder's cursed skull	T8_2H_SKULLORB_HELL
elder's cursed staff	T8_MAIN_CURSEDSTAFF
elder's dagger	T8_MAIN_DAGGER
elder's dagger pair	T8_2H_DAGGERPAIR
elder's damaged avalonian gauntlet	T8_ARTEFACT_2H_KNUCKLES_AVALON
elder's damnation staff	T8_2H_CURSEDSTAFF_MORGANA
elder's dawnbird remnant	T8_ARTEFACT_2H_SHAPESHIFTER_AVALON
elder's dawnsong	T8_2H_FIRE_RINGPAIR_AVALON
elder's daybreaker	T8_MAIN_SPEAR_LANCE_AVALON
elder's death-touched crystal	T8_ARTEFACT_2H_DAGGERPAIR_CRYSTAL
elder's deathgivers	T8_2H_DUALSICKLE_UNDEAD
elder's demon armor	T8_ARMOR_PLATE_HELL
elder's demon boots	T8_SHOES_PLATE_HELL
elder's demon cape	T8_CAPEITEM_DEMON
elder's demon crest	T8_CAPEITEM_DEMON_BP
elder's demon helmet	T8_HEAD_PLATE_HELL
elder's demonfang	T8_MAIN_DAGGER_HELL
elder's demonhide bindings	T8_ARTEFACT_SHOES_LEATHER_HELL
elder's demonhide leather	T8_ARTEFACT_ARMOR_LEATHER_HELL
elder's demonhide padding	T8_ARTEFACT_HEAD_LEATHER_HELL
elder's demonic arrowheads	T8_ARTEFACT_2H_BOW_HELL
elder's demonic blade	T8_ARTEFACT_2H_CLEAVER_HELL
elder's demonic filling	T8_ARTEFACT_SHOES_PLATE_HELL
elder's demonic jawbone	T8_ARTEFACT_OFF_DEMONSKULL_HELL
elder's demonic plates	T8_ARTEFACT_ARMOR_PLATE_HELL
elder's demonic scraps	T8_ARTEFACT_HEAD_PLATE_HELL
elder's demonic staff	T8_2H_DEMONICSTAFF
elder's divine staff	T8_2H_DIVINESTAFF
elder's double bladed staff	T8_2H_DOUBLEBLADEDSTAFF
elder's dreadstorm crystal	T8_ARTEFACT_MAIN_MACE_CRYSTAL
elder's dreadstorm monarch	T8_MAIN_MACE_CRYSTAL
elder's druid cowl	T8_HEAD_CLOTH_KEEPER
elder's druid robe	T8_ARMOR_CLOTH_KEEPER
elder's druid sandals	T8_SHOES_CLOTH_KEEPER
elder's druidic bindings	T8_ARTEFACT_SHOES_CLOTH_KEEPER
elder's druidic feathers	T8_ARTEFACT_ARMOR_CLOTH_KEEPER
elder's druidic inscriptions	T8_ARTEFACT_MAIN_NATURESTAFF_KEEPER
elder's druidic preserved beak	T8_ARTEFACT_HEAD_CLOTH_KEEPER
elder's druidic staff	T8_MAIN_NATURESTAFF_KEEPER
elder's dual swords	T8_2H_DUALSWORD
elder's dungeon map (group)	T8_RANDOM_DUNGEON_TOKEN_1
elder's dungeon map (large group)	T8_RANDOM_DUNGEON_ELITE_TOKEN_1
elder's dungeon map (solo)	T8_RANDOM_DUNGEON_SOLO_TOKEN_1
elder's duskweaver armor	T8_ARMOR_PLATE_FEY
elder's duskweaver boots	T8_SHOES_PLATE_FEY
elder's duskweaver helmet	T8_HEAD_PLATE_FEY
elder's earthrune staff	T8_2H_SHAPESHIFTER_KEEPER
elder's edged crystal	T8_ARTEFACT_2H_SCYTHE_CRYSTAL
elder's energy shaper	T8_2H_CROSSBOW_CANNON_AVALON
elder's engraved log	T8_ARTEFACT_2H_RAM_KEEPER
elder's enigmatic staff	T8_2H_ENIGMATICSTAFF
elder's evensong	T8_2H_ARCANE_RINGPAIR_AVALON
elder's exalted crystal	T8_ARTEFACT_2H_HOLYSTAFF_CRYSTAL
elder's exalted greave	T8_ARTEFACT_SHOES_PLATE_AVALON
elder's exalted plating	T8_ARTEFACT_ARMOR_PLATE_AVALON
elder's exalted staff	T8_2H_HOLYSTAFF_CRYSTAL
elder's exalted visor	T8_ARTEFACT_HEAD_PLATE_AVALON
elder's eye of secrets	T8_OFF_ORB_MORGANA
elder's facebreaker	T8_OFF_SPIKEDSHIELD_MORGANA
elder's faded essence	T8_ESSENCE
elder's fallen staff	T8_2H_HOLYSTAFF_HELL
elder's fey dorsal wing	T8_ARTEFACT_ARMOR_CLOTH_FEY
elder's fey dragonscales	T8_ARTEFACT_SHOES_CLOTH_FEY
elder's feyscale hat	T8_HEAD_CLOTH_FEY
elder's feyscale robe	T8_ARMOR_CLOTH_FEY
elder's feyscale sandals	T8_SHOES_CLOTH_FEY
elder's fiend cowl	T8_HEAD_CLOTH_HELL
elder's fiend robe	T8_ARMOR_CLOTH_HELL
elder's fiend sandals	T8_SHOES_CLOTH_HELL
elder's fire staff	T8_MAIN_FIRESTAFF
elder's fisherman backpack	T8_BACKPACK_GATHERER_FISH
elder's fisherman cap	T8_HEAD_GATHERER_FISH
elder's fisherman garb	T8_ARMOR_GATHERER_FISH
elder's fisherman workboots	T8_SHOES_GATHERER_FISH
elder's fishing rod	T8_2H_TOOL_FISHINGROD
elder's fists of avalon	T8_2H_KNUCKLES_AVALON
elder's flamewalker staff	T8_MAIN_FIRESTAFF_CRYSTAL
elder's flawless griffin beak	T8_ARTEFACT_HEAD_LEATHER_FEY
elder's foal	T8_FARM_HORSE_BABY
elder's focus restoration potion	T8_FOCUSPOTION_NONTRADABLE
elder's forcepulse bracers	T8_2H_KNUCKLES_CRYSTAL
elder's forge hammers	T8_2H_DUALHAMMER_HELL
elder's forgebark staff	T8_MAIN_NATURESTAFF_CRYSTAL
elder's forged crystal	T8_ARTEFACT_MAIN_NATURESTAFF_CRYSTAL
elder's fort sterling cape	T8_CAPEITEM_FW_FORTSTERLING
elder's fort sterling crest	T8_CAPEITEM_FW_FORTSTERLING_BP
elder's fractured opaque orb	T8_ARTEFACT_MAIN_CURSEDSTAFF_AVALON
elder's frost staff	T8_MAIN_FROSTSTAFF
elder's galatine pair	T8_2H_DUALSCIMITAR_UNDEAD
elder's generalist trophy journal (empty)	T8_JOURNAL_TROPHY_GENERAL_EMPTY
elder's generalist trophy journal (full)	T8_JOURNAL_TROPHY_GENERAL_FULL
elder's generalist trophy journal (partially full)	T8_JOURNAL_TROPHY_GENERAL
elder's ghastly arrows	T8_ARTEFACT_2H_LONGBOW_UNDEAD
elder's ghastly bindings	T8_ARTEFACT_SHOES_LEATHER_UNDEAD
elder's ghastly blades	T8_ARTEFACT_2H_DUALSICKLE_UNDEAD
elder's ghastly candle	T8_ARTEFACT_OFF_LAMP_UNDEAD
elder's ghastly leather	T8_ARTEFACT_ARMOR_LEATHER_UNDEAD
elder's ghastly scroll	T8_ARTEFACT_2H_HOLYSTAFF_UNDEAD
elder's ghastly visor	T8_ARTEFACT_HEAD_LEATHER_UNDEAD
elder's glacial staff	T8_2H_GLACIALSTAFF
elder's glaive	T8_2H_GLAIVE
elder's glowing harmonic ring	T8_ARTEFACT_2H_FIRE_RINGPAIR_AVALON
elder's grailseeker	T8_2H_QUARTERSTAFF_AVALON
elder's graveguard armor	T8_ARMOR_PLATE_UNDEAD
elder's graveguard boots	T8_SHOES_PLATE_UNDEAD
elder's graveguard helmet	T8_HEAD_PLATE_UNDEAD
elder's great arcane staff	T8_2H_ARCANESTAFF
elder's great cursed staff	T8_2H_CURSEDSTAFF
elder's great frost staff	T8_2H_FROSTSTAFF
elder's great hammer	T8_2H_HAMMER
elder's great holy staff	T8_2H_HOLYSTAFF
elder's great nature staff	T8_2H_NATURESTAFF
elder's griffin underfur	T8_ARTEFACT_SHOES_LEATHER_FEY
elder's grovekeeper	T8_2H_RAM_KEEPER
elder's guardian armor	T8_ARMOR_PLATE_SET3
elder's guardian boots	T8_SHOES_PLATE_SET3
elder's guardian helmet	T8_HEAD_PLATE_SET3
elder's halberd	T8_2H_HALBERD
elder's hallowfall	T8_MAIN_HOLYSTAFF_AVALON
elder's hammer	T8_MAIN_HAMMER
elder's hand of justice	T8_2H_HAMMER_AVALON
elder's hardened debole	T8_ARTEFACT_MAIN_RAPIER_MORGANA
elder's harvester backpack	T8_BACKPACK_GATHERER_FIBER
elder's harvester cap	T8_HEAD_GATHERER_FIBER
elder's harvester garb	T8_ARMOR_GATHERER_FIBER
elder's harvester workboots	T8_SHOES_GATHERER_FIBER
elder's heavy crossbow	T8_2H_CROSSBOWLARGE
elder's heavy mace	T8_2H_MACE
elder's hellfire hands	T8_2H_KNUCKLES_HELL
elder's hellfire imp remnant	T8_ARTEFACT_2H_SHAPESHIFTER_HELL
elder's hellgate ritual (10v10 - lethal)	T8_HELLGATE_10V10_LETHAL_1_MAP
elder's hellion hood	T8_HEAD_LEATHER_HELL
elder's hellion jacket	T8_ARMOR_LEATHER_HELL
elder's hellion shoes	T8_SHOES_LEATHER_HELL
elder's hellish bolts	T8_ARTEFACT_2H_DUALCROSSBOW_HELL
elder's hellish hammer heads	T8_ARTEFACT_2H_DUALHAMMER_HELL
elder's hellish handle	T8_ARTEFACT_OFF_JESTERCANE_HELL
elder's hellish sicklehead	T8_ARTEFACT_2H_SCYTHE_HELL
elder's hellish sicklehead pair	T8_ARTEFACT_2H_TWINSCYTHE_HELL
elder's hellspawn staff	T8_2H_SHAPESHIFTER_HELL
elder's helmet of valor	T8_HEAD_PLATE_AVALON
elder's heraldic warhorse	SKIN_ARMORED_HORSE_T8_MOUNT_GUILD
elder's heretic cape	T8_CAPEITEM_HERETIC
elder's heretic crest	T8_CAPEITEM_HERETIC_BP
elder's heron spear	T8_MAIN_SPEAR_KEEPER
elder's hoarfrost orb	T8_ARTEFACT_MAIN_FROSTSTAFF_KEEPER
elder's hoarfrost staff	T8_MAIN_FROSTSTAFF_KEEPER
elder's holy staff	T8_MAIN_HOLYSTAFF
elder's hood of tenacity	T8_HEAD_LEATHER_AVALON
elder's horse	T8_FARM_HORSE_GROWN
elder's humming avalonian whirligig	T8_ARTEFACT_2H_CROSSBOW_CANNON_AVALON
elder's hunter hood	T8_HEAD_LEATHER_SET2
elder's hunter jacket	T8_ARMOR_LEATHER_SET2
elder's hunter shoes	T8_SHOES_LEATHER_SET2
elder's hypnotic harmonic ring	T8_ARTEFACT_2H_ARCANE_RINGPAIR_AVALON
elder's icicle orb	T8_ARTEFACT_2H_ICEGAUNTLETS_HELL
elder's icicle staff	T8_2H_ICEGAUNTLETS_HELL
elder's icy crystal	T8_ARTEFACT_2H_FROSTSTAFF_CRYSTAL
elder's imbued leather folds	T8_ARTEFACT_ARMOR_LEATHER_MORGANA
elder's imbued mace head	T8_ARTEFACT_2H_MACE_MORGANA
elder's imbued soles	T8_ARTEFACT_SHOES_LEATHER_MORGANA
elder's imbued visor	T8_ARTEFACT_HEAD_LEATHER_MORGANA
elder's immaculately crafted riser	T8_ARTEFACT_2H_BOW_AVALON
elder's incubus mace	T8_MAIN_MACE_HELL
elder's infernal cloth bindings	T8_ARTEFACT_SHOES_CLOTH_HELL
elder's infernal cloth folds	T8_ARTEFACT_ARMOR_CLOTH_HELL
elder's infernal cloth visor	T8_ARTEFACT_HEAD_CLOTH_HELL
elder's infernal harpoon tip	T8_ARTEFACT_2H_HARPOON_HELL
elder's infernal mace head	T8_ARTEFACT_MAIN_MACE_HELL
elder's infernal scroll	T8_ARTEFACT_2H_HOLYSTAFF_HELL
elder's infernal scythe	T8_2H_SCYTHE_HELL
elder's infernal shield core	T8_ARTEFACT_OFF_SHIELD_HELL
elder's infernal staff	T8_2H_INFERNOSTAFF
elder's infinite crystal	T8_ARTEFACT_MAIN_SWORD_CRYSTAL
elder's infinity blade	T8_MAIN_SWORD_CRYSTAL
elder's inscribed bindings	T8_ARTEFACT_SHOES_PLATE_KEEPER
elder's inscribed stone	T8_ARTEFACT_OFF_TOTEM_KEEPER
elder's intact fey fibula	T8_ARTEFACT_HEAD_CLOTH_FEY
elder's iron-clad staff	T8_2H_IRONCLADEDSTAFF
elder's ironroot staff	T8_MAIN_NATURESTAFF_AVALON
elder's jacket of tenacity	T8_ARMOR_LEATHER_AVALON
elder's judicator armor	T8_ARMOR_PLATE_KEEPER
elder's judicator boots	T8_SHOES_PLATE_KEEPER
elder's judicator helmet	T8_HEAD_PLATE_KEEPER
elder's keeper axeheads	T8_ARTEFACT_2H_DUALAXE_KEEPER
elder's keeper cape	T8_CAPEITEM_KEEPER
elder's keeper crest	T8_CAPEITEM_KEEPER_BP
elder's keeper spearhead	T8_ARTEFACT_MAIN_SPEAR_KEEPER
elder's kingmaker	T8_2H_CLAYMORE_AVALON
elder's knight armor	T8_ARMOR_PLATE_SET2
elder's knight boots	T8_SHOES_PLATE_SET2
elder's knight helmet	T8_HEAD_PLATE_SET2
elder's knight's vow	T8_GVGSEASONREWARD_FAMEBUFF
elder's leering cane	T8_OFF_JESTERCANE_HELL
elder's lifecurse staff	T8_MAIN_CURSEDSTAFF_UNDEAD
elder's lifetouch staff	T8_MAIN_HOLYSTAFF_MORGANA
elder's light crossbow	T8_MAIN_1HCROSSBOW
elder's lightcaller	T8_2H_SHAPESHIFTER_AVALON
elder's longbow	T8_2H_LONGBOW
elder's lost arcane crystal	T8_ARTEFACT_MAIN_ARCANESTAFF_UNDEAD
elder's lost crossbow mechanism	T8_ARTEFACT_2H_REPEATINGCROSSBOW_UNDEAD
elder's lost cursed crystal	T8_ARTEFACT_MAIN_CURSEDSTAFF_UNDEAD
elder's lumberjack backpack	T8_BACKPACK_GATHERER_WOOD
elder's lumberjack cap	T8_HEAD_GATHERER_WOOD
elder's lumberjack garb	T8_ARMOR_GATHERER_WOOD
elder's lumberjack workboots	T8_SHOES_GATHERER_WOOD
elder's lymhurst cape	T8_CAPEITEM_FW_LYMHURST
elder's lymhurst crest	T8_CAPEITEM_FW_LYMHURST_BP
elder's mace	T8_MAIN_MACE
elder's mage cowl	T8_HEAD_CLOTH_SET3
elder's mage robe	T8_ARMOR_CLOTH_SET3
elder's mage sandals	T8_SHOES_CLOTH_SET3
elder's malevolent locus	T8_2H_ENIGMATICORB_MORGANA
elder's martlock cape	T8_CAPEITEM_FW_MARTLOCK
elder's martlock crest	T8_CAPEITEM_FW_MARTLOCK_BP
elder's massive metallic hand	T8_ARTEFACT_2H_HAMMER_AVALON
elder's mercenary hood	T8_HEAD_LEATHER_SET1
elder's mercenary jacket	T8_ARMOR_LEATHER_SET1
elder's mercenary shoes	T8_SHOES_LEATHER_SET1
elder's messianic curio	T8_ARTEFACT_MAIN_HOLYSTAFF_AVALON
elder's miner backpack	T8_BACKPACK_GATHERER_ORE
elder's miner cap	T8_HEAD_GATHERER_ORE
elder's miner garb	T8_ARMOR_GATHERER_ORE
elder's miner workboots	T8_SHOES_GATHERER_ORE
elder's mirage crystal	T8_ARTEFACT_2H_DOUBLEBLADEDSTAFF_CRYSTAL
elder's mistcaller	T8_OFF_HORN_KEEPER
elder's mistpiercer	T8_2H_BOW_AVALON
elder's mistwalker hood	T8_HEAD_LEATHER_FEY
elder's mistwalker jacket	T8_ARMOR_LEATHER_FEY
elder's mistwalker shoes	T8_SHOES_LEATHER_FEY
elder's morgana cape	T8_CAPEITEM_MORGANA
elder's morgana crest	T8_CAPEITEM_MORGANA_BP
elder's morgana halberd head	T8_ARTEFACT_2H_HALBERD_MORGANA
elder's morning star	T8_2H_FLAIL
elder's muisak	T8_OFF_DEMONSKULL_HELL
elder's nature staff	T8_MAIN_NATURESTAFF
elder's oathkeepers	T8_2H_DUALMACE_AVALON
elder's occult orb	T8_ARTEFACT_2H_ARCANESTAFF_HELL
elder's occult staff	T8_2H_ARCANESTAFF_HELL
elder's ox	T8_FARM_OX_GROWN
elder's ox calf	T8_FARM_OX_BABY
elder's permafrost prism	T8_2H_ICECRYSTAL_UNDEAD
elder's phantom twinblade	T8_2H_DOUBLEBLADEDSTAFF_CRYSTAL
elder's pickaxe	T8_2H_TOOL_PICK
elder's pike	T8_2H_SPEAR
elder's polehammer	T8_2H_POLEHAMMER
elder's possessed catalyst	T8_ARTEFACT_2H_ENIGMATICORB_MORGANA
elder's possessed scroll	T8_ARTEFACT_MAIN_HOLYSTAFF_MORGANA
elder's preserved animal fur	T8_ARTEFACT_ARMOR_PLATE_KEEPER
elder's preserved log	T8_ARTEFACT_2H_NATURESTAFF_KEEPER
elder's preserved rocks	T8_ARTEFACT_2H_ROCKSTAFF_KEEPER
elder's primal staff	T8_2H_SHAPESHIFTER_SET3
elder's prowling staff	T8_2H_SHAPESHIFTER_SET1
elder's pulsating crystal	T8_ARTEFACT_2H_KNUCKLES_CRYSTAL
elder's pyreheart crystal	T8_ARTEFACT_MAIN_FIRESTAFF_CRYSTAL
elder's quarrier backpack	T8_BACKPACK_GATHERER_ROCK
elder's quarrier cap	T8_HEAD_GATHERER_ROCK
elder's quarrier garb	T8_ARMOR_GATHERER_ROCK
elder's quarrier workboots	T8_SHOES_GATHERER_ROCK
elder's quarterstaff	T8_2H_QUARTERSTAFF
elder's rampant staff	T8_2H_NATURESTAFF_KEEPER
elder's ravenstrike cestus	T8_2H_KNUCKLES_MORGANA
elder's realmbreaker	T8_2H_AXE_AVALON
elder's redemption staff	T8_2H_HOLYSTAFF_UNDEAD
elder's reinforced morgana pole	T8_ARTEFACT_2H_COMBATSTAFF_MORGANA
elder's relic	T8_RELIC
elder's remnants of the old king	T8_ARTEFACT_2H_CLAYMORE_AVALON
elder's repair kit	T8_FURNITUREITEM_REPAIRKIT
elder's riding horse	T8_MOUNT_HORSE
elder's rift crystal	T8_ARTEFACT_2H_GLAIVE_CRYSTAL
elder's rift glaive	T8_2H_GLAIVE_CRYSTAL
elder's robe of purity	T8_ARMOR_CLOTH_AVALON
elder's rootbound staff	T8_2H_SHAPESHIFTER_SET2
elder's rotcaller staff	T8_MAIN_CURSEDSTAFF_CRYSTAL
elder's rotten crystal	T8_ARTEFACT_MAIN_CURSEDSTAFF_CRYSTAL
elder's royal armor	T8_ARMOR_PLATE_ROYAL
elder's royal boots	T8_SHOES_PLATE_ROYAL
elder's royal cowl	T8_HEAD_CLOTH_ROYAL
elder's royal helmet	T8_HEAD_PLATE_ROYAL
elder's royal hood	T8_HEAD_LEATHER_ROYAL
elder's royal jacket	T8_ARMOR_LEATHER_ROYAL
elder's royal robe	T8_ARMOR_CLOTH_ROYAL
elder's royal sandals	T8_SHOES_CLOTH_ROYAL
elder's royal shoes	T8_SHOES_LEATHER_ROYAL
elder's royal sigil	QUESTITEM_TOKEN_ROYAL_T8
elder's ruined ancestral vamplate	T8_ARTEFACT_MAIN_SPEAR_LANCE_AVALON
elder's rune	T8_RUNE
elder's runed horn	T8_ARTEFACT_OFF_HORN_KEEPER
elder's runed rock	T8_ARTEFACT_MAIN_ROCKMACE_KEEPER
elder's runestone golem remnant	T8_ARTEFACT_2H_SHAPESHIFTER_KEEPER
elder's sacred scepter	T8_OFF_TALISMAN_AVALON
elder's sanctified belt	T8_ARTEFACT_ARMOR_CLOTH_AVALON
elder's sanctified bindings	T8_ARTEFACT_SHOES_CLOTH_AVALON
elder's sanctified mask	T8_ARTEFACT_HEAD_CLOTH_AVALON
elder's sandals of purity	T8_SHOES_CLOTH_AVALON
elder's sarcophagus	T8_OFF_TOWERSHIELD_UNDEAD
elder's satchel of insight	T8_BAG_INSIGHT
elder's scholar cowl	T8_HEAD_CLOTH_SET1
elder's scholar robe	T8_ARMOR_CLOTH_SET1
elder's scholar sandals	T8_SHOES_CLOTH_SET1
elder's serpent crystal	T8_ARTEFACT_2H_SHAPESHIFTER_CRYSTAL
elder's severed celestial keepsake	T8_ARTEFACT_OFF_CENSER_AVALON
elder's severed demonic horns	T8_ARTEFACT_2H_KNUCKLES_HELL
elder's shadowcaller	T8_MAIN_CURSEDSTAFF_AVALON
elder's shattered avalonian memento	T8_ARTEFACT_OFF_TALISMAN_AVALON
elder's shield	T8_OFF_SHIELD
elder's shoes of tenacity	T8_SHOES_LEATHER_AVALON
elder's sickle	T8_2H_TOOL_SICKLE
elder's siege banner	T8_SIEGE_BANNER
elder's siege hammer	T8_2H_TOOL_SIEGEHAMMER
elder's siegebow	T8_2H_CROSSBOWLARGE_MORGANA
elder's skinner backpack	T8_BACKPACK_GATHERER_HIDE
elder's skinner cap	T8_HEAD_GATHERER_HIDE
elder's skinner garb	T8_ARMOR_GATHERER_HIDE
elder's skinner workboots	T8_SHOES_GATHERER_HIDE
elder's skinning knife	T8_2H_TOOL_KNIFE
elder's skystrider bow	T8_2H_BOW_CRYSTAL
elder's smuggler cape	T8_CAPEITEM_SMUGGLER
elder's smuggler crest	T8_CAPEITEM_SMUGGLER_BP
elder's soldier armor	T8_ARMOR_PLATE_SET1
elder's soldier boots	T8_SHOES_PLATE_SET1
elder's soldier helmet	T8_HEAD_PLATE_SET1
elder's soul	T8_SOUL
elder's soulscythe	T8_2H_TWINSCYTHE_HELL
elder's spear	T8_MAIN_SPEAR
elder's specter hood	T8_HEAD_LEATHER_UNDEAD
elder's specter jacket	T8_ARMOR_LEATHER_UNDEAD
elder's specter shoes	T8_SHOES_LEATHER_UNDEAD
elder's spiked gauntlets	T8_2H_KNUCKLES_SET3
elder's spirithunter	T8_2H_HARPOON_HELL
elder's staff of balance	T8_2H_ROCKSTAFF_KEEPER
elder's stalker hood	T8_HEAD_LEATHER_MORGANA
elder's stalker jacket	T8_ARMOR_LEATHER_MORGANA
elder's stalker shoes	T8_SHOES_LEATHER_MORGANA
elder's startouched crystal	T8_ARTEFACT_2H_ARCANESTAFF_CRYSTAL
elder's stillgaze staff	T8_2H_SHAPESHIFTER_CRYSTAL
elder's stone hammer	T8_2H_TOOL_HAMMER
elder's symbol of blight	T8_ARTEFACT_2H_NATURESTAFF_HELL
elder's table	T8_FURNITUREITEM_TABLE
elder's taproot	T8_OFF_TOTEM_KEEPER
elder's thetford cape	T8_CAPEITEM_FW_THETFORD
elder's thetford crest	T8_CAPEITEM_FW_THETFORD_BP
elder's timelocked crystal	T8_ARTEFACT_OFF_TOME_CRYSTAL
elder's timelocked grimoire	T8_OFF_TOME_CRYSTAL
elder's timeworn walking staff	T8_ARTEFACT_2H_QUARTERSTAFF_AVALON
elder's tombhammer	T8_2H_HAMMER_UNDEAD
elder's tome of insight	T8_SKILLBOOK_NONTRADABLE
elder's tome of learning	T8_LEARNINGPOINTS_NONTRADABLE
elder's torch	T8_OFF_TORCH
elder's tracking toolkit	T8_2H_TOOL_TRACKING
elder's transport mammoth	T8_MOUNT_MAMMOTH_TRANSPORT
elder's transport ox	T8_MOUNT_OX
elder's trinity spear	T8_2H_TRIDENT_UNDEAD
elder's truebolt hammer	T8_2H_HAMMER_CRYSTAL
elder's twin slayers	T8_2H_DAGGERPAIR_CRYSTAL
elder's unbreakable crystal	T8_ARTEFACT_OFF_SHIELD_CRYSTAL
elder's unbreakable ward	T8_OFF_SHIELD_CRYSTAL
elder's undead cape	T8_CAPEITEM_UNDEAD
elder's undead crest	T8_CAPEITEM_UNDEAD_BP
elder's unholy scroll	T8_ARTEFACT_2H_INFERNOSTAFF_MORGANA
elder's untarnished griffin feathers	T8_ARTEFACT_ARMOR_LEATHER_FEY
elder's uprooted perennial sapling	T8_ARTEFACT_MAIN_NATURESTAFF_AVALON
elder's ursine guardian remains	T8_ARTEFACT_2H_KNUCKLES_KEEPER
elder's ursine maulers	T8_2H_KNUCKLES_KEEPER
elder's veilweaver carapace	T8_ARTEFACT_ARMOR_PLATE_FEY
elder's veilweaver claws	T8_ARTEFACT_SHOES_PLATE_FEY
elder's veilweaver mandibles	T8_ARTEFACT_HEAD_PLATE_FEY
elder's wailing bow	T8_2H_BOW_HELL
elder's warbow	T8_2H_WARBOW
elder's warhorse	T8_MOUNT_ARMORED_HORSE_SKIN_01
elder's warped raven plate	T8_ARTEFACT_2H_KNUCKLES_MORGANA
elder's weeping repeater	T8_2H_REPEATINGCROSSBOW_UNDEAD
elder's werewolf remnant	T8_ARTEFACT_2H_SHAPESHIFTER_MORGANA
elder's whispering bow	T8_2H_LONGBOW_UNDEAD
elder's wild staff	T8_2H_WILDSTAFF
elder's wildfire orb	T8_ARTEFACT_MAIN_FIRESTAFF_KEEPER
elder's wildfire staff	T8_MAIN_FIRESTAFF_KEEPER
elder's windborne crystal	T8_ARTEFACT_2H_BOW_CRYSTAL
elder's witchwork staff	T8_MAIN_ARCANESTAFF_UNDEAD
elite bighorn ram	T8_MOUNT_RAM_FW_MARTLOCK_ELITE
elite bighorn ram lamb	T8_FARM_RAM_FW_MARTLOCK_BABY
elite green knight's armor	UNIQUE_ARMOR_VANITY_KNIGHT_GREEN_ELITE
elite green knight's armored horse	SKIN_ARMORED_HORSE_KNIGHT_GREEN_ELITE
elite green knight's boots	UNIQUE_SHOES_VANITY_KNIGHT_GREEN_ELITE
elite green knight's cape	UNIQUE_CAPE_VANITY_KNIGHT_GREEN_ELITE
elite green knight's helmet	UNIQUE_HEAD_VANITY_KNIGHT_GREEN_ELITE
elite greywolf	T8_MOUNT_GREYWOLF_FW_CAERLEON_ELITE
elite greywolf pup	T8_FARM_GREYWOLF_FW_CAERLEON_BABY
elite mystic owl	T8_MOUNT_OWL_FW_BRECILIEN_ELITE
elite mystic owlet	T8_FARM_OWL_FW_BRECILIEN_BABY
elite swamp salamander	T8_MOUNT_SWAMPDRAGON_FW_THETFORD_ELITE
elite terrorbird	T8_MOUNT_MOABIRD_FW_BRIDGEWATCH_ELITE
elite wild boar	T8_MOUNT_DIREBOAR_FW_LYMHURST_ELITE
elite wild boarlet	T8_FARM_DIREBOAR_FW_LYMHURST_BABY
elite winter bear	T8_MOUNT_DIREBEAR_FW_FORTSTERLING_ELITE
elite winter bear cub	T8_FARM_DIREBEAR_FW_FORTSTERLING_BABY
elusive foxglove	T6_FOXGLOVE
elusive foxglove seeds	T6_FARM_FOXGLOVE_SEED
embalmed tiger	SKIN_COUGAR_MUMMY_TELLAFRIEND
ember mare	SKIN_HORSE_MONK_FIRE
emerald basilisk	SKIN_LIZARD_DRAKE_AJ
empty coffin	UNIQUE_FURNITUREITEM_ADC_GRIM_COFFIN
encyclopedia of power	T6_FURNITUREITEM_TROPHY_GENERAL
energy potion	T4_POTION_ENERGY
entertainer's costume	UNIQUE_ARMOR_VANITY_ENTERTAINER
entertainer's mask	UNIQUE_HEAD_VANITY_ENTERTAINER
entertainer's shoes	UNIQUE_SHOES_VANITY_ENTERTAINER
epic community chest	UNIQUE_LOOTCHEST_COMMUNITY_EPIC
epic community treasure	UNIQUE_LOOTCHEST_COMMUNITY_EXCLUSIVE_EPIC
epic explorer's giant stag	UNIQUE_MOUNT_GIANTSTAG_FOUNDER_EPIC
epic guild season winner	SKIN_DIREWOLF_GVGSEASON_1ST_02
ethereal horse	SKIN_HORSE_PRIEST_HOLY
excellent dawnfeather	T7_ALCHEMY_RARE_EAGLE
excellent imp's horn	T7_ALCHEMY_RARE_IMP
excellent runestone tooth	T7_ALCHEMY_RARE_ELEMENTAL
excellent shadow claws	T7_ALCHEMY_RARE_PANTHER
excellent spirit paws	T7_ALCHEMY_RARE_DIREBEAR
excellent sylvian root	T7_ALCHEMY_RARE_ENT
excellent werewolf fangs	T7_ALCHEMY_RARE_WEREWOLF
exiled monk's hood	UNIQUE_HEAD_VANITY_PRIEST_RED
exiled monk's robe	UNIQUE_ARMOR_VANITY_PRIEST_RED
exiled monk's sandals	UNIQUE_SHOES_VANITY_PRIEST_RED
exiled monk's walking staff	UNIQUE_OFF_VANITY_PRIEST_RED
exorbitant robe	UNIQUE_ARMOR_VANITY_VERY_WEALTHY_NOBLE_AJ
expert animal skinner tome	T5_SKILLBOOK_GATHER_HIDE
expert blacksmith contract	T5_LABOURER_CONTRACT_WARRIOR
expert blacksmith's journal (empty)	T5_JOURNAL_WARRIOR_EMPTY
expert blacksmith's journal (full)	T5_JOURNAL_WARRIOR_FULL
expert blacksmith's journal (partially full)	T5_JOURNAL_WARRIOR
expert cropper contract	T5_LABOURER_CONTRACT_FIBER
expert cropper's journal (empty)	T5_JOURNAL_FIBER_EMPTY
expert cropper's journal (full)	T5_JOURNAL_FIBER_FULL
expert cropper's journal (partially full)	T5_JOURNAL_FIBER
expert cropper's trophy journal (empty)	T5_JOURNAL_TROPHY_FIBER_EMPTY
expert cropper's trophy journal (full)	T5_JOURNAL_TROPHY_FIBER_FULL
expert cropper's trophy journal (partially full)	T5_JOURNAL_TROPHY_FIBER
expert fiber harvester tome	T5_SKILLBOOK_GATHER_FIBER
expert fisherman contract	T5_LABOURER_CONTRACT_FISHERMAN
expert fisherman's journal (empty)	T5_JOURNAL_FISHING_EMPTY
expert fisherman's journal (full)	T5_JOURNAL_FISHING_FULL
expert fisherman's journal (partially full)	T5_JOURNAL_FISHING
expert fisherman's trophy journal (empty)	T5_JOURNAL_TROPHY_FISHING_EMPTY
expert fisherman's trophy journal (full)	T5_JOURNAL_TROPHY_FISHING_FULL
expert fisherman's trophy journal (partially full)	T5_JOURNAL_TROPHY_FISHING
expert fletcher contract	T5_LABOURER_CONTRACT_HUNTER
expert fletcher's journal (empty)	T5_JOURNAL_HUNTER_EMPTY
expert fletcher's journal (full)	T5_JOURNAL_HUNTER_FULL
expert fletcher's journal (partially full)	T5_JOURNAL_HUNTER
expert gamekeeper contract	T5_LABOURER_CONTRACT_HIDE
expert gamekeeper's journal (empty)	T5_JOURNAL_HIDE_EMPTY
expert gamekeeper's journal (full)	T5_JOURNAL_HIDE_FULL
expert gamekeeper's journal (partially full)	T5_JOURNAL_HIDE
expert gamekeeper's trophy journal (empty)	T5_JOURNAL_TROPHY_HIDE_EMPTY
expert gamekeeper's trophy journal (full)	T5_JOURNAL_TROPHY_HIDE_FULL
expert gamekeeper's trophy journal (partially full)	T5_JOURNAL_TROPHY_HIDE
expert imbuer contract	T5_LABOURER_CONTRACT_MAGE
expert imbuer's journal (empty)	T5_JOURNAL_MAGE_EMPTY
expert imbuer's journal (full)	T5_JOURNAL_MAGE_FULL
expert imbuer's journal (partially full)	T5_JOURNAL_MAGE
expert lumberjack contract	T5_LABOURER_CONTRACT_WOOD
expert lumberjack tome	T5_SKILLBOOK_GATHER_WOOD
expert lumberjack's journal (empty)	T5_JOURNAL_WOOD_EMPTY
expert lumberjack's journal (full)	T5_JOURNAL_WOOD_FULL
expert lumberjack's journal (partially full)	T5_JOURNAL_WOOD
expert lumberjack's trophy journal (empty)	T5_JOURNAL_TROPHY_WOOD_EMPTY
expert lumberjack's trophy journal (full)	T5_JOURNAL_TROPHY_WOOD_FULL
expert lumberjack's trophy journal (partially full)	T5_JOURNAL_TROPHY_WOOD
expert mercenary contract	T5_LABOURER_CONTRACT_MERCENARY
expert mercenary's journal (empty)	T5_JOURNAL_MERCENARY_EMPTY
expert mercenary's journal (full)	T5_JOURNAL_MERCENARY_FULL
expert mercenary's journal (partially full)	T5_JOURNAL_MERCENARY
expert mercenary's trophy	T5_FURNITUREITEM_TROPHY_MERCENARY
expert mercenary's trophy journal (empty)	T5_JOURNAL_TROPHY_MERCENARY_EMPTY
expert mercenary's trophy journal (full)	T5_JOURNAL_TROPHY_MERCENARY_FULL
expert mercenary's trophy journal (partially full)	T5_JOURNAL_TROPHY_MERCENARY
expert ore miner tome	T5_SKILLBOOK_GATHER_ORE
expert prospector contract	T5_LABOURER_CONTRACT_ORE
expert prospector's journal (empty)	T5_JOURNAL_ORE_EMPTY
expert prospector's journal (full)	T5_JOURNAL_ORE_FULL
expert prospector's journal (partially full)	T5_JOURNAL_ORE
expert prospector's trophy journal (empty)	T5_JOURNAL_TROPHY_ORE_EMPTY
expert prospector's trophy journal (full)	T5_JOURNAL_TROPHY_ORE_FULL
expert prospector's trophy journal (partially full)	T5_JOURNAL_TROPHY_ORE
expert quarrier tome	T5_SKILLBOOK_GATHER_ROCK
expert stonecutter contract	T5_LABOURER_CONTRACT_STONE
expert stonecutter's journal (empty)	T5_JOURNAL_STONE_EMPTY
expert stonecutter's journal (full)	T5_JOURNAL_STONE_FULL
expert stonecutter's journal (partially full)	T5_JOURNAL_STONE
expert stonecutter's trophy journal (empty)	T5_JOURNAL_TROPHY_STONE_EMPTY
expert stonecutter's trophy journal (full)	T5_JOURNAL_TROPHY_STONE_FULL
expert stonecutter's trophy journal (partially full)	T5_JOURNAL_TROPHY_STONE
expert tinker contract	T5_LABOURER_CONTRACT_TOOLMAKER
expert tinker's journal (empty)	T5_JOURNAL_TOOLMAKER_EMPTY
expert tinker's journal (full)	T5_JOURNAL_TOOLMAKER_FULL
expert tinker's journal (partially full)	T5_JOURNAL_TOOLMAKER
expert's alluring amulet	T5_ARTEFACT_ARMOR_CLOTH_MORGANA
expert's alluring bindings	T5_ARTEFACT_SHOES_CLOTH_MORGANA
expert's alluring bolts	T5_ARTEFACT_2H_CROSSBOWLARGE_MORGANA
expert's alluring crystal	T5_ARTEFACT_OFF_ORB_MORGANA
expert's alluring padding	T5_ARTEFACT_HEAD_CLOTH_MORGANA
expert's ancient bindings	T5_ARTEFACT_SHOES_PLATE_UNDEAD
expert's ancient chain rings	T5_ARTEFACT_ARMOR_PLATE_UNDEAD
expert's ancient hammer head	T5_ARTEFACT_2H_HAMMER_UNDEAD
expert's ancient padding	T5_ARTEFACT_HEAD_PLATE_UNDEAD
expert's ancient shield core	T5_ARTEFACT_OFF_TOWERSHIELD_UNDEAD
expert's arcane essence	T5_ESSENCE_POTION
expert's arcane staff	T5_MAIN_ARCANESTAFF
expert's arclight blasters	T5_2H_DUALCROSSBOW_CRYSTAL
expert's arclight crystal	T5_ARTEFACT_2H_DUALCROSSBOW_CRYSTAL
expert's arctic staff	T5_2H_FROSTSTAFF_CRYSTAL
expert's armor of valor	T5_ARMOR_PLATE_AVALON
expert's armored horse	T5_MOUNT_ARMORED_HORSE
expert's assassin hood	T5_HEAD_LEATHER_SET3
expert's assassin jacket	T5_ARMOR_LEATHER_SET3
expert's assassin shoes	T5_SHOES_LEATHER_SET3
expert's astral aegis	T5_OFF_SHIELD_AVALON
expert's astral staff	T5_2H_ARCANESTAFF_CRYSTAL
expert's augured fasteners	T5_ARTEFACT_SHOES_LEATHER_AVALON
expert's augured padding	T5_ARTEFACT_HEAD_LEATHER_AVALON
expert's augured sash	T5_ARTEFACT_ARMOR_LEATHER_AVALON
expert's avalonian axe	T5_2H_TOOL_AXE_AVALON
expert's avalonian battle memoir	T5_ARTEFACT_2H_AXE_AVALON
expert's avalonian cape	T5_CAPEITEM_AVALON
expert's avalonian crest	T5_CAPEITEM_AVALON_BP
expert's avalonian fishing rod	T5_2H_TOOL_FISHINGROD_AVALON
expert's avalonian pickaxe	T5_2H_TOOL_PICK_AVALON
expert's avalonian shard	T5_SHARD_AVALONIAN
expert's avalonian sickle	T5_2H_TOOL_SICKLE_AVALON
expert's avalonian siege hammer	T5_2H_TOOL_SIEGEHAMMER_AVALON
expert's avalonian skinning knife	T5_2H_TOOL_KNIFE_AVALON
expert's avalonian stone hammer	T5_2H_TOOL_HAMMER_AVALON
expert's axe	T5_2H_TOOL_AXE
expert's bag	T5_BAG
expert's bag of silver	T5_SILVERBAG_NONTRADABLE
expert's battle bracers	T5_2H_KNUCKLES_SET2
expert's battleaxe	T5_MAIN_AXE
expert's bear paws	T5_2H_DUALAXE_KEEPER
expert's bed	T5_FURNITUREITEM_BED
expert's bedrock mace	T5_MAIN_ROCKMACE_KEEPER
expert's black hands	T5_2H_IRONGAUNTLETS_HELL
expert's black leather	T5_ARTEFACT_2H_IRONGAUNTLETS_HELL
expert's black monk staff	T5_2H_COMBATSTAFF_MORGANA
expert's blazing staff	T5_2H_INFERNOSTAFF_MORGANA
expert's blight staff	T5_2H_NATURESTAFF_HELL
expert's bloodforged blade	T5_ARTEFACT_MAIN_SCIMITAR_MORGANA
expert's bloodforged catalyst	T5_ARTEFACT_2H_CURSEDSTAFF_MORGANA
expert's bloodforged spikes	T5_ARTEFACT_OFF_SPIKEDSHIELD_MORGANA
expert's bloodletter	T5_MAIN_RAPIER_MORGANA
expert's bloodmoon staff	T5_2H_SHAPESHIFTER_MORGANA
expert's bloodstained antiquities	T5_ARTEFACT_2H_DAGGER_KATAR_AVALON
expert's blueflame crystal	T5_ARTEFACT_OFF_TORCH_CRYSTAL
expert's blueflame torch	T5_OFF_TORCH_CRYSTAL
expert's boltcasters	T5_2H_DUALCROSSBOW_HELL
expert's boots of valor	T5_SHOES_PLATE_AVALON
expert's bow	T5_2H_BOW
expert's bow of badon	T5_2H_BOW_KEEPER
expert's brawler gloves	T5_2H_KNUCKLES_SET1
expert's brecilien cape	T5_CAPEITEM_FW_BRECILIEN
expert's brecilien crest	T5_CAPEITEM_FW_BRECILIEN_BP
expert's bridgewatch cape	T5_CAPEITEM_FW_BRIDGEWATCH
expert's bridgewatch crest	T5_CAPEITEM_FW_BRIDGEWATCH_BP
expert's bridled fury	T5_2H_DAGGER_KATAR_AVALON
expert's brimstone staff	T5_2H_FIRESTAFF_HELL
expert's broadsword	T5_MAIN_SWORD
expert's broken demonic fang	T5_ARTEFACT_MAIN_DAGGER_HELL
expert's broken oaths	T5_ARTEFACT_2H_DUALMACE_AVALON
expert's burning orb	T5_ARTEFACT_2H_FIRESTAFF_HELL
expert's caerleon cape	T5_CAPEITEM_FW_CAERLEON
expert's caerleon crest	T5_CAPEITEM_FW_CAERLEON_BP
expert's caitiff shield	T5_OFF_SHIELD_HELL
expert's camlann mace	T5_2H_MACE_MORGANA
expert's cape	T5_CAPE
expert's carrioncaller	T5_2H_HALBERD_MORGANA
expert's carved bone	T5_ARTEFACT_2H_BOW_KEEPER
expert's carved skull padding	T5_ARTEFACT_HEAD_PLATE_KEEPER
expert's carving sword	T5_2H_CLEAVER_HELL
expert's celestial censer	T5_OFF_CENSER_AVALON
expert's chest	T5_FURNITUREITEM_CHEST
expert's chilled crystalline shard	T5_ARTEFACT_MAIN_FROSTSTAFF_AVALON
expert's chillhowl	T5_MAIN_FROSTSTAFF_AVALON
expert's clarent blade	T5_MAIN_SCIMITAR_MORGANA
expert's claws	T5_2H_CLAWPAIR
expert's claymore	T5_2H_CLAYMORE
expert's cleric cowl	T5_HEAD_CLOTH_SET2
expert's cleric robe	T5_ARMOR_CLOTH_SET2
expert's cleric sandals	T5_SHOES_CLOTH_SET2
expert's cowl of purity	T5_HEAD_CLOTH_AVALON
expert's crackling crystal	T5_ARTEFACT_2H_HAMMER_CRYSTAL
expert's crossbow	T5_2H_CROSSBOW
expert's crushed avalonian heirloom	T5_ARTEFACT_OFF_SHIELD_AVALON
expert's cryptcandle	T5_OFF_LAMP_UNDEAD
expert's crystal league chest	T5_LOOTCHEST_CRYSTAL_LEAGUE
expert's crystal reaper	T5_2H_SCYTHE_CRYSTAL
expert's crystal shard	T5_SHARD_CRYSTAL
expert's crystallized divinity	T5_ARTEFACT_TOKEN_FAVOR_4
expert's crystallized dread	T5_ARTEFACT_TOKEN_FAVOR_2
expert's crystallized magic	T5_ARTEFACT_TOKEN_FAVOR_3
expert's crystallized spirit	T5_ARTEFACT_TOKEN_FAVOR_1
expert's cultist cowl	T5_HEAD_CLOTH_MORGANA
expert's cultist robe	T5_ARMOR_CLOTH_MORGANA
expert's cultist sandals	T5_SHOES_CLOTH_MORGANA
expert's cursed barbs	T5_ARTEFACT_2H_TRIDENT_UNDEAD
expert's cursed blades	T5_ARTEFACT_2H_DUALSCIMITAR_UNDEAD
expert's cursed frozen crystal	T5_ARTEFACT_2H_ICECRYSTAL_UNDEAD
expert's cursed jawbone	T5_ARTEFACT_2H_SKULLORB_HELL
expert's cursed skull	T5_2H_SKULLORB_HELL
expert's cursed staff	T5_MAIN_CURSEDSTAFF
expert's dagger	T5_MAIN_DAGGER
expert's dagger pair	T5_2H_DAGGERPAIR
expert's damaged avalonian gauntlet	T5_ARTEFACT_2H_KNUCKLES_AVALON
expert's damnation staff	T5_2H_CURSEDSTAFF_MORGANA
expert's dawnbird remnant	T5_ARTEFACT_2H_SHAPESHIFTER_AVALON
expert's dawnsong	T5_2H_FIRE_RINGPAIR_AVALON
expert's daybreaker	T5_MAIN_SPEAR_LANCE_AVALON
expert's death-touched crystal	T5_ARTEFACT_2H_DAGGERPAIR_CRYSTAL
expert's deathgivers	T5_2H_DUALSICKLE_UNDEAD
expert's demon armor	T5_ARMOR_PLATE_HELL
expert's demon boots	T5_SHOES_PLATE_HELL
expert's demon cape	T5_CAPEITEM_DEMON
expert's demon crest	T5_CAPEITEM_DEMON_BP
expert's demon helmet	T5_HEAD_PLATE_HELL
expert's demonfang	T5_MAIN_DAGGER_HELL
expert's demonhide bindings	T5_ARTEFACT_SHOES_LEATHER_HELL
expert's demonhide leather	T5_ARTEFACT_ARMOR_LEATHER_HELL
expert's demonhide padding	T5_ARTEFACT_HEAD_LEATHER_HELL
expert's demonic arrowheads	T5_ARTEFACT_2H_BOW_HELL
expert's demonic blade	T5_ARTEFACT_2H_CLEAVER_HELL
expert's demonic filling	T5_ARTEFACT_SHOES_PLATE_HELL
expert's demonic jawbone	T5_ARTEFACT_OFF_DEMONSKULL_HELL
expert's demonic plates	T5_ARTEFACT_ARMOR_PLATE_HELL
expert's demonic scraps	T5_ARTEFACT_HEAD_PLATE_HELL
expert's demonic staff	T5_2H_DEMONICSTAFF
expert's divine staff	T5_2H_DIVINESTAFF
expert's double bladed staff	T5_2H_DOUBLEBLADEDSTAFF
expert's dreadstorm crystal	T5_ARTEFACT_MAIN_MACE_CRYSTAL
expert's dreadstorm monarch	T5_MAIN_MACE_CRYSTAL
expert's druid cowl	T5_HEAD_CLOTH_KEEPER
expert's druid robe	T5_ARMOR_CLOTH_KEEPER
expert's druid sandals	T5_SHOES_CLOTH_KEEPER
expert's druidic bindings	T5_ARTEFACT_SHOES_CLOTH_KEEPER
expert's druidic feathers	T5_ARTEFACT_ARMOR_CLOTH_KEEPER
expert's druidic inscriptions	T5_ARTEFACT_MAIN_NATURESTAFF_KEEPER
expert's druidic preserved beak	T5_ARTEFACT_HEAD_CLOTH_KEEPER
expert's druidic staff	T5_MAIN_NATURESTAFF_KEEPER
expert's dual swords	T5_2H_DUALSWORD
expert's dungeon map (group)	T5_RANDOM_DUNGEON_TOKEN_1
expert's dungeon map (solo)	T5_RANDOM_DUNGEON_SOLO_TOKEN_1
expert's duskweaver armor	T5_ARMOR_PLATE_FEY
expert's duskweaver boots	T5_SHOES_PLATE_FEY
expert's duskweaver helmet	T5_HEAD_PLATE_FEY
expert's earthrune staff	T5_2H_SHAPESHIFTER_KEEPER
expert's edged crystal	T5_ARTEFACT_2H_SCYTHE_CRYSTAL
expert's energy shaper	T5_2H_CROSSBOW_CANNON_AVALON
expert's engraved log	T5_ARTEFACT_2H_RAM_KEEPER
expert's enigmatic staff	T5_2H_ENIGMATICSTAFF
expert's evensong	T5_2H_ARCANE_RINGPAIR_AVALON
expert's exalted crystal	T5_ARTEFACT_2H_HOLYSTAFF_CRYSTAL
expert's exalted greave	T5_ARTEFACT_SHOES_PLATE_AVALON
expert's exalted plating	T5_ARTEFACT_ARMOR_PLATE_AVALON
expert's exalted staff	T5_2H_HOLYSTAFF_CRYSTAL
expert's exalted visor	T5_ARTEFACT_HEAD_PLATE_AVALON
expert's eye of secrets	T5_OFF_ORB_MORGANA
expert's facebreaker	T5_OFF_SPIKEDSHIELD_MORGANA
expert's faded essence	T5_ESSENCE
expert's fallen staff	T5_2H_HOLYSTAFF_HELL
expert's fey dorsal wing	T5_ARTEFACT_ARMOR_CLOTH_FEY
expert's fey dragonscales	T5_ARTEFACT_SHOES_CLOTH_FEY
expert's feyscale hat	T5_HEAD_CLOTH_FEY
expert's feyscale robe	T5_ARMOR_CLOTH_FEY
expert's feyscale sandals	T5_SHOES_CLOTH_FEY
expert's fiend cowl	T5_HEAD_CLOTH_HELL
expert's fiend robe	T5_ARMOR_CLOTH_HELL
expert's fiend sandals	T5_SHOES_CLOTH_HELL
expert's fire staff	T5_MAIN_FIRESTAFF
expert's fisherman backpack	T5_BACKPACK_GATHERER_FISH
expert's fisherman cap	T5_HEAD_GATHERER_FISH
expert's fisherman garb	T5_ARMOR_GATHERER_FISH
expert's fisherman workboots	T5_SHOES_GATHERER_FISH
expert's fishing rod	T5_2H_TOOL_FISHINGROD
expert's fists of avalon	T5_2H_KNUCKLES_AVALON
expert's flamewalker staff	T5_MAIN_FIRESTAFF_CRYSTAL
expert's flawless griffin beak	T5_ARTEFACT_HEAD_LEATHER_FEY
expert's foal	T5_FARM_HORSE_BABY
expert's focus restoration potion	T5_FOCUSPOTION_NONTRADABLE
expert's forcepulse bracers	T5_2H_KNUCKLES_CRYSTAL
expert's forge hammers	T5_2H_DUALHAMMER_HELL
expert's forgebark staff	T5_MAIN_NATURESTAFF_CRYSTAL
expert's forged crystal	T5_ARTEFACT_MAIN_NATURESTAFF_CRYSTAL
expert's fort sterling cape	T5_CAPEITEM_FW_FORTSTERLING
expert's fort sterling crest	T5_CAPEITEM_FW_FORTSTERLING_BP
expert's fractured opaque orb	T5_ARTEFACT_MAIN_CURSEDSTAFF_AVALON
expert's frost staff	T5_MAIN_FROSTSTAFF
expert's galatine pair	T5_2H_DUALSCIMITAR_UNDEAD
expert's generalist trophy journal (empty)	T5_JOURNAL_TROPHY_GENERAL_EMPTY
expert's generalist trophy journal (full)	T5_JOURNAL_TROPHY_GENERAL_FULL
expert's generalist trophy journal (partially full)	T5_JOURNAL_TROPHY_GENERAL
expert's ghastly arrows	T5_ARTEFACT_2H_LONGBOW_UNDEAD
expert's ghastly bindings	T5_ARTEFACT_SHOES_LEATHER_UNDEAD
expert's ghastly blades	T5_ARTEFACT_2H_DUALSICKLE_UNDEAD
expert's ghastly candle	T5_ARTEFACT_OFF_LAMP_UNDEAD
expert's ghastly leather	T5_ARTEFACT_ARMOR_LEATHER_UNDEAD
expert's ghastly scroll	T5_ARTEFACT_2H_HOLYSTAFF_UNDEAD
expert's ghastly visor	T5_ARTEFACT_HEAD_LEATHER_UNDEAD
expert's glacial staff	T5_2H_GLACIALSTAFF
expert's glaive	T5_2H_GLAIVE
expert's glowing harmonic ring	T5_ARTEFACT_2H_FIRE_RINGPAIR_AVALON
expert's grailseeker	T5_2H_QUARTERSTAFF_AVALON
expert's graveguard armor	T5_ARMOR_PLATE_UNDEAD
expert's graveguard boots	T5_SHOES_PLATE_UNDEAD
expert's graveguard helmet	T5_HEAD_PLATE_UNDEAD
expert's great arcane staff	T5_2H_ARCANESTAFF
expert's great cursed staff	T5_2H_CURSEDSTAFF
expert's great fire staff	T5_2H_FIRESTAFF
expert's great frost staff	T5_2H_FROSTSTAFF
expert's great hammer	T5_2H_HAMMER
expert's great holy staff	T5_2H_HOLYSTAFF
expert's great nature staff	T5_2H_NATURESTAFF
expert's greataxe	T5_2H_AXE
expert's griffin underfur	T5_ARTEFACT_SHOES_LEATHER_FEY
expert's grovekeeper	T5_2H_RAM_KEEPER
expert's guardian armor	T5_ARMOR_PLATE_SET3
expert's guardian boots	T5_SHOES_PLATE_SET3
expert's guardian helmet	T5_HEAD_PLATE_SET3
expert's halberd	T5_2H_HALBERD
expert's hallowfall	T5_MAIN_HOLYSTAFF_AVALON
expert's hammer	T5_MAIN_HAMMER
expert's hand of justice	T5_2H_HAMMER_AVALON
expert's hardened debole	T5_ARTEFACT_MAIN_RAPIER_MORGANA
expert's harvester backpack	T5_BACKPACK_GATHERER_FIBER
expert's harvester cap	T5_HEAD_GATHERER_FIBER
expert's harvester garb	T5_ARMOR_GATHERER_FIBER
expert's harvester workboots	T5_SHOES_GATHERER_FIBER
expert's heavy crossbow	T5_2H_CROSSBOWLARGE
expert's heavy mace	T5_2H_MACE
expert's hellfire hands	T5_2H_KNUCKLES_HELL
expert's hellfire imp remnant	T5_ARTEFACT_2H_SHAPESHIFTER_HELL
expert's hellgate ritual (10v10 - nonlethal)	T5_HELLGATE_10V10_NON_LETHAL_1_MAP
expert's hellgate ritual (2v2 - nonlethal)	T5_HELLGATE_2V2_NON_LETHAL_1_MAP
expert's hellgate ritual (5v5 - nonlethal)	T5_HELLGATE_5V5_NON_LETHAL_1_MAP
expert's hellion hood	T5_HEAD_LEATHER_HELL
expert's hellion jacket	T5_ARMOR_LEATHER_HELL
expert's hellion shoes	T5_SHOES_LEATHER_HELL
expert's hellish bolts	T5_ARTEFACT_2H_DUALCROSSBOW_HELL
expert's hellish hammer heads	T5_ARTEFACT_2H_DUALHAMMER_HELL
expert's hellish handle	T5_ARTEFACT_OFF_JESTERCANE_HELL
expert's hellish sicklehead	T5_ARTEFACT_2H_SCYTHE_HELL
expert's hellish sicklehead pair	T5_ARTEFACT_2H_TWINSCYTHE_HELL
expert's hellspawn staff	T5_2H_SHAPESHIFTER_HELL
expert's helmet of valor	T5_HEAD_PLATE_AVALON
expert's heraldic warhorse	SKIN_ARMORED_HORSE_T5_MOUNT_GUILD
expert's heretic cape	T5_CAPEITEM_HERETIC
expert's heretic crest	T5_CAPEITEM_HERETIC_BP
expert's heron spear	T5_MAIN_SPEAR_KEEPER
expert's hoarfrost orb	T5_ARTEFACT_MAIN_FROSTSTAFF_KEEPER
expert's hoarfrost staff	T5_MAIN_FROSTSTAFF_KEEPER
expert's holy staff	T5_MAIN_HOLYSTAFF
expert's hood of tenacity	T5_HEAD_LEATHER_AVALON
expert's horse	T5_FARM_HORSE_GROWN
expert's humming avalonian whirligig	T5_ARTEFACT_2H_CROSSBOW_CANNON_AVALON
expert's hunter hood	T5_HEAD_LEATHER_SET2
expert's hunter jacket	T5_ARMOR_LEATHER_SET2
expert's hunter shoes	T5_SHOES_LEATHER_SET2
expert's hypnotic harmonic ring	T5_ARTEFACT_2H_ARCANE_RINGPAIR_AVALON
expert's icicle orb	T5_ARTEFACT_2H_ICEGAUNTLETS_HELL
expert's icicle staff	T5_2H_ICEGAUNTLETS_HELL
expert's icy crystal	T5_ARTEFACT_2H_FROSTSTAFF_CRYSTAL
expert's imbued leather folds	T5_ARTEFACT_ARMOR_LEATHER_MORGANA
expert's imbued mace head	T5_ARTEFACT_2H_MACE_MORGANA
expert's imbued soles	T5_ARTEFACT_SHOES_LEATHER_MORGANA
expert's imbued visor	T5_ARTEFACT_HEAD_LEATHER_MORGANA
expert's immaculately crafted riser	T5_ARTEFACT_2H_BOW_AVALON
expert's incubus mace	T5_MAIN_MACE_HELL
expert's infernal cloth bindings	T5_ARTEFACT_SHOES_CLOTH_HELL
expert's infernal cloth folds	T5_ARTEFACT_ARMOR_CLOTH_HELL
expert's infernal cloth visor	T5_ARTEFACT_HEAD_CLOTH_HELL
expert's infernal harpoon tip	T5_ARTEFACT_2H_HARPOON_HELL
expert's infernal mace head	T5_ARTEFACT_MAIN_MACE_HELL
expert's infernal scroll	T5_ARTEFACT_2H_HOLYSTAFF_HELL
expert's infernal scythe	T5_2H_SCYTHE_HELL
expert's infernal shield core	T5_ARTEFACT_OFF_SHIELD_HELL
expert's infernal staff	T5_2H_INFERNOSTAFF
expert's infinite crystal	T5_ARTEFACT_MAIN_SWORD_CRYSTAL
expert's infinity blade	T5_MAIN_SWORD_CRYSTAL
expert's inscribed bindings	T5_ARTEFACT_SHOES_PLATE_KEEPER
expert's inscribed stone	T5_ARTEFACT_OFF_TOTEM_KEEPER
expert's intact fey fibula	T5_ARTEFACT_HEAD_CLOTH_FEY
expert's iron-clad staff	T5_2H_IRONCLADEDSTAFF
expert's ironroot staff	T5_MAIN_NATURESTAFF_AVALON
expert's jacket of tenacity	T5_ARMOR_LEATHER_AVALON
expert's judicator armor	T5_ARMOR_PLATE_KEEPER
expert's judicator boots	T5_SHOES_PLATE_KEEPER
expert's judicator helmet	T5_HEAD_PLATE_KEEPER
expert's keeper axeheads	T5_ARTEFACT_2H_DUALAXE_KEEPER
expert's keeper cape	T5_CAPEITEM_KEEPER
expert's keeper crest	T5_CAPEITEM_KEEPER_BP
expert's keeper spearhead	T5_ARTEFACT_MAIN_SPEAR_KEEPER
expert's kingmaker	T5_2H_CLAYMORE_AVALON
expert's knight armor	T5_ARMOR_PLATE_SET2
expert's knight boots	T5_SHOES_PLATE_SET2
expert's knight helmet	T5_HEAD_PLATE_SET2
expert's knight's vow	T5_GVGSEASONREWARD_FAMEBUFF
expert's leering cane	T5_OFF_JESTERCANE_HELL
expert's lifecurse staff	T5_MAIN_CURSEDSTAFF_UNDEAD
expert's lifetouch staff	T5_MAIN_HOLYSTAFF_MORGANA
expert's light crossbow	T5_MAIN_1HCROSSBOW
expert's lightcaller	T5_2H_SHAPESHIFTER_AVALON
expert's longbow	T5_2H_LONGBOW
expert's lost arcane crystal	T5_ARTEFACT_MAIN_ARCANESTAFF_UNDEAD
expert's lost crossbow mechanism	T5_ARTEFACT_2H_REPEATINGCROSSBOW_UNDEAD
expert's lost cursed crystal	T5_ARTEFACT_MAIN_CURSEDSTAFF_UNDEAD
expert's lumberjack backpack	T5_BACKPACK_GATHERER_WOOD
expert's lumberjack cap	T5_HEAD_GATHERER_WOOD
expert's lumberjack garb	T5_ARMOR_GATHERER_WOOD
expert's lumberjack workboots	T5_SHOES_GATHERER_WOOD
expert's lymhurst cape	T5_CAPEITEM_FW_LYMHURST
expert's lymhurst crest	T5_CAPEITEM_FW_LYMHURST_BP
expert's mace	T5_MAIN_MACE
expert's mage cowl	T5_HEAD_CLOTH_SET3
expert's mage robe	T5_ARMOR_CLOTH_SET3
expert's mage sandals	T5_SHOES_CLOTH_SET3
expert's malevolent locus	T5_2H_ENIGMATICORB_MORGANA
expert's martlock cape	T5_CAPEITEM_FW_MARTLOCK
expert's martlock crest	T5_CAPEITEM_FW_MARTLOCK_BP
expert's massive metallic hand	T5_ARTEFACT_2H_HAMMER_AVALON
expert's mercenary hood	T5_HEAD_LEATHER_SET1
expert's mercenary jacket	T5_ARMOR_LEATHER_SET1
expert's mercenary shoes	T5_SHOES_LEATHER_SET1
expert's messianic curio	T5_ARTEFACT_MAIN_HOLYSTAFF_AVALON
expert's miner backpack	T5_BACKPACK_GATHERER_ORE
expert's miner cap	T5_HEAD_GATHERER_ORE
expert's miner garb	T5_ARMOR_GATHERER_ORE
expert's miner workboots	T5_SHOES_GATHERER_ORE
expert's mirage crystal	T5_ARTEFACT_2H_DOUBLEBLADEDSTAFF_CRYSTAL
expert's mistcaller	T5_OFF_HORN_KEEPER
expert's mistpiercer	T5_2H_BOW_AVALON
expert's mistwalker hood	T5_HEAD_LEATHER_FEY
expert's mistwalker jacket	T5_ARMOR_LEATHER_FEY
expert's mistwalker shoes	T5_SHOES_LEATHER_FEY
expert's morgana cape	T5_CAPEITEM_MORGANA
expert's morgana crest	T5_CAPEITEM_MORGANA_BP
expert's morgana halberd head	T5_ARTEFACT_2H_HALBERD_MORGANA
expert's morning star	T5_2H_FLAIL
expert's muisak	T5_OFF_DEMONSKULL_HELL
expert's nature staff	T5_MAIN_NATURESTAFF
expert's oathkeepers	T5_2H_DUALMACE_AVALON
expert's occult orb	T5_ARTEFACT_2H_ARCANESTAFF_HELL
expert's occult staff	T5_2H_ARCANESTAFF_HELL
expert's ox	T5_FARM_OX_GROWN
expert's ox calf	T5_FARM_OX_BABY
expert's permafrost prism	T5_2H_ICECRYSTAL_UNDEAD
expert's phantom twinblade	T5_2H_DOUBLEBLADEDSTAFF_CRYSTAL
expert's pickaxe	T5_2H_TOOL_PICK
expert's pike	T5_2H_SPEAR
expert's polehammer	T5_2H_POLEHAMMER
expert's possessed catalyst	T5_ARTEFACT_2H_ENIGMATICORB_MORGANA
expert's possessed scroll	T5_ARTEFACT_MAIN_HOLYSTAFF_MORGANA
expert's preserved animal fur	T5_ARTEFACT_ARMOR_PLATE_KEEPER
expert's preserved log	T5_ARTEFACT_2H_NATURESTAFF_KEEPER
expert's preserved rocks	T5_ARTEFACT_2H_ROCKSTAFF_KEEPER
expert's primal staff	T5_2H_SHAPESHIFTER_SET3
expert's prowling staff	T5_2H_SHAPESHIFTER_SET1
expert's pulsating crystal	T5_ARTEFACT_2H_KNUCKLES_CRYSTAL
expert's pyreheart crystal	T5_ARTEFACT_MAIN_FIRESTAFF_CRYSTAL
expert's quarrier backpack	T5_BACKPACK_GATHERER_ROCK
expert's quarrier cap	T5_HEAD_GATHERER_ROCK
expert's quarrier garb	T5_ARMOR_GATHERER_ROCK
expert's quarrier workboots	T5_SHOES_GATHERER_ROCK
expert's quarterstaff	T5_2H_QUARTERSTAFF
expert's rampant staff	T5_2H_NATURESTAFF_KEEPER
expert's ravenstrike cestus	T5_2H_KNUCKLES_MORGANA
expert's realmbreaker	T5_2H_AXE_AVALON
expert's redemption staff	T5_2H_HOLYSTAFF_UNDEAD
expert's reinforced morgana pole	T5_ARTEFACT_2H_COMBATSTAFF_MORGANA
expert's relic	T5_RELIC
expert's remnants of the old king	T5_ARTEFACT_2H_CLAYMORE_AVALON
expert's repair kit	T5_FURNITUREITEM_REPAIRKIT
expert's riding horse	T5_MOUNT_HORSE
expert's rift crystal	T5_ARTEFACT_2H_GLAIVE_CRYSTAL
expert's rift glaive	T5_2H_GLAIVE_CRYSTAL
expert's robe of purity	T5_ARMOR_CLOTH_AVALON
expert's rootbound staff	T5_2H_SHAPESHIFTER_SET2
expert's rotcaller staff	T5_MAIN_CURSEDSTAFF_CRYSTAL
expert's rotten crystal	T5_ARTEFACT_MAIN_CURSEDSTAFF_CRYSTAL
expert's royal armor	T5_ARMOR_PLATE_ROYAL
expert's royal boots	T5_SHOES_PLATE_ROYAL
expert's royal cowl	T5_HEAD_CLOTH_ROYAL
expert's royal helmet	T5_HEAD_PLATE_ROYAL
expert's royal hood	T5_HEAD_LEATHER_ROYAL
expert's royal jacket	T5_ARMOR_LEATHER_ROYAL
expert's royal robe	T5_ARMOR_CLOTH_ROYAL
expert's royal sandals	T5_SHOES_CLOTH_ROYAL
expert's royal shoes	T5_SHOES_LEATHER_ROYAL
expert's royal sigil	QUESTITEM_TOKEN_ROYAL_T5
expert's ruined ancestral vamplate	T5_ARTEFACT_MAIN_SPEAR_LANCE_AVALON
expert's rune	T5_RUNE
expert's runed horn	T5_ARTEFACT_OFF_HORN_KEEPER
expert's runed rock	T5_ARTEFACT_MAIN_ROCKMACE_KEEPER
expert's runestone golem remnant	T5_ARTEFACT_2H_SHAPESHIFTER_KEEPER
expert's sacred scepter	T5_OFF_TALISMAN_AVALON
expert's sanctified belt	T5_ARTEFACT_ARMOR_CLOTH_AVALON
expert's sanctified bindings	T5_ARTEFACT_SHOES_CLOTH_AVALON
expert's sanctified mask	T5_ARTEFACT_HEAD_CLOTH_AVALON
expert's sandals of purity	T5_SHOES_CLOTH_AVALON
expert's sarcophagus	T5_OFF_TOWERSHIELD_UNDEAD
expert's satchel of insight	T5_BAG_INSIGHT
expert's scholar cowl	T5_HEAD_CLOTH_SET1
expert's scholar robe	T5_ARMOR_CLOTH_SET1
expert's scholar sandals	T5_SHOES_CLOTH_SET1
expert's serpent crystal	T5_ARTEFACT_2H_SHAPESHIFTER_CRYSTAL
expert's severed celestial keepsake	T5_ARTEFACT_OFF_CENSER_AVALON
expert's severed demonic horns	T5_ARTEFACT_2H_KNUCKLES_HELL
expert's shadowcaller	T5_MAIN_CURSEDSTAFF_AVALON
expert's shattered avalonian memento	T5_ARTEFACT_OFF_TALISMAN_AVALON
expert's shield	T5_OFF_SHIELD
expert's shoes of tenacity	T5_SHOES_LEATHER_AVALON
expert's sickle	T5_2H_TOOL_SICKLE
expert's siege banner	T5_SIEGE_BANNER
expert's siege hammer	T5_2H_TOOL_SIEGEHAMMER
expert's siegebow	T5_2H_CROSSBOWLARGE_MORGANA
expert's skinner backpack	T5_BACKPACK_GATHERER_HIDE
expert's skinner cap	T5_HEAD_GATHERER_HIDE
expert's skinner garb	T5_ARMOR_GATHERER_HIDE
expert's skinner workboots	T5_SHOES_GATHERER_HIDE
expert's skinning knife	T5_2H_TOOL_KNIFE
expert's skystrider bow	T5_2H_BOW_CRYSTAL
expert's smuggler cape	T5_CAPEITEM_SMUGGLER
expert's smuggler crest	T5_CAPEITEM_SMUGGLER_BP
expert's soldier armor	T5_ARMOR_PLATE_SET1
expert's soldier boots	T5_SHOES_PLATE_SET1
expert's soldier helmet	T5_HEAD_PLATE_SET1
expert's soul	T5_SOUL
expert's soulscythe	T5_2H_TWINSCYTHE_HELL
expert's spear	T5_MAIN_SPEAR
expert's specter hood	T5_HEAD_LEATHER_UNDEAD
expert's specter jacket	T5_ARMOR_LEATHER_UNDEAD
expert's specter shoes	T5_SHOES_LEATHER_UNDEAD
expert's spiked gauntlets	T5_2H_KNUCKLES_SET3
expert's spirithunter	T5_2H_HARPOON_HELL
expert's staff of balance	T5_2H_ROCKSTAFF_KEEPER
expert's stalker hood	T5_HEAD_LEATHER_MORGANA
expert's stalker jacket	T5_ARMOR_LEATHER_MORGANA
expert's stalker shoes	T5_SHOES_LEATHER_MORGANA
expert's startouched crystal	T5_ARTEFACT_2H_ARCANESTAFF_CRYSTAL
expert's stillgaze staff	T5_2H_SHAPESHIFTER_CRYSTAL
expert's stone hammer	T5_2H_TOOL_HAMMER
expert's symbol of blight	T5_ARTEFACT_2H_NATURESTAFF_HELL
expert's table	T5_FURNITUREITEM_TABLE
expert's taproot	T5_OFF_TOTEM_KEEPER
expert's thetford cape	T5_CAPEITEM_FW_THETFORD
expert's thetford crest	T5_CAPEITEM_FW_THETFORD_BP
expert's timelocked crystal	T5_ARTEFACT_OFF_TOME_CRYSTAL
expert's timelocked grimoire	T5_OFF_TOME_CRYSTAL
expert's timeworn walking staff	T5_ARTEFACT_2H_QUARTERSTAFF_AVALON
expert's tombhammer	T5_2H_HAMMER_UNDEAD
expert's tome of insight	T5_SKILLBOOK_NONTRADABLE
expert's tome of learning	T5_LEARNINGPOINTS_NONTRADABLE
expert's tome of spells	T5_OFF_BOOK
expert's torch	T5_OFF_TORCH
expert's tracking toolkit	T5_2H_TOOL_TRACKING
expert's transport ox	T5_MOUNT_OX
expert's trinity spear	T5_2H_TRIDENT_UNDEAD
expert's truebolt hammer	T5_2H_HAMMER_CRYSTAL
expert's twin slayers	T5_2H_DAGGERPAIR_CRYSTAL
expert's unbreakable crystal	T5_ARTEFACT_OFF_SHIELD_CRYSTAL
expert's unbreakable ward	T5_OFF_SHIELD_CRYSTAL
expert's undead cape	T5_CAPEITEM_UNDEAD
expert's undead crest	T5_CAPEITEM_UNDEAD_BP
expert's unholy scroll	T5_ARTEFACT_2H_INFERNOSTAFF_MORGANA
expert's untarnished griffin feathers	T5_ARTEFACT_ARMOR_LEATHER_FEY
expert's uprooted perennial sapling	T5_ARTEFACT_MAIN_NATURESTAFF_AVALON
expert's ursine guardian remains	T5_ARTEFACT_2H_KNUCKLES_KEEPER
expert's ursine maulers	T5_2H_KNUCKLES_KEEPER
expert's veilweaver carapace	T5_ARTEFACT_ARMOR_PLATE_FEY
expert's veilweaver claws	T5_ARTEFACT_SHOES_PLATE_FEY
expert's veilweaver mandibles	T5_ARTEFACT_HEAD_PLATE_FEY
expert's wailing bow	T5_2H_BOW_HELL
expert's warbow	T5_2H_WARBOW
expert's warhorse	T5_MOUNT_ARMORED_HORSE_SKIN_01
expert's warped raven plate	T5_ARTEFACT_2H_KNUCKLES_MORGANA
expert's weeping repeater	T5_2H_REPEATINGCROSSBOW_UNDEAD
expert's werewolf remnant	T5_ARTEFACT_2H_SHAPESHIFTER_MORGANA
expert's whispering bow	T5_2H_LONGBOW_UNDEAD
expert's wild staff	T5_2H_WILDSTAFF
expert's wildfire orb	T5_ARTEFACT_MAIN_FIRESTAFF_KEEPER
expert's wildfire staff	T5_MAIN_FIRESTAFF_KEEPER
expert's windborne crystal	T5_ARTEFACT_2H_BOW_CRYSTAL
expert's witchwork staff	T5_MAIN_ARCANESTAFF_UNDEAD
explorer's anchor	UNIQUE_INGREDIENT_ANCHOR_FOUNDER_LEGENDARY
explorer's armor	UNIQUE_ARMOR_FOUNDER_ELITE
explorer's avatar	UNIQUE_AVATAR_AJ_EXPLORATION_01
explorer's avatar ring	UNIQUE_AVATARRING_AJ_EXPLORATION_01
explorer's boots	UNIQUE_SHOES_FOUNDER_ELITE
explorer's hat	UNIQUE_HEAD_FOUNDER_ELITE
explorer's spyglass	UNIQUE_FURNITUREITEM_FOUNDER_LOOKINGGLASS
exquisite ghost hemp trophy	T8_FURNITUREITEM_TROPHY_FIBER
exquisite hemp trophy	T4_FURNITUREITEM_TROPHY_FIBER
faction legionnaire's armor	UNIQUE_ARMOR_VANITY_FW_SOLDIER_PLATE
faction legionnaire's boots	UNIQUE_SHOES_VANITY_FW_SOLDIER_PLATE
faction legionnaire's cape	UNIQUE_CAPE_VANITY_FW_SOLDIER_PLATE
faction legionnaire's helm	UNIQUE_HEAD_VANITY_FW_SOLDIER_PLATE
faerie fire	QUESTITEM_TOKEN_MISTS
fancy fish bait	T3_FISHINGBAIT
fancy fish sauce	T1_FISHSAUCE_LEVEL2
farm tower	PLAYERISLAND_FURNITUREITEM_FARM_WATERTOWER_A
farmer's ox	SKIN_OX_FARMER_TELLAFRIEND
feather talisman	TREASURE_TRIBAL_RARITY1
fennec	SKIN_DIREWOLF_FENNEK
festive reindeer	SKIN_GIANTSTAG_REINDEER_TELLAFRIEND
fifth anniversary avatar	UNIQUE_AVATAR_ANNIVERSARY_2022
fifth anniversary carpet	UNIQUE_FURNITUREITEM_CARPET_ANNIVERSARY_2022
fifth anniversary ring	UNIQUE_AVATARRING_ANNIVERSARY_2022
fifth-year stallion	SKIN_HORSE_ANNIVERSARY_2022
fine cloth	T4_CLOTH
fine dawnfeather	T5_ALCHEMY_RARE_EAGLE
fine flax trophy	T3_FURNITUREITEM_TROPHY_FIBER
fine imp's horn	T5_ALCHEMY_RARE_IMP
fine runestone tooth	T5_ALCHEMY_RARE_ELEMENTAL
fine shadow claws	T5_ALCHEMY_RARE_PANTHER
fine spirit paws	T5_ALCHEMY_RARE_DIREBEAR
fine sunflax trophy	T7_FURNITUREITEM_TROPHY_FIBER
fine sylvian root	T5_ALCHEMY_RARE_ENT
fine werewolf fangs	T5_ALCHEMY_RARE_WEREWOLF
fire bowl	PLAYERISLAND_FURNITUREITEM_STONE_FIREBOWL_A
fire bowl with pedestal	PLAYERISLAND_FURNITUREITEM_STONE_FIREBOWL_B
firetouched mullein	T7_MULLEIN
firetouched mullein seeds	T7_FARM_MULLEIN_SEED
firework launcher: chromacannon	UNIQUE_UNLOCK_VANITY_2H_GUN_ANNIVERSARY
fish line	PLAYERISLAND_FURNITUREITEM_WOOD_FISH_A
flambeau (disciples of morgana)	UNIQUE_FURNITUREITEM_MORGANA_TORCH_A
flame basilisk	T7_MOUNT_SWAMPDRAGON_BATTLE
flamebeast	SKIN_COUGAR_FIREMAGE
flatshore plaice	T3_FISH_SALTWATER_ALL_COMMON
flax	T3_FIBER
flour	T3_FLOUR
flower vase	PLAYERISLAND_FURNITUREITEM_VEGETATION_FLOWER_A
focus restoration potion	UNIQUE_FOCUSPOTION_ADC_NONTRADABLE_01
foglands doe	SKIN_GIANTSTAG_MIST_DEER_TELLAFRIEND
fool's golden egg	QUESTITEM_TOKEN_EVENT_EASTER_2018
fort sterling warbanner	UNIQUE_UNLOCK_VANITY_2H_FW_FORTSTERLING_BANNER
fortified leather	T8_LEATHER
founder's certificate	UNIQUE_FURNITUREITEM_FOUNDER_CERTIFICATE
founder's statue	UNIQUE_FURNITUREITEM_FOUNDER_STATUE
fountain of decadence	PLAYERISLAND_FURNITUREITEM_NOBLE_FOUNTAIN_A
friendly pumpkin lantern	UNIQUE_FURNITUREITEM_ADC_HALLOWEEN_PUMPKIN_LANTERN_B
frost challenge chest	UNIQUE_LOOTCHEST_ADC_JAN2019
frost igloo	UNIQUE_FURNITUREITEM_ADC_FROST_IGLOO
frost knight's armor	UNIQUE_ARMOR_VANITY_FROSTKNIGHT
frost knight's boots	UNIQUE_SHOES_VANITY_FROSTKNIGHT
frost knight's cape	UNIQUE_CAPE_VANITY_FROSTKNIGHT
frost knight's helmet	UNIQUE_HEAD_VANITY_FROSTKNIGHT
frost knight's warhorse	SKIN_ARMORED_HORSE_FROSTKNIGHT
frost moose	SKIN_GIANTSTAG_ICE_MOOSE_TELLAFRIEND
frost ram	T6_MOUNT_FROSTRAM_ADC
frost snowman	UNIQUE_FURNITUREITEM_ADC_FROST_SNOWMAN
frostbeast	SKIN_COUGAR_FROSTMAGE
frostpeak deadeye	T7_FISH_FRESHWATER_MOUNTAIN_RARE
frostpeak deadeye pie	T7_MEAL_PIE_FISH
fruit tree	PLAYERISLAND_FURNITUREITEM_VEGETATION_TREE_DOMESTIC_B
fullfilled destiny's circlet	UNIQUE_HEAD_VANITY_DESTINY_STONES_ADVANCED_AJ
gallant horse	UNIQUE_MOUNT_GIANT_HORSE_ADC
game master's boots	UNIQUE_INTERNAL_SHOES_GAMEMASTER
game master's doublet	UNIQUE_INTERNAL_ARMOR_GAMEMASTER
game master's hat	UNIQUE_INTERNAL_HEAD_GAMEMASTER
gatherer's avatar	UNIQUE_AVATAR_AJ_GATHERING_01
gatherer's avatar ring	UNIQUE_AVATARRING_AJ_GATHERING_01
gathering potion	T6_POTION_GATHER
ghost hemp	T8_FIBER
ghost victory emote charge	T1_KILL_EMOTE_GHOST_CHARGES_NONTRADABLE
ghostwolf	SKIN_DIREWOLF_WHITE
ghostwolf pup	T8_FARM_DIREWOLF_BABY
ghoul yarrow	T8_YARROW
ghoul yarrow seeds	T8_FARM_YARROW_SEED
gigantify potion	T5_POTION_REVIVE
glass sphere	UNIQUE_FURNITUREITEM_ADC_GLASS_SPHERE_A
globus cruciger	TREASURE_CEREMONIAL_RARITY2
glorious arena display	UNIQUE_FURNITUREITEM_VANITY_ARENA_BANNER_06
glorious heraldic guidon	UNIQUE_VANITY_2H_BANNER_GUIDON_GOLDEN_AJ
goat	T4_FARM_GOAT_GROWN
goat sandwich	T4_MEAL_SANDWICH
goat stew	T4_MEAL_STEW
goat's butter	T4_BUTTER
goat's milk	T4_MILK
gold ancient ent	UNIQUE_MOUNT_ENT_GOLD
gold avatar - season 14	UNIQUE_AVATAR_GVGSEASON_14_GOLD_SINGLE
gold avatar - season 15	UNIQUE_AVATAR_GVGSEASON_15_GOLD_SINGLE
gold avatar - season 16	UNIQUE_AVATAR_GVGSEASON_16_GOLD_SINGLE
gold avatar - season 17	UNIQUE_AVATAR_GVGSEASON_17_GOLD_SINGLE
gold avatar - season 18	UNIQUE_AVATAR_GVGSEASON_18_GOLD_SINGLE
gold avatar - season 19	UNIQUE_AVATAR_GVGSEASON_19_GOLD_SINGLE
gold avatar - season 20	UNIQUE_AVATAR_GVGSEASON_20_GOLD_SINGLE
gold avatar - season 21	UNIQUE_AVATAR_GVGSEASON_21_GOLD_SINGLE
gold avatar - season 22	UNIQUE_AVATAR_GVGSEASON_22_GOLD_SINGLE
gold avatar - season 23	UNIQUE_AVATAR_GVGSEASON_23_GOLD_SINGLE
gold avatar - season 24	UNIQUE_AVATAR_GVGSEASON_24_GOLD_SINGLE
gold avatar - season 25	UNIQUE_AVATAR_GVGSEASON_25_GOLD_SINGLE
gold avatar - season 26	UNIQUE_AVATAR_GVGSEASON_26_GOLD_SINGLE
gold avatar - season 27	UNIQUE_AVATAR_GVGSEASON_27_GOLD_SINGLE
gold avatar - season 28	UNIQUE_AVATAR_GVGSEASON_28_GOLD_SINGLE
gold avatar - season 29	UNIQUE_AVATAR_GVGSEASON_29_GOLD_SINGLE
gold battle eagle	UNIQUE_MOUNT_ARMORED_EAGLE_GOLD
gold battle mount chest	UNIQUE_LOOTCHEST_BATTLEMOUNT_GOLD
gold battle rhino	UNIQUE_MOUNT_RHINO_SEASON_GOLD
gold behemoth	UNIQUE_MOUNT_BEHEMOTH_GOLD
gold campaign chest: bridgewatch	UNIQUE_LOOTCHEST_FACTIONCAMPAIGN_REWARD_STEPPE_04
gold campaign chest: caerleon	UNIQUE_LOOTCHEST_FACTIONCAMPAIGN_REWARD_CAERLEON_04
gold campaign chest: fort sterling	UNIQUE_LOOTCHEST_FACTIONCAMPAIGN_REWARD_MOUNTAIN_04
gold campaign chest: lymhurst	UNIQUE_LOOTCHEST_FACTIONCAMPAIGN_REWARD_FOREST_04
gold campaign chest: martlock	UNIQUE_LOOTCHEST_FACTIONCAMPAIGN_REWARD_HIGHLAND_04
gold campaign chest: thetford	UNIQUE_LOOTCHEST_FACTIONCAMPAIGN_REWARD_SWAMP_04
gold colossus beetle	UNIQUE_MOUNT_BEETLE_GOLD
gold founder's certificate	UNIQUE_FURNITUREITEM_ASIA_FOUNDER_CERTIFICATE_GOLD
gold gathering statue	UNIQUE_FURNITUREITEM_BETAREWARD_GATHERING_GOLD
gold goliath horseeater	UNIQUE_MOUNT_BATTLESPIDER_GOLD
gold juggernaut	UNIQUE_MOUNT_JUGGERNAUT_GOLD
gold monster slayer statue	UNIQUE_FURNITUREITEM_BETAREWARD_PVE_GOLD
gold phalanx beetle	UNIQUE_MOUNT_TANKBEETLE_GOLD
gold roving bastion	UNIQUE_MOUNT_BASTION_GOLD
gold tower chariot	UNIQUE_MOUNT_TOWER_CHARIOT_GOLD
gold trader statue	UNIQUE_FURNITUREITEM_BETAREWARD_SILVER_GOLD
golden crown	TREASURE_CEREMONIAL_RARITY3
golden frame	TREASURE_AVALON_RARITY1
golden gyroscope	TREASURE_AVALON_RARITY2
golden sextant	TREASURE_AVALON_RARITY3
goldmane pegasus	SKIN_HORSE_PEGASUS_TWILIGHT
goose	T5_FARM_GOOSE_GROWN
goose eggs	T5_EGG
goose omelette	T5_MEAL_OMELETTE
goose pie	T5_MEAL_PIE
gosling	T5_FARM_GOOSE_BABY
grand arena display	UNIQUE_FURNITUREITEM_VANITY_ARENA_BANNER_05
grand conqueror's chest	UNIQUE_LOOTCHEST_CONQUEROR_WEEKLY_REWARD
grandmaster animal skinner tome	T7_SKILLBOOK_GATHER_HIDE
grandmaster blacksmith contract	T7_LABOURER_CONTRACT_WARRIOR
grandmaster blacksmith's journal (empty)	T7_JOURNAL_WARRIOR_EMPTY
grandmaster blacksmith's journal (full)	T7_JOURNAL_WARRIOR_FULL
grandmaster blacksmith's journal (partially full)	T7_JOURNAL_WARRIOR
grandmaster cropper contract	T7_LABOURER_CONTRACT_FIBER
grandmaster cropper's journal (empty)	T7_JOURNAL_FIBER_EMPTY
grandmaster cropper's journal (full)	T7_JOURNAL_FIBER_FULL
grandmaster cropper's journal (partially full)	T7_JOURNAL_FIBER
grandmaster cropper's trophy journal (empty)	T7_JOURNAL_TROPHY_FIBER_EMPTY
grandmaster cropper's trophy journal (full)	T7_JOURNAL_TROPHY_FIBER_FULL
grandmaster cropper's trophy journal (partially full)	T7_JOURNAL_TROPHY_FIBER
grandmaster fiber harvester tome	T7_SKILLBOOK_GATHER_FIBER
grandmaster fisherman contract	T7_LABOURER_CONTRACT_FISHERMAN
grandmaster fisherman's journal (empty)	T7_JOURNAL_FISHING_EMPTY
grandmaster fisherman's journal (full)	T7_JOURNAL_FISHING_FULL
grandmaster fisherman's journal (partially full)	T7_JOURNAL_FISHING
grandmaster fisherman's trophy journal (empty)	T7_JOURNAL_TROPHY_FISHING_EMPTY
grandmaster fisherman's trophy journal (full)	T7_JOURNAL_TROPHY_FISHING_FULL
grandmaster fisherman's trophy journal (partially full)	T7_JOURNAL_TROPHY_FISHING
grandmaster fletcher contract	T7_LABOURER_CONTRACT_HUNTER
grandmaster fletcher's journal (empty)	T7_JOURNAL_HUNTER_EMPTY
grandmaster fletcher's journal (full)	T7_JOURNAL_HUNTER_FULL
grandmaster fletcher's journal (partially full)	T7_JOURNAL_HUNTER
grandmaster gamekeeper contract	T7_LABOURER_CONTRACT_HIDE
grandmaster gamekeeper's journal (empty)	T7_JOURNAL_HIDE_EMPTY
grandmaster gamekeeper's journal (full)	T7_JOURNAL_HIDE_FULL
grandmaster gamekeeper's journal (partially full)	T7_JOURNAL_HIDE
grandmaster gamekeeper's trophy journal (empty)	T7_JOURNAL_TROPHY_HIDE_EMPTY
grandmaster gamekeeper's trophy journal (full)	T7_JOURNAL_TROPHY_HIDE_FULL
grandmaster gamekeeper's trophy journal (partially full)	T7_JOURNAL_TROPHY_HIDE
grandmaster imbuer contract	T7_LABOURER_CONTRACT_MAGE
grandmaster imbuer's journal (empty)	T7_JOURNAL_MAGE_EMPTY
grandmaster imbuer's journal (full)	T7_JOURNAL_MAGE_FULL
grandmaster imbuer's journal (partially full)	T7_JOURNAL_MAGE
grandmaster lumberjack contract	T7_LABOURER_CONTRACT_WOOD
grandmaster lumberjack tome	T7_SKILLBOOK_GATHER_WOOD
grandmaster lumberjack's journal (empty)	T7_JOURNAL_WOOD_EMPTY
grandmaster lumberjack's journal (full)	T7_JOURNAL_WOOD_FULL
grandmaster lumberjack's journal (partially full)	T7_JOURNAL_WOOD
grandmaster lumberjack's trophy journal (empty)	T7_JOURNAL_TROPHY_WOOD_EMPTY
grandmaster lumberjack's trophy journal (full)	T7_JOURNAL_TROPHY_WOOD_FULL
grandmaster lumberjack's trophy journal (partially full)	T7_JOURNAL_TROPHY_WOOD
grandmaster mercenary contract	T7_LABOURER_CONTRACT_MERCENARY
grandmaster mercenary's journal (empty)	T7_JOURNAL_MERCENARY_EMPTY
grandmaster mercenary's journal (full)	T7_JOURNAL_MERCENARY_FULL
grandmaster mercenary's journal (partially full)	T7_JOURNAL_MERCENARY
grandmaster mercenary's trophy	T7_FURNITUREITEM_TROPHY_MERCENARY
grandmaster mercenary's trophy journal (empty)	T7_JOURNAL_TROPHY_MERCENARY_EMPTY
grandmaster mercenary's trophy journal (full)	T7_JOURNAL_TROPHY_MERCENARY_FULL
grandmaster mercenary's trophy journal (partially full)	T7_JOURNAL_TROPHY_MERCENARY
grandmaster ore miner tome	T7_SKILLBOOK_GATHER_ORE
grandmaster prospector contract	T7_LABOURER_CONTRACT_ORE
grandmaster prospector's journal (empty)	T7_JOURNAL_ORE_EMPTY
grandmaster prospector's journal (full)	T7_JOURNAL_ORE_FULL
grandmaster prospector's journal (partially full)	T7_JOURNAL_ORE
grandmaster prospector's trophy journal (empty)	T7_JOURNAL_TROPHY_ORE_EMPTY
grandmaster prospector's trophy journal (full)	T7_JOURNAL_TROPHY_ORE_FULL
grandmaster prospector's trophy journal (partially full)	T7_JOURNAL_TROPHY_ORE
grandmaster quarrier tome	T7_SKILLBOOK_GATHER_ROCK
grandmaster stonecutter contract	T7_LABOURER_CONTRACT_STONE
grandmaster stonecutter's journal (empty)	T7_JOURNAL_STONE_EMPTY
grandmaster stonecutter's journal (full)	T7_JOURNAL_STONE_FULL
grandmaster stonecutter's journal (partially full)	T7_JOURNAL_STONE
grandmaster stonecutter's trophy journal (empty)	T7_JOURNAL_TROPHY_STONE_EMPTY
grandmaster stonecutter's trophy journal (full)	T7_JOURNAL_TROPHY_STONE_FULL
grandmaster stonecutter's trophy journal (partially full)	T7_JOURNAL_TROPHY_STONE
grandmaster tinker contract	T7_LABOURER_CONTRACT_TOOLMAKER
grandmaster tinker's journal (empty)	T7_JOURNAL_TOOLMAKER_EMPTY
grandmaster tinker's journal (full)	T7_JOURNAL_TOOLMAKER_FULL
grandmaster tinker's journal (partially full)	T7_JOURNAL_TOOLMAKER
grandmaster's alluring amulet	T7_ARTEFACT_ARMOR_CLOTH_MORGANA
grandmaster's alluring bindings	T7_ARTEFACT_SHOES_CLOTH_MORGANA
grandmaster's alluring bolts	T7_ARTEFACT_2H_CROSSBOWLARGE_MORGANA
grandmaster's alluring crystal	T7_ARTEFACT_OFF_ORB_MORGANA
grandmaster's alluring padding	T7_ARTEFACT_HEAD_CLOTH_MORGANA
grandmaster's ancient bindings	T7_ARTEFACT_SHOES_PLATE_UNDEAD
grandmaster's ancient chain rings	T7_ARTEFACT_ARMOR_PLATE_UNDEAD
grandmaster's ancient hammer head	T7_ARTEFACT_2H_HAMMER_UNDEAD
grandmaster's ancient padding	T7_ARTEFACT_HEAD_PLATE_UNDEAD
grandmaster's ancient shield core	T7_ARTEFACT_OFF_TOWERSHIELD_UNDEAD
grandmaster's arcane essence	T7_ESSENCE_POTION
grandmaster's arcane staff	T7_MAIN_ARCANESTAFF
grandmaster's arclight blasters	T7_2H_DUALCROSSBOW_CRYSTAL
grandmaster's arclight crystal	T7_ARTEFACT_2H_DUALCROSSBOW_CRYSTAL
grandmaster's arctic staff	T7_2H_FROSTSTAFF_CRYSTAL
grandmaster's armor of valor	T7_ARMOR_PLATE_AVALON
grandmaster's armored horse	T7_MOUNT_ARMORED_HORSE
grandmaster's assassin hood	T7_HEAD_LEATHER_SET3
grandmaster's assassin jacket	T7_ARMOR_LEATHER_SET3
grandmaster's assassin shoes	T7_SHOES_LEATHER_SET3
grandmaster's astral aegis	T7_OFF_SHIELD_AVALON
grandmaster's astral staff	T7_2H_ARCANESTAFF_CRYSTAL
grandmaster's augured fasteners	T7_ARTEFACT_SHOES_LEATHER_AVALON
grandmaster's augured padding	T7_ARTEFACT_HEAD_LEATHER_AVALON
grandmaster's augured sash	T7_ARTEFACT_ARMOR_LEATHER_AVALON
grandmaster's avalonian axe	T7_2H_TOOL_AXE_AVALON
grandmaster's avalonian battle memoir	T7_ARTEFACT_2H_AXE_AVALON
grandmaster's avalonian cape	T7_CAPEITEM_AVALON
grandmaster's avalonian crest	T7_CAPEITEM_AVALON_BP
grandmaster's avalonian fishing rod	T7_2H_TOOL_FISHINGROD_AVALON
grandmaster's avalonian pickaxe	T7_2H_TOOL_PICK_AVALON
grandmaster's avalonian shard	T7_SHARD_AVALONIAN
grandmaster's avalonian sickle	T7_2H_TOOL_SICKLE_AVALON
grandmaster's avalonian siege hammer	T7_2H_TOOL_SIEGEHAMMER_AVALON
grandmaster's avalonian skinning knife	T7_2H_TOOL_KNIFE_AVALON
grandmaster's avalonian stone hammer	T7_2H_TOOL_HAMMER_AVALON
grandmaster's axe	T7_2H_TOOL_AXE
grandmaster's bag	T7_BAG
grandmaster's bag of silver	T7_SILVERBAG_NONTRADABLE
grandmaster's battle bracers	T7_2H_KNUCKLES_SET2
grandmaster's battleaxe	T7_MAIN_AXE
grandmaster's bear paws	T7_2H_DUALAXE_KEEPER
grandmaster's bed	T7_FURNITUREITEM_BED
grandmaster's bedrock mace	T7_MAIN_ROCKMACE_KEEPER
grandmaster's black hands	T7_2H_IRONGAUNTLETS_HELL
grandmaster's black leather	T7_ARTEFACT_2H_IRONGAUNTLETS_HELL
grandmaster's black monk staff	T7_2H_COMBATSTAFF_MORGANA
grandmaster's blazing staff	T7_2H_INFERNOSTAFF_MORGANA
grandmaster's blight staff	T7_2H_NATURESTAFF_HELL
grandmaster's bloodforged blade	T7_ARTEFACT_MAIN_SCIMITAR_MORGANA
grandmaster's bloodforged catalyst	T7_ARTEFACT_2H_CURSEDSTAFF_MORGANA
grandmaster's bloodforged spikes	T7_ARTEFACT_OFF_SPIKEDSHIELD_MORGANA
grandmaster's bloodletter	T7_MAIN_RAPIER_MORGANA
grandmaster's bloodmoon staff	T7_2H_SHAPESHIFTER_MORGANA
grandmaster's bloodstained antiquities	T7_ARTEFACT_2H_DAGGER_KATAR_AVALON
grandmaster's blueflame crystal	T7_ARTEFACT_OFF_TORCH_CRYSTAL
grandmaster's blueflame torch	T7_OFF_TORCH_CRYSTAL
grandmaster's boltcasters	T7_2H_DUALCROSSBOW_HELL
grandmaster's boots of valor	T7_SHOES_PLATE_AVALON
grandmaster's bow	T7_2H_BOW
grandmaster's bow of badon	T7_2H_BOW_KEEPER
grandmaster's brawler gloves	T7_2H_KNUCKLES_SET1
grandmaster's brecilien cape	T7_CAPEITEM_FW_BRECILIEN
grandmaster's brecilien crest	T7_CAPEITEM_FW_BRECILIEN_BP
grandmaster's bridgewatch cape	T7_CAPEITEM_FW_BRIDGEWATCH
grandmaster's bridgewatch crest	T7_CAPEITEM_FW_BRIDGEWATCH_BP
grandmaster's bridled fury	T7_2H_DAGGER_KATAR_AVALON
grandmaster's brimstone staff	T7_2H_FIRESTAFF_HELL
grandmaster's broadsword	T7_MAIN_SWORD
grandmaster's broken demonic fang	T7_ARTEFACT_MAIN_DAGGER_HELL
grandmaster's broken oaths	T7_ARTEFACT_2H_DUALMACE_AVALON
grandmaster's burning orb	T7_ARTEFACT_2H_FIRESTAFF_HELL
grandmaster's caerleon cape	T7_CAPEITEM_FW_CAERLEON
grandmaster's caerleon crest	T7_CAPEITEM_FW_CAERLEON_BP
grandmaster's caitiff shield	T7_OFF_SHIELD_HELL
grandmaster's camlann mace	T7_2H_MACE_MORGANA
grandmaster's cape	T7_CAPE
grandmaster's carrioncaller	T7_2H_HALBERD_MORGANA
grandmaster's carved bone	T7_ARTEFACT_2H_BOW_KEEPER
grandmaster's carved skull padding	T7_ARTEFACT_HEAD_PLATE_KEEPER
grandmaster's carving sword	T7_2H_CLEAVER_HELL
grandmaster's celestial censer	T7_OFF_CENSER_AVALON
grandmaster's chilled crystalline shard	T7_ARTEFACT_MAIN_FROSTSTAFF_AVALON
grandmaster's chillhowl	T7_MAIN_FROSTSTAFF_AVALON
grandmaster's clarent blade	T7_MAIN_SCIMITAR_MORGANA
grandmaster's claws	T7_2H_CLAWPAIR
grandmaster's claymore	T7_2H_CLAYMORE
grandmaster's cleric cowl	T7_HEAD_CLOTH_SET2
grandmaster's cleric robe	T7_ARMOR_CLOTH_SET2
grandmaster's cleric sandals	T7_SHOES_CLOTH_SET2
grandmaster's cowl of purity	T7_HEAD_CLOTH_AVALON
grandmaster's crackling crystal	T7_ARTEFACT_2H_HAMMER_CRYSTAL
grandmaster's crossbow	T7_2H_CROSSBOW
grandmaster's crushed avalonian heirloom	T7_ARTEFACT_OFF_SHIELD_AVALON
grandmaster's cryptcandle	T7_OFF_LAMP_UNDEAD
grandmaster's crystal league chest	T7_LOOTCHEST_CRYSTAL_LEAGUE
grandmaster's crystal reaper	T7_2H_SCYTHE_CRYSTAL
grandmaster's crystal shard	T7_SHARD_CRYSTAL
grandmaster's crystallized divinity	T7_ARTEFACT_TOKEN_FAVOR_4
grandmaster's crystallized dread	T7_ARTEFACT_TOKEN_FAVOR_2
grandmaster's crystallized magic	T7_ARTEFACT_TOKEN_FAVOR_3
grandmaster's crystallized spirit	T7_ARTEFACT_TOKEN_FAVOR_1
grandmaster's cultist cowl	T7_HEAD_CLOTH_MORGANA
grandmaster's cultist robe	T7_ARMOR_CLOTH_MORGANA
grandmaster's cultist sandals	T7_SHOES_CLOTH_MORGANA
grandmaster's cursed barbs	T7_ARTEFACT_2H_TRIDENT_UNDEAD
grandmaster's cursed blades	T7_ARTEFACT_2H_DUALSCIMITAR_UNDEAD
grandmaster's cursed frozen crystal	T7_ARTEFACT_2H_ICECRYSTAL_UNDEAD
grandmaster's cursed jawbone	T7_ARTEFACT_2H_SKULLORB_HELL
grandmaster's cursed skull	T7_2H_SKULLORB_HELL
grandmaster's cursed staff	T7_MAIN_CURSEDSTAFF
grandmaster's dagger	T7_MAIN_DAGGER
grandmaster's dagger pair	T7_2H_DAGGERPAIR
grandmaster's damaged avalonian gauntlet	T7_ARTEFACT_2H_KNUCKLES_AVALON
grandmaster's damnation staff	T7_2H_CURSEDSTAFF_MORGANA
grandmaster's dawnbird remnant	T7_ARTEFACT_2H_SHAPESHIFTER_AVALON
grandmaster's dawnsong	T7_2H_FIRE_RINGPAIR_AVALON
grandmaster's daybreaker	T7_MAIN_SPEAR_LANCE_AVALON
grandmaster's death-touched crystal	T7_ARTEFACT_2H_DAGGERPAIR_CRYSTAL
grandmaster's deathgivers	T7_2H_DUALSICKLE_UNDEAD
grandmaster's demon armor	T7_ARMOR_PLATE_HELL
grandmaster's demon boots	T7_SHOES_PLATE_HELL
grandmaster's demon cape	T7_CAPEITEM_DEMON
grandmaster's demon crest	T7_CAPEITEM_DEMON_BP
grandmaster's demon helmet	T7_HEAD_PLATE_HELL
grandmaster's demonfang	T7_MAIN_DAGGER_HELL
grandmaster's demonhide bindings	T7_ARTEFACT_SHOES_LEATHER_HELL
grandmaster's demonhide leather	T7_ARTEFACT_ARMOR_LEATHER_HELL
grandmaster's demonhide padding	T7_ARTEFACT_HEAD_LEATHER_HELL
grandmaster's demonic arrowheads	T7_ARTEFACT_2H_BOW_HELL
grandmaster's demonic blade	T7_ARTEFACT_2H_CLEAVER_HELL
grandmaster's demonic filling	T7_ARTEFACT_SHOES_PLATE_HELL
grandmaster's demonic jawbone	T7_ARTEFACT_OFF_DEMONSKULL_HELL
grandmaster's demonic plates	T7_ARTEFACT_ARMOR_PLATE_HELL
grandmaster's demonic scraps	T7_ARTEFACT_HEAD_PLATE_HELL
grandmaster's demonic staff	T7_2H_DEMONICSTAFF
grandmaster's divine staff	T7_2H_DIVINESTAFF
grandmaster's double bladed staff	T7_2H_DOUBLEBLADEDSTAFF
grandmaster's dreadstorm crystal	T7_ARTEFACT_MAIN_MACE_CRYSTAL
grandmaster's dreadstorm monarch	T7_MAIN_MACE_CRYSTAL
grandmaster's druid cowl	T7_HEAD_CLOTH_KEEPER
grandmaster's druid robe	T7_ARMOR_CLOTH_KEEPER
grandmaster's druid sandals	T7_SHOES_CLOTH_KEEPER
grandmaster's druidic bindings	T7_ARTEFACT_SHOES_CLOTH_KEEPER
grandmaster's druidic feathers	T7_ARTEFACT_ARMOR_CLOTH_KEEPER
grandmaster's druidic inscriptions	T7_ARTEFACT_MAIN_NATURESTAFF_KEEPER
grandmaster's druidic preserved beak	T7_ARTEFACT_HEAD_CLOTH_KEEPER
grandmaster's druidic staff	T7_MAIN_NATURESTAFF_KEEPER
grandmaster's dual swords	T7_2H_DUALSWORD
grandmaster's dungeon map (group)	T7_RANDOM_DUNGEON_TOKEN_1
grandmaster's dungeon map (large group)	T7_RANDOM_DUNGEON_ELITE_TOKEN_1
grandmaster's dungeon map (solo)	T7_RANDOM_DUNGEON_SOLO_TOKEN_1
grandmaster's duskweaver armor	T7_ARMOR_PLATE_FEY
grandmaster's duskweaver boots	T7_SHOES_PLATE_FEY
grandmaster's duskweaver helmet	T7_HEAD_PLATE_FEY
grandmaster's earthrune staff	T7_2H_SHAPESHIFTER_KEEPER
grandmaster's edged crystal	T7_ARTEFACT_2H_SCYTHE_CRYSTAL
grandmaster's energy shaper	T7_2H_CROSSBOW_CANNON_AVALON
grandmaster's engraved log	T7_ARTEFACT_2H_RAM_KEEPER
grandmaster's enigmatic staff	T7_2H_ENIGMATICSTAFF
grandmaster's evensong	T7_2H_ARCANE_RINGPAIR_AVALON
grandmaster's exalted crystal	T7_ARTEFACT_2H_HOLYSTAFF_CRYSTAL
grandmaster's exalted greave	T7_ARTEFACT_SHOES_PLATE_AVALON
grandmaster's exalted plating	T7_ARTEFACT_ARMOR_PLATE_AVALON
grandmaster's exalted staff	T7_2H_HOLYSTAFF_CRYSTAL
grandmaster's exalted visor	T7_ARTEFACT_HEAD_PLATE_AVALON
grandmaster's eye of secrets	T7_OFF_ORB_MORGANA
grandmaster's facebreaker	T7_OFF_SPIKEDSHIELD_MORGANA
grandmaster's faded essence	T7_ESSENCE
grandmaster's fallen staff	T7_2H_HOLYSTAFF_HELL
grandmaster's fey dorsal wing	T7_ARTEFACT_ARMOR_CLOTH_FEY
grandmaster's fey dragonscales	T7_ARTEFACT_SHOES_CLOTH_FEY
grandmaster's feyscale hat	T7_HEAD_CLOTH_FEY
grandmaster's feyscale robe	T7_ARMOR_CLOTH_FEY
grandmaster's feyscale sandals	T7_SHOES_CLOTH_FEY
grandmaster's fiend cowl	T7_HEAD_CLOTH_HELL
grandmaster's fiend robe	T7_ARMOR_CLOTH_HELL
grandmaster's fiend sandals	T7_SHOES_CLOTH_HELL
grandmaster's fire staff	T7_MAIN_FIRESTAFF
grandmaster's fisherman backpack	T7_BACKPACK_GATHERER_FISH
grandmaster's fisherman cap	T7_HEAD_GATHERER_FISH
grandmaster's fisherman garb	T7_ARMOR_GATHERER_FISH
grandmaster's fisherman workboots	T7_SHOES_GATHERER_FISH
grandmaster's fishing rod	T7_2H_TOOL_FISHINGROD
grandmaster's fists of avalon	T7_2H_KNUCKLES_AVALON
grandmaster's flamewalker staff	T7_MAIN_FIRESTAFF_CRYSTAL
grandmaster's flawless griffin beak	T7_ARTEFACT_HEAD_LEATHER_FEY
grandmaster's foal	T7_FARM_HORSE_BABY
grandmaster's forcepulse bracers	T7_2H_KNUCKLES_CRYSTAL
grandmaster's forge hammers	T7_2H_DUALHAMMER_HELL
grandmaster's forgebark staff	T7_MAIN_NATURESTAFF_CRYSTAL
grandmaster's forged crystal	T7_ARTEFACT_MAIN_NATURESTAFF_CRYSTAL
grandmaster's fort sterling cape	T7_CAPEITEM_FW_FORTSTERLING
grandmaster's fort sterling crest	T7_CAPEITEM_FW_FORTSTERLING_BP
grandmaster's fractured opaque orb	T7_ARTEFACT_MAIN_CURSEDSTAFF_AVALON
grandmaster's frost staff	T7_MAIN_FROSTSTAFF
grandmaster's galatine pair	T7_2H_DUALSCIMITAR_UNDEAD
grandmaster's generalist trophy journal (empty)	T7_JOURNAL_TROPHY_GENERAL_EMPTY
grandmaster's generalist trophy journal (full)	T7_JOURNAL_TROPHY_GENERAL_FULL
grandmaster's generalist trophy journal (partially full)	T7_JOURNAL_TROPHY_GENERAL
grandmaster's ghastly arrows	T7_ARTEFACT_2H_LONGBOW_UNDEAD
grandmaster's ghastly bindings	T7_ARTEFACT_SHOES_LEATHER_UNDEAD
grandmaster's ghastly blades	T7_ARTEFACT_2H_DUALSICKLE_UNDEAD
grandmaster's ghastly candle	T7_ARTEFACT_OFF_LAMP_UNDEAD
grandmaster's ghastly leather	T7_ARTEFACT_ARMOR_LEATHER_UNDEAD
grandmaster's ghastly scroll	T7_ARTEFACT_2H_HOLYSTAFF_UNDEAD
grandmaster's ghastly visor	T7_ARTEFACT_HEAD_LEATHER_UNDEAD
grandmaster's glacial staff	T7_2H_GLACIALSTAFF
grandmaster's glaive	T7_2H_GLAIVE
grandmaster's glowing harmonic ring	T7_ARTEFACT_2H_FIRE_RINGPAIR_AVALON
grandmaster's grailseeker	T7_2H_QUARTERSTAFF_AVALON
grandmaster's graveguard armor	T7_ARMOR_PLATE_UNDEAD
grandmaster's graveguard boots	T7_SHOES_PLATE_UNDEAD
grandmaster's graveguard helmet	T7_HEAD_PLATE_UNDEAD
grandmaster's great arcane staff	T7_2H_ARCANESTAFF
grandmaster's great cursed staff	T7_2H_CURSEDSTAFF
grandmaster's great fire staff	T7_2H_FIRESTAFF
grandmaster's great frost staff	T7_2H_FROSTSTAFF
grandmaster's great hammer	T7_2H_HAMMER
grandmaster's great holy staff	T7_2H_HOLYSTAFF
grandmaster's great nature staff	T7_2H_NATURESTAFF
grandmaster's greataxe	T7_2H_AXE
grandmaster's griffin underfur	T7_ARTEFACT_SHOES_LEATHER_FEY
grandmaster's grovekeeper	T7_2H_RAM_KEEPER
grandmaster's guardian armor	T7_ARMOR_PLATE_SET3
grandmaster's guardian boots	T7_SHOES_PLATE_SET3
grandmaster's guardian helmet	T7_HEAD_PLATE_SET3
grandmaster's halberd	T7_2H_HALBERD
grandmaster's hallowfall	T7_MAIN_HOLYSTAFF_AVALON
grandmaster's hammer	T7_MAIN_HAMMER
grandmaster's hand of justice	T7_2H_HAMMER_AVALON
grandmaster's hardened debole	T7_ARTEFACT_MAIN_RAPIER_MORGANA
grandmaster's harvester backpack	T7_BACKPACK_GATHERER_FIBER
grandmaster's harvester cap	T7_HEAD_GATHERER_FIBER
grandmaster's harvester garb	T7_ARMOR_GATHERER_FIBER
grandmaster's harvester workboots	T7_SHOES_GATHERER_FIBER
grandmaster's heavy crossbow	T7_2H_CROSSBOWLARGE
grandmaster's heavy mace	T7_2H_MACE
grandmaster's hellfire hands	T7_2H_KNUCKLES_HELL
grandmaster's hellfire imp remnant	T7_ARTEFACT_2H_SHAPESHIFTER_HELL
grandmaster's hellgate ritual (5v5 - lethal)	T7_HELLGATE_5V5_LETHAL_1_MAP
grandmaster's hellion hood	T7_HEAD_LEATHER_HELL
grandmaster's hellion jacket	T7_ARMOR_LEATHER_HELL
grandmaster's hellion shoes	T7_SHOES_LEATHER_HELL
grandmaster's hellish bolts	T7_ARTEFACT_2H_DUALCROSSBOW_HELL
grandmaster's hellish hammer heads	T7_ARTEFACT_2H_DUALHAMMER_HELL
grandmaster's hellish handle	T7_ARTEFACT_OFF_JESTERCANE_HELL
grandmaster's hellish sicklehead	T7_ARTEFACT_2H_SCYTHE_HELL
grandmaster's hellish sicklehead pair	T7_ARTEFACT_2H_TWINSCYTHE_HELL
grandmaster's hellspawn staff	T7_2H_SHAPESHIFTER_HELL
grandmaster's helmet of valor	T7_HEAD_PLATE_AVALON
grandmaster's heraldic warhorse	SKIN_ARMORED_HORSE_T7_MOUNT_GUILD
grandmaster's heretic cape	T7_CAPEITEM_HERETIC
grandmaster's heretic crest	T7_CAPEITEM_HERETIC_BP
grandmaster's heron spear	T7_MAIN_SPEAR_KEEPER
grandmaster's hoarfrost orb	T7_ARTEFACT_MAIN_FROSTSTAFF_KEEPER
grandmaster's hoarfrost staff	T7_MAIN_FROSTSTAFF_KEEPER
grandmaster's holy staff	T7_MAIN_HOLYSTAFF
grandmaster's hood of tenacity	T7_HEAD_LEATHER_AVALON
grandmaster's horse	T7_FARM_HORSE_GROWN
grandmaster's humming avalonian whirligig	T7_ARTEFACT_2H_CROSSBOW_CANNON_AVALON
grandmaster's hunter hood	T7_HEAD_LEATHER_SET2
grandmaster's hunter jacket	T7_ARMOR_LEATHER_SET2
grandmaster's hunter shoes	T7_SHOES_LEATHER_SET2
grandmaster's hypnotic harmonic ring	T7_ARTEFACT_2H_ARCANE_RINGPAIR_AVALON
grandmaster's icicle orb	T7_ARTEFACT_2H_ICEGAUNTLETS_HELL
grandmaster's icicle staff	T7_2H_ICEGAUNTLETS_HELL
grandmaster's icy crystal	T7_ARTEFACT_2H_FROSTSTAFF_CRYSTAL
grandmaster's imbued leather folds	T7_ARTEFACT_ARMOR_LEATHER_MORGANA
grandmaster's imbued mace head	T7_ARTEFACT_2H_MACE_MORGANA
grandmaster's imbued soles	T7_ARTEFACT_SHOES_LEATHER_MORGANA
grandmaster's imbued visor	T7_ARTEFACT_HEAD_LEATHER_MORGANA
grandmaster's immaculately crafted riser	T7_ARTEFACT_2H_BOW_AVALON
grandmaster's incubus mace	T7_MAIN_MACE_HELL
grandmaster's infernal cloth bindings	T7_ARTEFACT_SHOES_CLOTH_HELL
grandmaster's infernal cloth folds	T7_ARTEFACT_ARMOR_CLOTH_HELL
grandmaster's infernal cloth visor	T7_ARTEFACT_HEAD_CLOTH_HELL
grandmaster's infernal harpoon tip	T7_ARTEFACT_2H_HARPOON_HELL
grandmaster's infernal mace head	T7_ARTEFACT_MAIN_MACE_HELL
grandmaster's infernal scroll	T7_ARTEFACT_2H_HOLYSTAFF_HELL
grandmaster's infernal scythe	T7_2H_SCYTHE_HELL
grandmaster's infernal shield core	T7_ARTEFACT_OFF_SHIELD_HELL
grandmaster's infernal staff	T7_2H_INFERNOSTAFF
grandmaster's infinite crystal	T7_ARTEFACT_MAIN_SWORD_CRYSTAL
grandmaster's infinity blade	T7_MAIN_SWORD_CRYSTAL
grandmaster's inscribed bindings	T7_ARTEFACT_SHOES_PLATE_KEEPER
grandmaster's inscribed stone	T7_ARTEFACT_OFF_TOTEM_KEEPER
grandmaster's intact fey fibula	T7_ARTEFACT_HEAD_CLOTH_FEY
grandmaster's iron-clad staff	T7_2H_IRONCLADEDSTAFF
grandmaster's ironroot staff	T7_MAIN_NATURESTAFF_AVALON
grandmaster's jacket of tenacity	T7_ARMOR_LEATHER_AVALON
grandmaster's judicator armor	T7_ARMOR_PLATE_KEEPER
grandmaster's judicator boots	T7_SHOES_PLATE_KEEPER
grandmaster's judicator helmet	T7_HEAD_PLATE_KEEPER
grandmaster's keeper axeheads	T7_ARTEFACT_2H_DUALAXE_KEEPER
grandmaster's keeper cape	T7_CAPEITEM_KEEPER
grandmaster's keeper crest	T7_CAPEITEM_KEEPER_BP
grandmaster's keeper spearhead	T7_ARTEFACT_MAIN_SPEAR_KEEPER
grandmaster's kingmaker	T7_2H_CLAYMORE_AVALON
grandmaster's knight armor	T7_ARMOR_PLATE_SET2
grandmaster's knight boots	T7_SHOES_PLATE_SET2
grandmaster's knight helmet	T7_HEAD_PLATE_SET2
grandmaster's knight's vow	T7_GVGSEASONREWARD_FAMEBUFF
grandmaster's leering cane	T7_OFF_JESTERCANE_HELL
grandmaster's lifecurse staff	T7_MAIN_CURSEDSTAFF_UNDEAD
grandmaster's lifetouch staff	T7_MAIN_HOLYSTAFF_MORGANA
grandmaster's light crossbow	T7_MAIN_1HCROSSBOW
grandmaster's lightcaller	T7_2H_SHAPESHIFTER_AVALON
grandmaster's longbow	T7_2H_LONGBOW
grandmaster's lost arcane crystal	T7_ARTEFACT_MAIN_ARCANESTAFF_UNDEAD
grandmaster's lost crossbow mechanism	T7_ARTEFACT_2H_REPEATINGCROSSBOW_UNDEAD
grandmaster's lost cursed crystal	T7_ARTEFACT_MAIN_CURSEDSTAFF_UNDEAD
grandmaster's lumberjack backpack	T7_BACKPACK_GATHERER_WOOD
grandmaster's lumberjack cap	T7_HEAD_GATHERER_WOOD
grandmaster's lumberjack garb	T7_ARMOR_GATHERER_WOOD
grandmaster's lumberjack workboots	T7_SHOES_GATHERER_WOOD
grandmaster's lymhurst cape	T7_CAPEITEM_FW_LYMHURST
grandmaster's lymhurst crest	T7_CAPEITEM_FW_LYMHURST_BP
grandmaster's mace	T7_MAIN_MACE
grandmaster's mage cowl	T7_HEAD_CLOTH_SET3
grandmaster's mage robe	T7_ARMOR_CLOTH_SET3
grandmaster's mage sandals	T7_SHOES_CLOTH_SET3
grandmaster's malevolent locus	T7_2H_ENIGMATICORB_MORGANA
grandmaster's martlock cape	T7_CAPEITEM_FW_MARTLOCK
grandmaster's martlock crest	T7_CAPEITEM_FW_MARTLOCK_BP
grandmaster's massive metallic hand	T7_ARTEFACT_2H_HAMMER_AVALON
grandmaster's mercenary hood	T7_HEAD_LEATHER_SET1
grandmaster's mercenary jacket	T7_ARMOR_LEATHER_SET1
grandmaster's mercenary shoes	T7_SHOES_LEATHER_SET1
grandmaster's messianic curio	T7_ARTEFACT_MAIN_HOLYSTAFF_AVALON
grandmaster's miner backpack	T7_BACKPACK_GATHERER_ORE
grandmaster's miner cap	T7_HEAD_GATHERER_ORE
grandmaster's miner garb	T7_ARMOR_GATHERER_ORE
grandmaster's miner workboots	T7_SHOES_GATHERER_ORE
grandmaster's mirage crystal	T7_ARTEFACT_2H_DOUBLEBLADEDSTAFF_CRYSTAL
grandmaster's mistcaller	T7_OFF_HORN_KEEPER
grandmaster's mistpiercer	T7_2H_BOW_AVALON
grandmaster's mistwalker hood	T7_HEAD_LEATHER_FEY
grandmaster's mistwalker jacket	T7_ARMOR_LEATHER_FEY
grandmaster's mistwalker shoes	T7_SHOES_LEATHER_FEY
grandmaster's morgana cape	T7_CAPEITEM_MORGANA
grandmaster's morgana crest	T7_CAPEITEM_MORGANA_BP
grandmaster's morgana halberd head	T7_ARTEFACT_2H_HALBERD_MORGANA
grandmaster's morning star	T7_2H_FLAIL
grandmaster's muisak	T7_OFF_DEMONSKULL_HELL
grandmaster's nature staff	T7_MAIN_NATURESTAFF
grandmaster's oathkeepers	T7_2H_DUALMACE_AVALON
grandmaster's occult orb	T7_ARTEFACT_2H_ARCANESTAFF_HELL
grandmaster's occult staff	T7_2H_ARCANESTAFF_HELL
grandmaster's ox	T7_FARM_OX_GROWN
grandmaster's ox calf	T7_FARM_OX_BABY
grandmaster's permafrost prism	T7_2H_ICECRYSTAL_UNDEAD
grandmaster's phantom twinblade	T7_2H_DOUBLEBLADEDSTAFF_CRYSTAL
grandmaster's pickaxe	T7_2H_TOOL_PICK
grandmaster's pike	T7_2H_SPEAR
grandmaster's polehammer	T7_2H_POLEHAMMER
grandmaster's possessed catalyst	T7_ARTEFACT_2H_ENIGMATICORB_MORGANA
grandmaster's possessed scroll	T7_ARTEFACT_MAIN_HOLYSTAFF_MORGANA
grandmaster's preserved animal fur	T7_ARTEFACT_ARMOR_PLATE_KEEPER
grandmaster's preserved log	T7_ARTEFACT_2H_NATURESTAFF_KEEPER
grandmaster's preserved rocks	T7_ARTEFACT_2H_ROCKSTAFF_KEEPER
grandmaster's primal staff	T7_2H_SHAPESHIFTER_SET3
grandmaster's prowling staff	T7_2H_SHAPESHIFTER_SET1
grandmaster's pulsating crystal	T7_ARTEFACT_2H_KNUCKLES_CRYSTAL
grandmaster's pyreheart crystal	T7_ARTEFACT_MAIN_FIRESTAFF_CRYSTAL
grandmaster's quarrier backpack	T7_BACKPACK_GATHERER_ROCK
grandmaster's quarrier cap	T7_HEAD_GATHERER_ROCK
grandmaster's quarrier garb	T7_ARMOR_GATHERER_ROCK
grandmaster's quarrier workboots	T7_SHOES_GATHERER_ROCK
grandmaster's quarterstaff	T7_2H_QUARTERSTAFF
grandmaster's rampant staff	T7_2H_NATURESTAFF_KEEPER
grandmaster's ravenstrike cestus	T7_2H_KNUCKLES_MORGANA
grandmaster's realmbreaker	T7_2H_AXE_AVALON
grandmaster's redemption staff	T7_2H_HOLYSTAFF_UNDEAD
grandmaster's reinforced morgana pole	T7_ARTEFACT_2H_COMBATSTAFF_MORGANA
grandmaster's relic	T7_RELIC
grandmaster's remnants of the old king	T7_ARTEFACT_2H_CLAYMORE_AVALON
grandmaster's repair kit	T7_FURNITUREITEM_REPAIRKIT
grandmaster's riding horse	T7_MOUNT_HORSE
grandmaster's rift crystal	T7_ARTEFACT_2H_GLAIVE_CRYSTAL
grandmaster's rift glaive	T7_2H_GLAIVE_CRYSTAL
grandmaster's robe of purity	T7_ARMOR_CLOTH_AVALON
grandmaster's rootbound staff	T7_2H_SHAPESHIFTER_SET2
grandmaster's rotcaller staff	T7_MAIN_CURSEDSTAFF_CRYSTAL
grandmaster's rotten crystal	T7_ARTEFACT_MAIN_CURSEDSTAFF_CRYSTAL
grandmaster's royal armor	T7_ARMOR_PLATE_ROYAL
grandmaster's royal boots	T7_SHOES_PLATE_ROYAL
grandmaster's royal cowl	T7_HEAD_CLOTH_ROYAL
grandmaster's royal helmet	T7_HEAD_PLATE_ROYAL
grandmaster's royal hood	T7_HEAD_LEATHER_ROYAL
grandmaster's royal jacket	T7_ARMOR_LEATHER_ROYAL
grandmaster's royal robe	T7_ARMOR_CLOTH_ROYAL
grandmaster's royal sandals	T7_SHOES_CLOTH_ROYAL
grandmaster's royal shoes	T7_SHOES_LEATHER_ROYAL
grandmaster's royal sigil	QUESTITEM_TOKEN_ROYAL_T7
grandmaster's ruined ancestral vamplate	T7_ARTEFACT_MAIN_SPEAR_LANCE_AVALON
grandmaster's rune	T7_RUNE
grandmaster's runed horn	T7_ARTEFACT_OFF_HORN_KEEPER
grandmaster's runed rock	T7_ARTEFACT_MAIN_ROCKMACE_KEEPER
grandmaster's runestone golem remnant	T7_ARTEFACT_2H_SHAPESHIFTER_KEEPER
grandmaster's sacred scepter	T7_OFF_TALISMAN_AVALON
grandmaster's sanctified belt	T7_ARTEFACT_ARMOR_CLOTH_AVALON
grandmaster's sanctified bindings	T7_ARTEFACT_SHOES_CLOTH_AVALON
grandmaster's sanctified mask	T7_ARTEFACT_HEAD_CLOTH_AVALON
grandmaster's sandals of purity	T7_SHOES_CLOTH_AVALON
grandmaster's sarcophagus	T7_OFF_TOWERSHIELD_UNDEAD
grandmaster's satchel of insight	T7_BAG_INSIGHT
grandmaster's scholar cowl	T7_HEAD_CLOTH_SET1
grandmaster's scholar robe	T7_ARMOR_CLOTH_SET1
grandmaster's scholar sandals	T7_SHOES_CLOTH_SET1
grandmaster's serpent crystal	T7_ARTEFACT_2H_SHAPESHIFTER_CRYSTAL
grandmaster's severed celestial keepsake	T7_ARTEFACT_OFF_CENSER_AVALON
grandmaster's severed demonic horns	T7_ARTEFACT_2H_KNUCKLES_HELL
grandmaster's shadowcaller	T7_MAIN_CURSEDSTAFF_AVALON
grandmaster's shattered avalonian memento	T7_ARTEFACT_OFF_TALISMAN_AVALON
grandmaster's shield	T7_OFF_SHIELD
grandmaster's shoes of tenacity	T7_SHOES_LEATHER_AVALON
grandmaster's sickle	T7_2H_TOOL_SICKLE
grandmaster's siege banner	T7_SIEGE_BANNER
grandmaster's siege hammer	T7_2H_TOOL_SIEGEHAMMER
grandmaster's siegebow	T7_2H_CROSSBOWLARGE_MORGANA
grandmaster's skinner backpack	T7_BACKPACK_GATHERER_HIDE
grandmaster's skinner cap	T7_HEAD_GATHERER_HIDE
grandmaster's skinner garb	T7_ARMOR_GATHERER_HIDE
grandmaster's skinner workboots	T7_SHOES_GATHERER_HIDE
grandmaster's skinning knife	T7_2H_TOOL_KNIFE
grandmaster's skystrider bow	T7_2H_BOW_CRYSTAL
grandmaster's smuggler cape	T7_CAPEITEM_SMUGGLER
grandmaster's smuggler crest	T7_CAPEITEM_SMUGGLER_BP
grandmaster's soldier armor	T7_ARMOR_PLATE_SET1
grandmaster's soldier boots	T7_SHOES_PLATE_SET1
grandmaster's soldier helmet	T7_HEAD_PLATE_SET1
grandmaster's soul	T7_SOUL
grandmaster's soulscythe	T7_2H_TWINSCYTHE_HELL
grandmaster's spear	T7_MAIN_SPEAR
grandmaster's specter hood	T7_HEAD_LEATHER_UNDEAD
grandmaster's specter jacket	T7_ARMOR_LEATHER_UNDEAD
grandmaster's specter shoes	T7_SHOES_LEATHER_UNDEAD
grandmaster's spiked gauntlets	T7_2H_KNUCKLES_SET3
grandmaster's spirithunter	T7_2H_HARPOON_HELL
grandmaster's staff of balance	T7_2H_ROCKSTAFF_KEEPER
grandmaster's stalker hood	T7_HEAD_LEATHER_MORGANA
grandmaster's stalker jacket	T7_ARMOR_LEATHER_MORGANA
grandmaster's stalker shoes	T7_SHOES_LEATHER_MORGANA
grandmaster's startouched crystal	T7_ARTEFACT_2H_ARCANESTAFF_CRYSTAL
grandmaster's stillgaze staff	T7_2H_SHAPESHIFTER_CRYSTAL
grandmaster's stone hammer	T7_2H_TOOL_HAMMER
grandmaster's symbol of blight	T7_ARTEFACT_2H_NATURESTAFF_HELL
grandmaster's table	T7_FURNITUREITEM_TABLE
grandmaster's taproot	T7_OFF_TOTEM_KEEPER
grandmaster's thetford cape	T7_CAPEITEM_FW_THETFORD
grandmaster's thetford crest	T7_CAPEITEM_FW_THETFORD_BP
grandmaster's timelocked crystal	T7_ARTEFACT_OFF_TOME_CRYSTAL
grandmaster's timelocked grimoire	T7_OFF_TOME_CRYSTAL
grandmaster's timeworn walking staff	T7_ARTEFACT_2H_QUARTERSTAFF_AVALON
grandmaster's tombhammer	T7_2H_HAMMER_UNDEAD
grandmaster's tome of insight	T7_SKILLBOOK_NONTRADABLE
grandmaster's tome of learning	T7_LEARNINGPOINTS_NONTRADABLE
grandmaster's tome of spells	T7_OFF_BOOK
grandmaster's torch	T7_OFF_TORCH
grandmaster's tracking toolkit	T7_2H_TOOL_TRACKING
grandmaster's transport ox	T7_MOUNT_OX
grandmaster's trinity spear	T7_2H_TRIDENT_UNDEAD
grandmaster's truebolt hammer	T7_2H_HAMMER_CRYSTAL
grandmaster's twin slayers	T7_2H_DAGGERPAIR_CRYSTAL
grandmaster's unbreakable crystal	T7_ARTEFACT_OFF_SHIELD_CRYSTAL
grandmaster's unbreakable ward	T7_OFF_SHIELD_CRYSTAL
grandmaster's undead cape	T7_CAPEITEM_UNDEAD
grandmaster's undead crest	T7_CAPEITEM_UNDEAD_BP
grandmaster's unholy scroll	T7_ARTEFACT_2H_INFERNOSTAFF_MORGANA
grandmaster's untarnished griffin feathers	T7_ARTEFACT_ARMOR_LEATHER_FEY
grandmaster's uprooted perennial sapling	T7_ARTEFACT_MAIN_NATURESTAFF_AVALON
grandmaster's ursine guardian remains	T7_ARTEFACT_2H_KNUCKLES_KEEPER
grandmaster's ursine maulers	T7_2H_KNUCKLES_KEEPER
grandmaster's veilweaver carapace	T7_ARTEFACT_ARMOR_PLATE_FEY
grandmaster's veilweaver claws	T7_ARTEFACT_SHOES_PLATE_FEY
grandmaster's veilweaver mandibles	T7_ARTEFACT_HEAD_PLATE_FEY
grandmaster's wailing bow	T7_2H_BOW_HELL
grandmaster's warbow	T7_2H_WARBOW
grandmaster's warhorse	T7_MOUNT_ARMORED_HORSE_SKIN_01
grandmaster's warped raven plate	T7_ARTEFACT_2H_KNUCKLES_MORGANA
grandmaster's weeping repeater	T7_2H_REPEATINGCROSSBOW_UNDEAD
grandmaster's werewolf remnant	T7_ARTEFACT_2H_SHAPESHIFTER_MORGANA
grandmaster's whispering bow	T7_2H_LONGBOW_UNDEAD
grandmaster's wild staff	T7_2H_WILDSTAFF
grandmaster's wildfire orb	T7_ARTEFACT_MAIN_FIRESTAFF_KEEPER
grandmaster's wildfire staff	T7_MAIN_FIRESTAFF_KEEPER
grandmaster's windborne crystal	T7_ARTEFACT_2H_BOW_CRYSTAL
grandmaster's witchwork staff	T7_MAIN_ARCANESTAFF_UNDEAD
granite	T5_ROCK
granite block	T5_STONEBLOCK
granite fragment	T5_FURNITUREITEM_TROPHY_ROCK
green chimera	SKIN_HORSE_QUESTING_BEAST_GREEN
green knight's armor	UNIQUE_ARMOR_VANITY_KNIGHT_GREEN
green knight's armored horse	SKIN_ARMORED_HORSE_KNIGHT_GREEN
green knight's boots	UNIQUE_SHOES_VANITY_KNIGHT_GREEN
green knight's cape	UNIQUE_CAPE_VANITY_KNIGHT_GREEN
green knight's helmet	UNIQUE_HEAD_VANITY_KNIGHT_GREEN
green navigator's boots	UNIQUE_SHOES_VANITY_PIRATE_GREEN
green navigator's coat	UNIQUE_ARMOR_VANITY_PIRATE_GREEN
green navigator's hat	UNIQUE_HEAD_VANITY_PIRATE_GREEN
green princess dress	UNIQUE_ARMOR_VANITY_DRESS_GREEN
green princess hat	UNIQUE_HEAD_VANITY_DRESS_GREEN
green princess shoes	UNIQUE_SHOES_VANITY_DRESS_GREEN
greenmoor clam	T3_FISH_FRESHWATER_SWAMP_RARE
greenmoor clam soup	T1_MEAL_SOUP_FISH
greenriver eel	T3_FISH_FRESHWATER_FOREST_RARE
greenriver eel stew	T4_MEAL_STEW_FISH
grilled fish	T1_MEAL_GRILLEDFISH
grim challenge chest	UNIQUE_LOOTCHEST_ADC_NOV2018
grim gravestone	UNIQUE_FURNITUREITEM_ADC_GRIM_HEADSTONE
grim lantern	UNIQUE_FURNITUREITEM_ADC_GRIM_LANTERN
grinning pumpkin head	UNIQUE_HEAD_VANITY_PUMPKIN_01
grizzly bear	UNIQUE_MOUNT_BEAR_KEEPER_ADC
groom's cape	UNIQUE_CAPE_VANITY_WEDDING_TUXEDO
groom's hat	UNIQUE_HEAD_VANITY_WEDDING_TUXEDO
groom's shoes	UNIQUE_SHOES_VANITY_WEDDING_TUXEDO
groom's suit	UNIQUE_ARMOR_VANITY_WEDDING_TUXEDO
grump-o'-lantern	UNIQUE_OFF_VANITY_PUMPKIN_ANGRY
guild avatar	UNIQUE_AVATAR_AJ_GUILD_01
guild avatar ring	UNIQUE_AVATARRING_AJ_GUILD_01
guild banner on fabric	T2_FURNITUREITEM_GUILDBANNER_FABRIC
guild banner on shield	T2_FURNITUREITEM_GUILDBANNER_SHIELD
guild banner victory emote charge	T1_KILL_EMOTE_FLAG_CHARGES_NONTRADABLE
guild season 2nd place	SKIN_DIREWOLF_GVGSEASON_2ND_01
guild season 3rd place	SKIN_DIREWOLF_GVGSEASON_3RD_01
guild season winner	SKIN_DIREWOLF_GVGSEASON_1ST_01
halloween cauldron	UNIQUE_FURNITUREITEM_ADC_HALLOWEEN_CAULDRON_A
halloween lantern	UNIQUE_FURNITUREITEM_ADC_HALLOWEEN_TREE_LANTERN_A
halloween pyre	UNIQUE_FURNITUREITEM_ADC_HALLOWEEN_SCARECROW_PYRE_A
halloween scarecrow	UNIQUE_FURNITUREITEM_ADC_HALLOWEEN_SCARECROW_A
hammer victory emote charge	T1_KILL_EMOTE_HAMMER_CHARGES_NONTRADABLE
harbinger's boots	UNIQUE_SHOES_VANITY_DARK_SORCERER
harbinger's crown	UNIQUE_HEAD_VANITY_DARK_SORCERER
harbinger's robes	UNIQUE_ARMOR_VANITY_DARK_SORCERER
harbinger's staff and cape	UNIQUE_CAPE_VANITY_DARK_SORCERER
hardened leather	T6_LEATHER
harvest challenge chest	UNIQUE_LOOTCHEST_ADC_OCT2018_01
haystack	PLAYERISLAND_FURNITUREITEM_FARM_DECO_B
haystack and cart	PLAYERISLAND_FURNITUREITEM_FARM_DECO_C
healing potion	T4_POTION_HEAL
heavy hide	T5_HIDE
hell mare	SKIN_HORSE_HELL
hellfire potion	T6_POTION_LAVA
hellgate victory emote charge	T1_KILL_EMOTE_HELLGATE_CHARGES_NONTRADABLE
hellspinner	T5_MOUNT_SPIDER_HELL
hellspinner baby	T5_FARM_SPIDER_HELL_BABY
hemp	T4_FIBER
hen eggs	T3_EGG
heraldic guidon	UNIQUE_VANITY_2H_BANNER_GUIDON_AJ
heraldic jousting horse	SKIN_ARMORED_HORSE_JOUSTING_GUILD_AJ
heretic animal cages	UNIQUE_FURNITUREITEM_HERETIC_ANIMAL_CAGES
heretic burning barrel	UNIQUE_FURNITUREITEM_HERETIC_BARREL_BURNING_A
heretic cart	SKIN_OX_CART_HERETIC
heretic challenge chest	UNIQUE_LOOTCHEST_ADC_SEP2019
heretic chief's table	UNIQUE_FURNITUREITEM_HERETIC_PLANNING_TABLE
heretic combat mule	UNIQUE_MOUNT_HERETIC_MULE_ADC
heretic flag	UNIQUE_FURNITUREITEM_HERETIC_FLAG
heretic food stash	UNIQUE_FURNITUREITEM_HERETIC_FOOD_PILE
heretic game table	UNIQUE_FURNITUREITEM_HERETIC_GAME_TABLE
heretic junkpile	UNIQUE_FURNITUREITEM_HERETIC_JUNKPILE
heretic lantern	UNIQUE_FURNITUREITEM_HERETIC_LANTERN
heretic palisade	UNIQUE_FURNITUREITEM_HERETIC_PALLISADE
heretic scarecrow	UNIQUE_FURNITUREITEM_HERETIC_CONSTRUCT
heretic stove	UNIQUE_FURNITUREITEM_HERETIC_STOVE_A
heretic tent	UNIQUE_FURNITUREITEM_HERETIC_TENT
heretic toolboard	UNIQUE_FURNITUREITEM_HERETICS_TOOL_BOARD_A
heretic training dummy	UNIQUE_FURNITUREITEM_HERETIC_TRAINING_DUMMY
heretic warsteed	SKIN_ARMORED_HORSE_HERETIC_PONY_TELLAFRIEND
heretic weapon rack	UNIQUE_FURNITUREITEM_HERETIC_WEAPON_RACK
hide cape	UNIQUE_HEAD_VANITY_NO_CAPE
hide helmet	UNIQUE_HEAD_VANITY_NO_HELMET
hide main hand	UNIQUE_HEAD_VANITY_NO_MAIN_HAND
hide off-hand	UNIQUE_HEAD_VANITY_NO_OFF_HAND
hideout construction kit	UNIQUE_HIDEOUT
holy fetish	TREASURE_TRIBAL_RARITY3
homesteader's avatar	UNIQUE_AVATAR_AJ_FARMER_01
homesteader's avatar ring	UNIQUE_AVATARRING_AJ_FARMER_01
horse macabre	SKIN_HORSE_UNDEAD_HALLOWEEN
horsferatu	SKIN_HORSE_VAMPIRE_TELLAFRIEND
hunter challenge chest	UNIQUE_LOOTCHEST_ADC_APR2019
hunter statue	PLAYERISLAND_FURNITUREITEM_STONE_STATUE_HUNTER_B
hunting sculpture	PLAYERISLAND_FURNITUREITEM_STONE_STATUE_HUNTER_A
hyena cape	UNIQUE_CAPE_VANITY_HYENA
hygienic boots	UNIQUE_SHOES_VANITY_PLAGUEDOC
hygienic coat	UNIQUE_ARMOR_VANITY_PLAGUEDOC
hygienic mask	UNIQUE_HEAD_VANITY_PLAGUEDOC
ice sculpture: bonecrusher berserker	UNIQUE_FURNITUREITEM_ADC_ICESCULPTURE_A
ice sculpture: cursed archer	UNIQUE_FURNITUREITEM_ADC_ICESCULPTURE_B
ice sculpture: obsessed cultist	UNIQUE_FURNITUREITEM_ADC_ICESCULPTURE_C
icosahedron of fate	UNIQUE_VANITY_MAIN_DICE_TWENTYSIDED_AJ
infernal horseshoes	T8_MOUNTUPGRADE_HORSE_MORGANA
infernal memento	UNIQUE_FURNITUREITEM_KILLTROPHY_HELL_MEDIUM
innkeeper's beer mug	UNIQUE_OFF_VANITY_INNKEEPER
innkeeper's hat	UNIQUE_HEAD_VANITY_INNKEEPER
innkeeper's shirt	UNIQUE_ARMOR_VANITY_INNKEEPER
innkeeper's shoes	UNIQUE_SHOES_VANITY_INNKEEPER
invisibility potion	T8_POTION_CLEANSE
iron campaign chest: bridgewatch	UNIQUE_LOOTCHEST_FACTIONCAMPAIGN_REWARD_STEPPE_01
iron campaign chest: caerleon	UNIQUE_LOOTCHEST_FACTIONCAMPAIGN_REWARD_CAERLEON_01
iron campaign chest: fort sterling	UNIQUE_LOOTCHEST_FACTIONCAMPAIGN_REWARD_MOUNTAIN_01
iron campaign chest: lymhurst	UNIQUE_LOOTCHEST_FACTIONCAMPAIGN_REWARD_FOREST_01
iron campaign chest: martlock	UNIQUE_LOOTCHEST_FACTIONCAMPAIGN_REWARD_HIGHLAND_01
iron campaign chest: thetford	UNIQUE_LOOTCHEST_FACTIONCAMPAIGN_REWARD_SWAMP_01
iron ore	T4_ORE
iron ore sample	T4_FURNITUREITEM_TROPHY_ORE
ironjaw hyena	SKIN_DIREWOLF_HYENA_TELLAFRIEND
jack o' donkey	SKIN_DONKEY_HALLOWEEN
jade guardian	SKIN_COUGAR_JADE_GUARDIAN
jester costume	UNIQUE_ARMOR_VANITY_JESTER
jester horse	SKIN_HORSE_JESTER_TELLAFRIEND
jester mask	UNIQUE_HEAD_VANITY_JESTER
jester shoes	UNIQUE_SHOES_VANITY_JESTER
journeyman blacksmith contract	T3_LABOURER_CONTRACT_WARRIOR
journeyman blacksmith's journal (empty)	T3_JOURNAL_WARRIOR_EMPTY
journeyman blacksmith's journal (full)	T3_JOURNAL_WARRIOR_FULL
journeyman blacksmith's journal (partially full)	T3_JOURNAL_WARRIOR
journeyman cropper contract	T3_LABOURER_CONTRACT_FIBER
journeyman cropper's journal (empty)	T3_JOURNAL_FIBER_EMPTY
journeyman cropper's journal (full)	T3_JOURNAL_FIBER_FULL
journeyman cropper's journal (partially full)	T3_JOURNAL_FIBER
journeyman cropper's trophy journal (empty)	T3_JOURNAL_TROPHY_FIBER_EMPTY
journeyman cropper's trophy journal (full)	T3_JOURNAL_TROPHY_FIBER_FULL
journeyman cropper's trophy journal (partially full)	T3_JOURNAL_TROPHY_FIBER
journeyman fisherman contract	T3_LABOURER_CONTRACT_FISHERMAN
journeyman fisherman's journal (empty)	T3_JOURNAL_FISHING_EMPTY
journeyman fisherman's journal (full)	T3_JOURNAL_FISHING_FULL
journeyman fisherman's journal (partially full)	T3_JOURNAL_FISHING
journeyman fisherman's trophy journal (empty)	T3_JOURNAL_TROPHY_FISHING_EMPTY
journeyman fisherman's trophy journal (full)	T3_JOURNAL_TROPHY_FISHING_FULL
journeyman fisherman's trophy journal (partially full)	T3_JOURNAL_TROPHY_FISHING
journeyman fletcher contract	T3_LABOURER_CONTRACT_HUNTER
journeyman fletcher's journal (empty)	T3_JOURNAL_HUNTER_EMPTY
journeyman fletcher's journal (full)	T3_JOURNAL_HUNTER_FULL
journeyman fletcher's journal (partially full)	T3_JOURNAL_HUNTER
journeyman gamekeeper contract	T3_LABOURER_CONTRACT_HIDE
journeyman gamekeeper's journal (empty)	T3_JOURNAL_HIDE_EMPTY
journeyman gamekeeper's journal (full)	T3_JOURNAL_HIDE_FULL
journeyman gamekeeper's journal (partially full)	T3_JOURNAL_HIDE
journeyman gamekeeper's trophy journal (empty)	T3_JOURNAL_TROPHY_HIDE_EMPTY
journeyman gamekeeper's trophy journal (full)	T3_JOURNAL_TROPHY_HIDE_FULL
journeyman gamekeeper's trophy journal (partially full)	T3_JOURNAL_TROPHY_HIDE
journeyman imbuer contract	T3_LABOURER_CONTRACT_MAGE
journeyman imbuer's journal (empty)	T3_JOURNAL_MAGE_EMPTY
journeyman imbuer's journal (full)	T3_JOURNAL_MAGE_FULL
journeyman imbuer's journal (partially full)	T3_JOURNAL_MAGE
journeyman lumberjack contract	T3_LABOURER_CONTRACT_WOOD
journeyman lumberjack's journal (empty)	T3_JOURNAL_WOOD_EMPTY
journeyman lumberjack's journal (full)	T3_JOURNAL_WOOD_FULL
journeyman lumberjack's journal (partially full)	T3_JOURNAL_WOOD
journeyman lumberjack's trophy journal (empty)	T3_JOURNAL_TROPHY_WOOD_EMPTY
journeyman lumberjack's trophy journal (full)	T3_JOURNAL_TROPHY_WOOD_FULL
journeyman lumberjack's trophy journal (partially full)	T3_JOURNAL_TROPHY_WOOD
journeyman mercenary contract	T3_LABOURER_CONTRACT_MERCENARY
journeyman mercenary's journal (empty)	T3_JOURNAL_MERCENARY_EMPTY
journeyman mercenary's journal (full)	T3_JOURNAL_MERCENARY_FULL
journeyman mercenary's journal (partially full)	T3_JOURNAL_MERCENARY
journeyman mercenary's trophy	T3_FURNITUREITEM_TROPHY_MERCENARY
journeyman mercenary's trophy journal (empty)	T3_JOURNAL_TROPHY_MERCENARY_EMPTY
journeyman mercenary's trophy journal (full)	T3_JOURNAL_TROPHY_MERCENARY_FULL
journeyman mercenary's trophy journal (partially full)	T3_JOURNAL_TROPHY_MERCENARY
journeyman prospector contract	T3_LABOURER_CONTRACT_ORE
journeyman prospector's journal (empty)	T3_JOURNAL_ORE_EMPTY
journeyman prospector's journal (full)	T3_JOURNAL_ORE_FULL
journeyman prospector's journal (partially full)	T3_JOURNAL_ORE
journeyman prospector's trophy journal (empty)	T3_JOURNAL_TROPHY_ORE_EMPTY
journeyman prospector's trophy journal (full)	T3_JOURNAL_TROPHY_ORE_FULL
journeyman prospector's trophy journal (partially full)	T3_JOURNAL_TROPHY_ORE
journeyman stonecutter contract	T3_LABOURER_CONTRACT_STONE
journeyman stonecutter's journal (empty)	T3_JOURNAL_STONE_EMPTY
journeyman stonecutter's journal (full)	T3_JOURNAL_STONE_FULL
journeyman stonecutter's journal (partially full)	T3_JOURNAL_STONE
journeyman stonecutter's trophy journal (empty)	T3_JOURNAL_TROPHY_STONE_EMPTY
journeyman stonecutter's trophy journal (full)	T3_JOURNAL_TROPHY_STONE_FULL
journeyman stonecutter's trophy journal (partially full)	T3_JOURNAL_TROPHY_STONE
journeyman tinker contract	T3_LABOURER_CONTRACT_TOOLMAKER
journeyman tinker's journal (empty)	T3_JOURNAL_TOOLMAKER_EMPTY
journeyman tinker's journal (full)	T3_JOURNAL_TOOLMAKER_FULL
journeyman tinker's journal (partially full)	T3_JOURNAL_TOOLMAKER
journeyman's arcane staff	T3_MAIN_ARCANESTAFF
journeyman's axe	T3_2H_TOOL_AXE
journeyman's bag	T3_BAG
journeyman's bag of silver	T3_SILVERBAG_NONTRADABLE
journeyman's battleaxe	T3_MAIN_AXE
journeyman's bed	T3_FURNITUREITEM_BED
journeyman's bow	T3_2H_BOW
journeyman's brawler gloves	T3_2H_KNUCKLES_SET1
journeyman's broadsword	T3_MAIN_SWORD
journeyman's cape	T3_CAPE
journeyman's chest	T3_FURNITUREITEM_CHEST
journeyman's crossbow	T3_2H_CROSSBOW
journeyman's cursed staff	T3_MAIN_CURSEDSTAFF
journeyman's dagger	T3_MAIN_DAGGER
journeyman's dungeon map (solo)	T3_RANDOM_DUNGEON_SOLO_TOKEN_1
journeyman's fire staff	T3_MAIN_FIRESTAFF
journeyman's fishing rod	T3_2H_TOOL_FISHINGROD
journeyman's foal	T3_FARM_HORSE_BABY
journeyman's focus restoration potion	T3_FOCUSPOTION_NONTRADABLE
journeyman's frost staff	T3_MAIN_FROSTSTAFF
journeyman's generalist trophy journal (empty)	T3_JOURNAL_TROPHY_GENERAL_EMPTY
journeyman's generalist trophy journal (full)	T3_JOURNAL_TROPHY_GENERAL_FULL
journeyman's generalist trophy journal (partially full)	T3_JOURNAL_TROPHY_GENERAL
journeyman's hammer	T3_MAIN_HAMMER
journeyman's holy staff	T3_MAIN_HOLYSTAFF
journeyman's horse	T3_FARM_HORSE_GROWN
journeyman's mace	T3_MAIN_MACE
journeyman's mercenary hood	T3_HEAD_LEATHER_SET1
journeyman's mercenary jacket	T3_ARMOR_LEATHER_SET1
journeyman's mercenary shoes	T3_SHOES_LEATHER_SET1
journeyman's nature staff	T3_MAIN_NATURESTAFF
journeyman's ox	T3_FARM_OX_GROWN
journeyman's ox calf	T3_FARM_OX_BABY
journeyman's pickaxe	T3_2H_TOOL_PICK
journeyman's prowling staff	T3_2H_SHAPESHIFTER_SET1
journeyman's quarterstaff	T3_2H_QUARTERSTAFF
journeyman's riding horse	T3_MOUNT_HORSE
journeyman's scholar cowl	T3_HEAD_CLOTH_SET1
journeyman's scholar robe	T3_ARMOR_CLOTH_SET1
journeyman's scholar sandals	T3_SHOES_CLOTH_SET1
journeyman's shield	T3_OFF_SHIELD
journeyman's sickle	T3_2H_TOOL_SICKLE
journeyman's siege hammer	T3_2H_TOOL_SIEGEHAMMER
journeyman's skinning knife	T3_2H_TOOL_KNIFE
journeyman's soldier armor	T3_ARMOR_PLATE_SET1
journeyman's soldier boots	T3_SHOES_PLATE_SET1
journeyman's soldier helmet	T3_HEAD_PLATE_SET1
journeyman's spear	T3_MAIN_SPEAR
journeyman's stone hammer	T3_2H_TOOL_HAMMER
journeyman's table	T3_FURNITUREITEM_TABLE
journeyman's tome of insight	T3_SKILLBOOK_NONTRADABLE
journeyman's tome of learning	T3_LEARNINGPOINTS_NONTRADABLE
journeyman's tome of spells	T3_OFF_BOOK
journeyman's torch	T3_OFF_TORCH
journeyman's tracking toolkit	T3_2H_TOOL_TRACKING
journeyman's transport ox	T3_MOUNT_OX
jousting horse	SKIN_HORSE_GUILDBANNER
keeper altar	UNIQUE_FURNITUREITEM_KEEPER_ALTAR_A
keeper campfire	UNIQUE_FURNITUREITEM_KEEPER_CAMP_FIRE_A
keeper cauldron	UNIQUE_FURNITUREITEM_KEEPER_CAULDRON
keeper ceremonial candle	UNIQUE_FURNITUREITEM_KEEPER_CANDLE_A
keeper challenge chest	UNIQUE_LOOTCHEST_ADC_MAR2019
keeper fire bowl	UNIQUE_FURNITUREITEM_KEEPER_FIREBOWL
keeper flag	UNIQUE_FURNITUREITEM_KEEPER_FLAG_A
keeper horse	SKIN_HORSE_KEEPER
keeper memory - conviction of an ashborn	UNIQUE_UNLOCK_LORE_KEEPER_06
keeper memory - convictions of the unfettered oracle	UNIQUE_UNLOCK_LORE_KEEPER_07
keeper memory - of stars and moon	UNIQUE_UNLOCK_LORE_KEEPER_01
keeper memory - rules are rules	UNIQUE_UNLOCK_LORE_KEEPER_03
keeper memory - shameless or daring	UNIQUE_UNLOCK_LORE_KEEPER_02
keeper memory - the ash of yore	UNIQUE_UNLOCK_LORE_KEEPER_05
keeper memory - the feast of bur	UNIQUE_UNLOCK_LORE_KEEPER_13
keeper memory - visions of an oracle	UNIQUE_UNLOCK_LORE_KEEPER_04
keeper of souls armor	UNIQUE_ARMOR_VANITY_SOULKEEPER
keeper of souls boots	UNIQUE_SHOES_VANITY_SOULKEEPER
keeper of souls cape	UNIQUE_CAPE_VANITY_SOULKEEPER
keeper of souls cowl	UNIQUE_HEAD_VANITY_SOULKEEPER
keeper of souls stag	SKIN_STAG_SOULKEEPER
keeper rock fireplace	UNIQUE_FURNITUREITEM_KEEPER_HEATER
keeper shrine	UNIQUE_FURNITUREITEM_KEEPER_SHRINE_A
keeper star of power	UNIQUE_FURNITUREITEM_KEEPER_STAR_OF_POWER_A
keeper symbol	UNIQUE_FURNITUREITEM_KEEPER_SYMBOL_A
keeper symbol of power	UNIQUE_FURNITUREITEM_KEEPER_SYMBOL_OF_POWER_A
keeper totem	QUESTITEM_TOKEN_KEEPER
kid	T4_FARM_GOAT_BABY
knight adventurer's armor	UNIQUE_ARMOR_VANITY_KNIGHT
knight adventurer's armored horse	SKIN_ARMORED_HORSE_KNIGHT
knight adventurer's boots	UNIQUE_SHOES_VANITY_KNIGHT
knight adventurer's cape	UNIQUE_CAPE_VANITY_KNIGHT
knight adventurer's helmet	UNIQUE_HEAD_VANITY_KNIGHT
knight adventurer's heraldic armor	UNIQUE_ARMOR_VANITY_KNIGHT_GUILD_COLORED
knight adventurer's heraldic armored horse	SKIN_ARMORED_HORSE_KNIGHT_GUILD_COLORED
knight adventurer's heraldic cape	UNIQUE_CAPE_VANITY_KNIGHT_GUILD_COLORED
knight adventurer's heraldic helmet	UNIQUE_HEAD_VANITY_KNIGHT_GUILD_COLORED
knight adventurer's warbanner	UNIQUE_VANITY_2H_BANNER_KNIGHT_GUILD_COLORED
knight challenge chest	UNIQUE_LOOTCHEST_ADC_JUN2019
knight statue	UNIQUE_FURNITUREITEM_KNIGHT_STATUE_A
lamb	T6_FARM_SHEEP_BABY
latrine	PLAYERISLAND_FURNITUREITEM_FARM_LATRINE_A
laughing skull	UNIQUE_HEAD_VANITY_SKELETON
lavish cloth	T6_CLOTH
ledger of truths	T8_FURNITUREITEM_TROPHY_GENERAL
legbones	UNIQUE_SHOES_VANITY_SKELETON
legendary adventurer's armor	UNIQUE_ARMOR_STARTERPACK_LEGENDARY
legendary adventurer's boots	UNIQUE_SHOES_STARTERPACK_LEGENDARY
legendary adventurer's cart	SKIN_OX_CART_STARTERPACK
legendary adventurer's cloak	UNIQUE_CAPE_STARTERPACK_LEGENDARY
legendary adventurer's hat	UNIQUE_HEAD_STARTERPACK_LEGENDARY
legendary adventurer's horse	SKIN_HORSE_STARTERPACK
legendary community chest	UNIQUE_LOOTCHEST_COMMUNITY_LEGENDARY
legendary community treasure	UNIQUE_LOOTCHEST_COMMUNITY_EXCLUSIVE_LEGENDARY
legendary explorer's armor	UNIQUE_ARMOR_FOUNDER_LEGENDARY
legendary explorer's boots	UNIQUE_SHOES_FOUNDER_LEGENDARY
legendary explorer's cloak	UNIQUE_CAPE_FOUNDER_LEGENDARY
legendary explorer's hat	UNIQUE_HEAD_FOUNDER_LEGENDARY
legendary explorer's horse	SKIN_HORSE_FOUNDER_LEGENDARY
legendary explorer's ox	SKIN_OX_FOUNDER_LEGENDARY
legendary guild season winner	SKIN_DIREWOLF_GVGSEASON_1ST_03
letter of transfer	QUESTITEM_TRANSFER_LETTER
light founder's certificate	UNIQUE_FURNITUREITEM_LIGHT_FOUNDER_CERTIFICATE
light founder's statue	UNIQUE_FURNITUREITEM_LIGHT_FOUNDER_STATUE
limestone	T2_ROCK
limestone block	T2_STONEBLOCK
limestone fragment	T2_FURNITUREITEM_TROPHY_ROCK
long hedge	PLAYERISLAND_FURNITUREITEM_NOBLE_HEDGE_A
lovely straw hat	UNIQUE_HEAD_VANITY_FARMER_AJ
lowriver crab	T3_FISH_FRESHWATER_STEPPE_RARE
lowriver crab omelette	T3_MEAL_OMELETTE_FISH
lurking shadow	SKIN_DIREWOLF_SHADOW_AJ
luxurious stone bench	PLAYERISLAND_FURNITUREITEM_NOBLE_BENCH_A
luxury cart	SKIN_OX_CART_LUXUS_TELLAFRIEND
lymhurst warbanner	UNIQUE_UNLOCK_VANITY_2H_FW_LYMHURST_BANNER
lynx	SKIN_COUGAR_LYNX_TELLAFRIEND
mage adventurer's armor	UNIQUE_ARMOR_VANITY_MAGE
mage adventurer's armored horse	SKIN_ARMORED_HORSE_MAGE
mage adventurer's boots	UNIQUE_SHOES_VANITY_MAGE
mage adventurer's cape	UNIQUE_CAPE_VANITY_MAGE
mage adventurer's hat	UNIQUE_HEAD_VANITY_MAGE
mage adventurer's heraldic armor	UNIQUE_ARMOR_VANITY_MAGE_GUILD_COLORED
mage adventurer's heraldic armored horse	SKIN_ARMORED_HORSE_MAGE_GUILD_COLORED
mage adventurer's heraldic cape	UNIQUE_CAPE_VANITY_MAGE_GUILD_COLORED
mage adventurer's heraldic hat	UNIQUE_HEAD_VANITY_MAGE_GUILD_COLORED
mage adventurer's spellbook	UNIQUE_VANITY_2H_SPELLBOOK_MAGE
mage statue	UNIQUE_FURNITUREITEM_ADC_STATUE_MAGE_A
magic rune circle	UNIQUE_FURNITUREITEM_ADC_HEALING_CIRCLE_A
magical tome	T3_FURNITUREITEM_TROPHY_GENERAL
magician statue	PLAYERISLAND_FURNITUREITEM_STONE_STATUE_MAGE_B
major acid potion	T7_POTION_ACID
major berserk potion	T8_POTION_BERSERK
major calming potion	T7_POTION_MOB_RESET
major cleansing potion	T7_POTION_CLEANSE2
major energy potion	T6_POTION_ENERGY
major gathering potion	T8_POTION_GATHER
major gigantify potion	T7_POTION_REVIVE
major healing potion	T6_POTION_HEAL
major hellfire potion	T8_POTION_LAVA
major poison potion	T8_POTION_COOLDOWN
major resistance potion	T7_POTION_STONESKIN
major sticky potion	T7_POTION_SLOWFIELD
major tornado in a bottle	T8_POTION_TORNADO
malevolent helmet	UNIQUE_HEAD_VANITY_SHADOW_HELMET_RED_AJ
mammoth calf	T8_FARM_MAMMOTH_BABY
mammoth skin: black market palanquin	UNIQUE_UNLOCK_SKIN_MAMMOTH_WEALTHY_AJ
marble	T8_ROCK
marble block	T8_STONEBLOCK
marble fragment	T8_FURNITUREITEM_TROPHY_ROCK
martlock warbanner	UNIQUE_UNLOCK_VANITY_2H_FW_MARTLOCK_BANNER
master animal skinner tome	T6_SKILLBOOK_GATHER_HIDE
master blacksmith contract	T6_LABOURER_CONTRACT_WARRIOR
master blacksmith's journal (empty)	T6_JOURNAL_WARRIOR_EMPTY
master blacksmith's journal (full)	T6_JOURNAL_WARRIOR_FULL
master blacksmith's journal (partially full)	T6_JOURNAL_WARRIOR
master cropper contract	T6_LABOURER_CONTRACT_FIBER
master cropper's journal (empty)	T6_JOURNAL_FIBER_EMPTY
master cropper's journal (full)	T6_JOURNAL_FIBER_FULL
master cropper's journal (partially full)	T6_JOURNAL_FIBER
master cropper's trophy journal (empty)	T6_JOURNAL_TROPHY_FIBER_EMPTY
master cropper's trophy journal (full)	T6_JOURNAL_TROPHY_FIBER_FULL
master cropper's trophy journal (partially full)	T6_JOURNAL_TROPHY_FIBER
master fiber harvester tome	T6_SKILLBOOK_GATHER_FIBER
master fisherman contract	T6_LABOURER_CONTRACT_FISHERMAN
master fisherman's journal (empty)	T6_JOURNAL_FISHING_EMPTY
master fisherman's journal (full)	T6_JOURNAL_FISHING_FULL
master fisherman's journal (partially full)	T6_JOURNAL_FISHING
master fisherman's trophy journal (empty)	T6_JOURNAL_TROPHY_FISHING_EMPTY
master fisherman's trophy journal (full)	T6_JOURNAL_TROPHY_FISHING_FULL
master fisherman's trophy journal (partially full)	T6_JOURNAL_TROPHY_FISHING
master fletcher contract	T6_LABOURER_CONTRACT_HUNTER
master fletcher's journal (empty)	T6_JOURNAL_HUNTER_EMPTY
master fletcher's journal (full)	T6_JOURNAL_HUNTER_FULL
master fletcher's journal (partially full)	T6_JOURNAL_HUNTER
master gamekeeper contract	T6_LABOURER_CONTRACT_HIDE
master gamekeeper's journal (empty)	T6_JOURNAL_HIDE_EMPTY
master gamekeeper's journal (full)	T6_JOURNAL_HIDE_FULL
master gamekeeper's journal (partially full)	T6_JOURNAL_HIDE
master gamekeeper's trophy journal (empty)	T6_JOURNAL_TROPHY_HIDE_EMPTY
master gamekeeper's trophy journal (full)	T6_JOURNAL_TROPHY_HIDE_FULL
master gamekeeper's trophy journal (partially full)	T6_JOURNAL_TROPHY_HIDE
master imbuer contract	T6_LABOURER_CONTRACT_MAGE
master imbuer's journal (empty)	T6_JOURNAL_MAGE_EMPTY
master imbuer's journal (full)	T6_JOURNAL_MAGE_FULL
master imbuer's journal (partially full)	T6_JOURNAL_MAGE
master lumberjack contract	T6_LABOURER_CONTRACT_WOOD
master lumberjack tome	T6_SKILLBOOK_GATHER_WOOD
master lumberjack's journal (empty)	T6_JOURNAL_WOOD_EMPTY
master lumberjack's journal (full)	T6_JOURNAL_WOOD_FULL
master lumberjack's journal (partially full)	T6_JOURNAL_WOOD
master lumberjack's trophy journal (empty)	T6_JOURNAL_TROPHY_WOOD_EMPTY
master lumberjack's trophy journal (full)	T6_JOURNAL_TROPHY_WOOD_FULL
master lumberjack's trophy journal (partially full)	T6_JOURNAL_TROPHY_WOOD
master mercenary contract	T6_LABOURER_CONTRACT_MERCENARY
master mercenary's journal (empty)	T6_JOURNAL_MERCENARY_EMPTY
master mercenary's journal (full)	T6_JOURNAL_MERCENARY_FULL
master mercenary's journal (partially full)	T6_JOURNAL_MERCENARY
master mercenary's trophy	T6_FURNITUREITEM_TROPHY_MERCENARY
master mercenary's trophy journal (empty)	T6_JOURNAL_TROPHY_MERCENARY_EMPTY
master mercenary's trophy journal (full)	T6_JOURNAL_TROPHY_MERCENARY_FULL
master mercenary's trophy journal (partially full)	T6_JOURNAL_TROPHY_MERCENARY
master of bats cape	UNIQUE_CAPE_TELLAFRIEND_BATRIDER
master of bats helmet	UNIQUE_HEAD_TELLAFRIEND_BATRIDER
master of fists hat	UNIQUE_HEAD_VANITY_MONK_HAT
master of fists heraldic mask	UNIQUE_HEAD_VANITY_MONK_MASK_GUILD_COLORED
master of fists heraldic robes	UNIQUE_ARMOR_VANITY_MONK_GUILD_COLORED
master of fists horse	SKIN_HORSE_MONK
master of fists mask	UNIQUE_HEAD_VANITY_MONK_MASK
master of fists robes	UNIQUE_ARMOR_VANITY_MONK
master of fists sandals	UNIQUE_SHOES_VANITY_MONK
master of fists scroll	UNIQUE_CAPE_VANITY_MONK
master of fists tattoo	UNIQUE_HEAD_VANITY_MONK
master ore miner tome	T6_SKILLBOOK_GATHER_ORE
master prospector contract	T6_LABOURER_CONTRACT_ORE
master prospector's journal (empty)	T6_JOURNAL_ORE_EMPTY
master prospector's journal (full)	T6_JOURNAL_ORE_FULL
master prospector's journal (partially full)	T6_JOURNAL_ORE
master prospector's trophy journal (empty)	T6_JOURNAL_TROPHY_ORE_EMPTY
master prospector's trophy journal (full)	T6_JOURNAL_TROPHY_ORE_FULL
master prospector's trophy journal (partially full)	T6_JOURNAL_TROPHY_ORE
master quarrier tome	T6_SKILLBOOK_GATHER_ROCK
master stonecutter contract	T6_LABOURER_CONTRACT_STONE
master stonecutter's journal (empty)	T6_JOURNAL_STONE_EMPTY
master stonecutter's journal (full)	T6_JOURNAL_STONE_FULL
master stonecutter's journal (partially full)	T6_JOURNAL_STONE
master stonecutter's trophy journal (empty)	T6_JOURNAL_TROPHY_STONE_EMPTY
master stonecutter's trophy journal (full)	T6_JOURNAL_TROPHY_STONE_FULL
master stonecutter's trophy journal (partially full)	T6_JOURNAL_TROPHY_STONE
master tinker contract	T6_LABOURER_CONTRACT_TOOLMAKER
master tinker's journal (empty)	T6_JOURNAL_TOOLMAKER_EMPTY
master tinker's journal (full)	T6_JOURNAL_TOOLMAKER_FULL
master tinker's journal (partially full)	T6_JOURNAL_TOOLMAKER
master's alluring amulet	T6_ARTEFACT_ARMOR_CLOTH_MORGANA
master's alluring bindings	T6_ARTEFACT_SHOES_CLOTH_MORGANA
master's alluring bolts	T6_ARTEFACT_2H_CROSSBOWLARGE_MORGANA
master's alluring crystal	T6_ARTEFACT_OFF_ORB_MORGANA
master's alluring padding	T6_ARTEFACT_HEAD_CLOTH_MORGANA
master's ancient bindings	T6_ARTEFACT_SHOES_PLATE_UNDEAD
master's ancient chain rings	T6_ARTEFACT_ARMOR_PLATE_UNDEAD
master's ancient hammer head	T6_ARTEFACT_2H_HAMMER_UNDEAD
master's ancient padding	T6_ARTEFACT_HEAD_PLATE_UNDEAD
master's ancient shield core	T6_ARTEFACT_OFF_TOWERSHIELD_UNDEAD
master's arcane essence	T6_ESSENCE_POTION
master's arcane staff	T6_MAIN_ARCANESTAFF
master's arclight blasters	T6_2H_DUALCROSSBOW_CRYSTAL
master's arclight crystal	T6_ARTEFACT_2H_DUALCROSSBOW_CRYSTAL
master's arctic staff	T6_2H_FROSTSTAFF_CRYSTAL
master's armor of valor	T6_ARMOR_PLATE_AVALON
master's armored horse	T6_MOUNT_ARMORED_HORSE
master's assassin hood	T6_HEAD_LEATHER_SET3
master's assassin jacket	T6_ARMOR_LEATHER_SET3
master's assassin shoes	T6_SHOES_LEATHER_SET3
master's astral aegis	T6_OFF_SHIELD_AVALON
master's astral staff	T6_2H_ARCANESTAFF_CRYSTAL
master's augured fasteners	T6_ARTEFACT_SHOES_LEATHER_AVALON
master's augured padding	T6_ARTEFACT_HEAD_LEATHER_AVALON
master's augured sash	T6_ARTEFACT_ARMOR_LEATHER_AVALON
master's avalonian axe	T6_2H_TOOL_AXE_AVALON
master's avalonian battle memoir	T6_ARTEFACT_2H_AXE_AVALON
master's avalonian cape	T6_CAPEITEM_AVALON
master's avalonian crest	T6_CAPEITEM_AVALON_BP
master's avalonian fishing rod	T6_2H_TOOL_FISHINGROD_AVALON
master's avalonian pickaxe	T6_2H_TOOL_PICK_AVALON
master's avalonian shard	T6_SHARD_AVALONIAN
master's avalonian sickle	T6_2H_TOOL_SICKLE_AVALON
master's avalonian siege hammer	T6_2H_TOOL_SIEGEHAMMER_AVALON
master's avalonian skinning knife	T6_2H_TOOL_KNIFE_AVALON
master's avalonian stone hammer	T6_2H_TOOL_HAMMER_AVALON
master's axe	T6_2H_TOOL_AXE
master's bag	T6_BAG
master's bag of silver	T6_SILVERBAG_NONTRADABLE
master's battle bracers	T6_2H_KNUCKLES_SET2
master's battleaxe	T6_MAIN_AXE
master's bear paws	T6_2H_DUALAXE_KEEPER
master's bed	T6_FURNITUREITEM_BED
master's bedrock mace	T6_MAIN_ROCKMACE_KEEPER
master's black hands	T6_2H_IRONGAUNTLETS_HELL
master's black leather	T6_ARTEFACT_2H_IRONGAUNTLETS_HELL
master's black monk staff	T6_2H_COMBATSTAFF_MORGANA
master's blazing staff	T6_2H_INFERNOSTAFF_MORGANA
master's blight staff	T6_2H_NATURESTAFF_HELL
master's bloodforged blade	T6_ARTEFACT_MAIN_SCIMITAR_MORGANA
master's bloodforged catalyst	T6_ARTEFACT_2H_CURSEDSTAFF_MORGANA
master's bloodforged spikes	T6_ARTEFACT_OFF_SPIKEDSHIELD_MORGANA
master's bloodletter	T6_MAIN_RAPIER_MORGANA
master's bloodmoon staff	T6_2H_SHAPESHIFTER_MORGANA
master's bloodstained antiquities	T6_ARTEFACT_2H_DAGGER_KATAR_AVALON
master's blueflame crystal	T6_ARTEFACT_OFF_TORCH_CRYSTAL
master's blueflame torch	T6_OFF_TORCH_CRYSTAL
master's boltcasters	T6_2H_DUALCROSSBOW_HELL
master's boots of valor	T6_SHOES_PLATE_AVALON
master's bow	T6_2H_BOW
master's bow of badon	T6_2H_BOW_KEEPER
master's brawler gloves	T6_2H_KNUCKLES_SET1
master's brecilien cape	T6_CAPEITEM_FW_BRECILIEN
master's brecilien crest	T6_CAPEITEM_FW_BRECILIEN_BP
master's bridgewatch cape	T6_CAPEITEM_FW_BRIDGEWATCH
master's bridgewatch crest	T6_CAPEITEM_FW_BRIDGEWATCH_BP
master's bridled fury	T6_2H_DAGGER_KATAR_AVALON
master's brimstone staff	T6_2H_FIRESTAFF_HELL
master's broadsword	T6_MAIN_SWORD
master's broken demonic fang	T6_ARTEFACT_MAIN_DAGGER_HELL
master's broken oaths	T6_ARTEFACT_2H_DUALMACE_AVALON
master's burning orb	T6_ARTEFACT_2H_FIRESTAFF_HELL
master's caerleon cape	T6_CAPEITEM_FW_CAERLEON
master's caerleon crest	T6_CAPEITEM_FW_CAERLEON_BP
master's caitiff shield	T6_OFF_SHIELD_HELL
master's camlann mace	T6_2H_MACE_MORGANA
master's cape	T6_CAPE
master's carrioncaller	T6_2H_HALBERD_MORGANA
master's carved bone	T6_ARTEFACT_2H_BOW_KEEPER
master's carved skull padding	T6_ARTEFACT_HEAD_PLATE_KEEPER
master's carving sword	T6_2H_CLEAVER_HELL
master's celestial censer	T6_OFF_CENSER_AVALON
master's chilled crystalline shard	T6_ARTEFACT_MAIN_FROSTSTAFF_AVALON
master's chillhowl	T6_MAIN_FROSTSTAFF_AVALON
master's clarent blade	T6_MAIN_SCIMITAR_MORGANA
master's claws	T6_2H_CLAWPAIR
master's claymore	T6_2H_CLAYMORE
master's cleric cowl	T6_HEAD_CLOTH_SET2
master's cleric robe	T6_ARMOR_CLOTH_SET2
master's cleric sandals	T6_SHOES_CLOTH_SET2
master's cowl of purity	T6_HEAD_CLOTH_AVALON
master's crackling crystal	T6_ARTEFACT_2H_HAMMER_CRYSTAL
master's crossbow	T6_2H_CROSSBOW
master's crushed avalonian heirloom	T6_ARTEFACT_OFF_SHIELD_AVALON
master's cryptcandle	T6_OFF_LAMP_UNDEAD
master's crystal league chest	T6_LOOTCHEST_CRYSTAL_LEAGUE
master's crystal reaper	T6_2H_SCYTHE_CRYSTAL
master's crystal shard	T6_SHARD_CRYSTAL
master's crystallized divinity	T6_ARTEFACT_TOKEN_FAVOR_4
master's crystallized dread	T6_ARTEFACT_TOKEN_FAVOR_2
master's crystallized magic	T6_ARTEFACT_TOKEN_FAVOR_3
master's crystallized spirit	T6_ARTEFACT_TOKEN_FAVOR_1
master's cultist cowl	T6_HEAD_CLOTH_MORGANA
master's cultist robe	T6_ARMOR_CLOTH_MORGANA
master's cultist sandals	T6_SHOES_CLOTH_MORGANA
master's cursed barbs	T6_ARTEFACT_2H_TRIDENT_UNDEAD
master's cursed blades	T6_ARTEFACT_2H_DUALSCIMITAR_UNDEAD
master's cursed frozen crystal	T6_ARTEFACT_2H_ICECRYSTAL_UNDEAD
master's cursed jawbone	T6_ARTEFACT_2H_SKULLORB_HELL
master's cursed skull	T6_2H_SKULLORB_HELL
master's cursed staff	T6_MAIN_CURSEDSTAFF
master's dagger	T6_MAIN_DAGGER
master's dagger pair	T6_2H_DAGGERPAIR
master's damaged avalonian gauntlet	T6_ARTEFACT_2H_KNUCKLES_AVALON
master's damnation staff	T6_2H_CURSEDSTAFF_MORGANA
master's dawnbird remnant	T6_ARTEFACT_2H_SHAPESHIFTER_AVALON
master's dawnsong	T6_2H_FIRE_RINGPAIR_AVALON
master's daybreaker	T6_MAIN_SPEAR_LANCE_AVALON
master's death-touched crystal	T6_ARTEFACT_2H_DAGGERPAIR_CRYSTAL
master's deathgivers	T6_2H_DUALSICKLE_UNDEAD
master's demon armor	T6_ARMOR_PLATE_HELL
master's demon boots	T6_SHOES_PLATE_HELL
master's demon cape	T6_CAPEITEM_DEMON
master's demon crest	T6_CAPEITEM_DEMON_BP
master's demon helmet	T6_HEAD_PLATE_HELL
master's demonfang	T6_MAIN_DAGGER_HELL
master's demonhide bindings	T6_ARTEFACT_SHOES_LEATHER_HELL
master's demonhide leather	T6_ARTEFACT_ARMOR_LEATHER_HELL
master's demonhide padding	T6_ARTEFACT_HEAD_LEATHER_HELL
master's demonic arrowheads	T6_ARTEFACT_2H_BOW_HELL
master's demonic blade	T6_ARTEFACT_2H_CLEAVER_HELL
master's demonic filling	T6_ARTEFACT_SHOES_PLATE_HELL
master's demonic jawbone	T6_ARTEFACT_OFF_DEMONSKULL_HELL
master's demonic plates	T6_ARTEFACT_ARMOR_PLATE_HELL
master's demonic scraps	T6_ARTEFACT_HEAD_PLATE_HELL
master's demonic staff	T6_2H_DEMONICSTAFF
master's divine staff	T6_2H_DIVINESTAFF
master's double bladed staff	T6_2H_DOUBLEBLADEDSTAFF
master's dreadstorm crystal	T6_ARTEFACT_MAIN_MACE_CRYSTAL
master's dreadstorm monarch	T6_MAIN_MACE_CRYSTAL
master's druid cowl	T6_HEAD_CLOTH_KEEPER
master's druid robe	T6_ARMOR_CLOTH_KEEPER
master's druid sandals	T6_SHOES_CLOTH_KEEPER
master's druidic bindings	T6_ARTEFACT_SHOES_CLOTH_KEEPER
master's druidic feathers	T6_ARTEFACT_ARMOR_CLOTH_KEEPER
master's druidic inscriptions	T6_ARTEFACT_MAIN_NATURESTAFF_KEEPER
master's druidic preserved beak	T6_ARTEFACT_HEAD_CLOTH_KEEPER
master's druidic staff	T6_MAIN_NATURESTAFF_KEEPER
master's dual swords	T6_2H_DUALSWORD
master's dungeon map (group)	T6_RANDOM_DUNGEON_TOKEN_1
master's dungeon map (large group)	T6_RANDOM_DUNGEON_ELITE_TOKEN_1
master's dungeon map (solo)	T6_RANDOM_DUNGEON_SOLO_TOKEN_1
master's duskweaver armor	T6_ARMOR_PLATE_FEY
master's duskweaver boots	T6_SHOES_PLATE_FEY
master's duskweaver helmet	T6_HEAD_PLATE_FEY
master's earthrune staff	T6_2H_SHAPESHIFTER_KEEPER
master's edged crystal	T6_ARTEFACT_2H_SCYTHE_CRYSTAL
master's energy shaper	T6_2H_CROSSBOW_CANNON_AVALON
master's engraved log	T6_ARTEFACT_2H_RAM_KEEPER
master's enigmatic staff	T6_2H_ENIGMATICSTAFF
master's evensong	T6_2H_ARCANE_RINGPAIR_AVALON
master's exalted crystal	T6_ARTEFACT_2H_HOLYSTAFF_CRYSTAL
master's exalted greave	T6_ARTEFACT_SHOES_PLATE_AVALON
master's exalted plating	T6_ARTEFACT_ARMOR_PLATE_AVALON
master's exalted staff	T6_2H_HOLYSTAFF_CRYSTAL
master's exalted visor	T6_ARTEFACT_HEAD_PLATE_AVALON
master's eye of secrets	T6_OFF_ORB_MORGANA
master's facebreaker	T6_OFF_SPIKEDSHIELD_MORGANA
master's faded essence	T6_ESSENCE
master's fallen staff	T6_2H_HOLYSTAFF_HELL
master's fawn	T6_FARM_GIANTSTAG_BABY
master's fey dorsal wing	T6_ARTEFACT_ARMOR_CLOTH_FEY
master's fey dragonscales	T6_ARTEFACT_SHOES_CLOTH_FEY
master's feyscale hat	T6_HEAD_CLOTH_FEY
master's feyscale robe	T6_ARMOR_CLOTH_FEY
master's feyscale sandals	T6_SHOES_CLOTH_FEY
master's fiend cowl	T6_HEAD_CLOTH_HELL
master's fiend robe	T6_ARMOR_CLOTH_HELL
master's fiend sandals	T6_SHOES_CLOTH_HELL
master's fire staff	T6_MAIN_FIRESTAFF
master's fisherman backpack	T6_BACKPACK_GATHERER_FISH
master's fisherman cap	T6_HEAD_GATHERER_FISH
master's fisherman garb	T6_ARMOR_GATHERER_FISH
master's fisherman workboots	T6_SHOES_GATHERER_FISH
master's fishing rod	T6_2H_TOOL_FISHINGROD
master's fists of avalon	T6_2H_KNUCKLES_AVALON
master's flamewalker staff	T6_MAIN_FIRESTAFF_CRYSTAL
master's flawless griffin beak	T6_ARTEFACT_HEAD_LEATHER_FEY
master's foal	T6_FARM_HORSE_BABY
master's focus restoration potion	T6_FOCUSPOTION_NONTRADABLE
master's forcepulse bracers	T6_2H_KNUCKLES_CRYSTAL
master's forge hammers	T6_2H_DUALHAMMER_HELL
master's forgebark staff	T6_MAIN_NATURESTAFF_CRYSTAL
master's forged crystal	T6_ARTEFACT_MAIN_NATURESTAFF_CRYSTAL
master's fort sterling cape	T6_CAPEITEM_FW_FORTSTERLING
master's fort sterling crest	T6_CAPEITEM_FW_FORTSTERLING_BP
master's fractured opaque orb	T6_ARTEFACT_MAIN_CURSEDSTAFF_AVALON
master's frost staff	T6_MAIN_FROSTSTAFF
master's galatine pair	T6_2H_DUALSCIMITAR_UNDEAD
master's generalist trophy journal (empty)	T6_JOURNAL_TROPHY_GENERAL_EMPTY
master's generalist trophy journal (full)	T6_JOURNAL_TROPHY_GENERAL_FULL
master's generalist trophy journal (partially full)	T6_JOURNAL_TROPHY_GENERAL
master's ghastly arrows	T6_ARTEFACT_2H_LONGBOW_UNDEAD
master's ghastly bindings	T6_ARTEFACT_SHOES_LEATHER_UNDEAD
master's ghastly blades	T6_ARTEFACT_2H_DUALSICKLE_UNDEAD
master's ghastly candle	T6_ARTEFACT_OFF_LAMP_UNDEAD
master's ghastly leather	T6_ARTEFACT_ARMOR_LEATHER_UNDEAD
master's ghastly scroll	T6_ARTEFACT_2H_HOLYSTAFF_UNDEAD
master's ghastly visor	T6_ARTEFACT_HEAD_LEATHER_UNDEAD
master's giant stag	SKIN_GIANTSTAG_WHITE
master's glacial staff	T6_2H_GLACIALSTAFF
master's glaive	T6_2H_GLAIVE
master's glowing harmonic ring	T6_ARTEFACT_2H_FIRE_RINGPAIR_AVALON
master's grailseeker	T6_2H_QUARTERSTAFF_AVALON
master's graveguard armor	T6_ARMOR_PLATE_UNDEAD
master's graveguard boots	T6_SHOES_PLATE_UNDEAD
master's graveguard helmet	T6_HEAD_PLATE_UNDEAD
master's great arcane staff	T6_2H_ARCANESTAFF
master's great cursed staff	T6_2H_CURSEDSTAFF
master's great fire staff	T6_2H_FIRESTAFF
master's great frost staff	T6_2H_FROSTSTAFF
master's great hammer	T6_2H_HAMMER
master's great holy staff	T6_2H_HOLYSTAFF
master's great nature staff	T6_2H_NATURESTAFF
master's greataxe	T6_2H_AXE
master's griffin underfur	T6_ARTEFACT_SHOES_LEATHER_FEY
master's grovekeeper	T6_2H_RAM_KEEPER
master's guardian armor	T6_ARMOR_PLATE_SET3
master's guardian boots	T6_SHOES_PLATE_SET3
master's guardian helmet	T6_HEAD_PLATE_SET3
master's halberd	T6_2H_HALBERD
master's hallowfall	T6_MAIN_HOLYSTAFF_AVALON
master's hammer	T6_MAIN_HAMMER
master's hand of justice	T6_2H_HAMMER_AVALON
master's hardened debole	T6_ARTEFACT_MAIN_RAPIER_MORGANA
master's harvester backpack	T6_BACKPACK_GATHERER_FIBER
master's harvester cap	T6_HEAD_GATHERER_FIBER
master's harvester garb	T6_ARMOR_GATHERER_FIBER
master's harvester workboots	T6_SHOES_GATHERER_FIBER
master's heavy crossbow	T6_2H_CROSSBOWLARGE
master's heavy mace	T6_2H_MACE
master's hellfire hands	T6_2H_KNUCKLES_HELL
master's hellfire imp remnant	T6_ARTEFACT_2H_SHAPESHIFTER_HELL
master's hellgate ritual (2v2 - lethal)	T6_HELLGATE_2V2_LETHAL_1_MAP
master's hellion hood	T6_HEAD_LEATHER_HELL
master's hellion jacket	T6_ARMOR_LEATHER_HELL
master's hellion shoes	T6_SHOES_LEATHER_HELL
master's hellish bolts	T6_ARTEFACT_2H_DUALCROSSBOW_HELL
master's hellish hammer heads	T6_ARTEFACT_2H_DUALHAMMER_HELL
master's hellish handle	T6_ARTEFACT_OFF_JESTERCANE_HELL
master's hellish sicklehead	T6_ARTEFACT_2H_SCYTHE_HELL
master's hellish sicklehead pair	T6_ARTEFACT_2H_TWINSCYTHE_HELL
master's hellspawn staff	T6_2H_SHAPESHIFTER_HELL
master's helmet of valor	T6_HEAD_PLATE_AVALON
master's heraldic warhorse	SKIN_ARMORED_HORSE_T6_MOUNT_GUILD
master's heretic cape	T6_CAPEITEM_HERETIC
master's heretic crest	T6_CAPEITEM_HERETIC_BP
master's heron spear	T6_MAIN_SPEAR_KEEPER
master's hoarfrost orb	T6_ARTEFACT_MAIN_FROSTSTAFF_KEEPER
master's hoarfrost staff	T6_MAIN_FROSTSTAFF_KEEPER
master's holy staff	T6_MAIN_HOLYSTAFF
master's hood of tenacity	T6_HEAD_LEATHER_AVALON
master's horse	T6_FARM_HORSE_GROWN
master's humming avalonian whirligig	T6_ARTEFACT_2H_CROSSBOW_CANNON_AVALON
master's hunter hood	T6_HEAD_LEATHER_SET2
master's hunter jacket	T6_ARMOR_LEATHER_SET2
master's hunter shoes	T6_SHOES_LEATHER_SET2
master's hypnotic harmonic ring	T6_ARTEFACT_2H_ARCANE_RINGPAIR_AVALON
master's icicle orb	T6_ARTEFACT_2H_ICEGAUNTLETS_HELL
master's icicle staff	T6_2H_ICEGAUNTLETS_HELL
master's icy crystal	T6_ARTEFACT_2H_FROSTSTAFF_CRYSTAL
master's imbued leather folds	T6_ARTEFACT_ARMOR_LEATHER_MORGANA
master's imbued mace head	T6_ARTEFACT_2H_MACE_MORGANA
master's imbued soles	T6_ARTEFACT_SHOES_LEATHER_MORGANA
master's imbued visor	T6_ARTEFACT_HEAD_LEATHER_MORGANA
master's immaculately crafted riser	T6_ARTEFACT_2H_BOW_AVALON
master's incubus mace	T6_MAIN_MACE_HELL
master's infernal cloth bindings	T6_ARTEFACT_SHOES_CLOTH_HELL
master's infernal cloth folds	T6_ARTEFACT_ARMOR_CLOTH_HELL
master's infernal cloth visor	T6_ARTEFACT_HEAD_CLOTH_HELL
master's infernal harpoon tip	T6_ARTEFACT_2H_HARPOON_HELL
master's infernal mace head	T6_ARTEFACT_MAIN_MACE_HELL
master's infernal scroll	T6_ARTEFACT_2H_HOLYSTAFF_HELL
master's infernal scythe	T6_2H_SCYTHE_HELL
master's infernal shield core	T6_ARTEFACT_OFF_SHIELD_HELL
master's infernal staff	T6_2H_INFERNOSTAFF
master's infinite crystal	T6_ARTEFACT_MAIN_SWORD_CRYSTAL
master's infinity blade	T6_MAIN_SWORD_CRYSTAL
master's inscribed bindings	T6_ARTEFACT_SHOES_PLATE_KEEPER
master's inscribed stone	T6_ARTEFACT_OFF_TOTEM_KEEPER
master's intact fey fibula	T6_ARTEFACT_HEAD_CLOTH_FEY
master's iron-clad staff	T6_2H_IRONCLADEDSTAFF
master's ironroot staff	T6_MAIN_NATURESTAFF_AVALON
master's jacket of tenacity	T6_ARMOR_LEATHER_AVALON
master's judicator armor	T6_ARMOR_PLATE_KEEPER
master's judicator boots	T6_SHOES_PLATE_KEEPER
master's judicator helmet	T6_HEAD_PLATE_KEEPER
master's keeper axeheads	T6_ARTEFACT_2H_DUALAXE_KEEPER
master's keeper cape	T6_CAPEITEM_KEEPER
master's keeper crest	T6_CAPEITEM_KEEPER_BP
master's keeper spearhead	T6_ARTEFACT_MAIN_SPEAR_KEEPER
master's kingmaker	T6_2H_CLAYMORE_AVALON
master's knight armor	T6_ARMOR_PLATE_SET2
master's knight boots	T6_SHOES_PLATE_SET2
master's knight helmet	T6_HEAD_PLATE_SET2
master's knight's vow	T6_GVGSEASONREWARD_FAMEBUFF
master's leering cane	T6_OFF_JESTERCANE_HELL
master's lifecurse staff	T6_MAIN_CURSEDSTAFF_UNDEAD
master's lifetouch staff	T6_MAIN_HOLYSTAFF_MORGANA
master's light crossbow	T6_MAIN_1HCROSSBOW
master's lightcaller	T6_2H_SHAPESHIFTER_AVALON
master's longbow	T6_2H_LONGBOW
master's lost arcane crystal	T6_ARTEFACT_MAIN_ARCANESTAFF_UNDEAD
master's lost crossbow mechanism	T6_ARTEFACT_2H_REPEATINGCROSSBOW_UNDEAD
master's lost cursed crystal	T6_ARTEFACT_MAIN_CURSEDSTAFF_UNDEAD
master's lumberjack backpack	T6_BACKPACK_GATHERER_WOOD
master's lumberjack cap	T6_HEAD_GATHERER_WOOD
master's lumberjack garb	T6_ARMOR_GATHERER_WOOD
master's lumberjack workboots	T6_SHOES_GATHERER_WOOD
master's lymhurst cape	T6_CAPEITEM_FW_LYMHURST
master's lymhurst crest	T6_CAPEITEM_FW_LYMHURST_BP
master's mace	T6_MAIN_MACE
master's mage cowl	T6_HEAD_CLOTH_SET3
master's mage robe	T6_ARMOR_CLOTH_SET3
master's mage sandals	T6_SHOES_CLOTH_SET3
master's malevolent locus	T6_2H_ENIGMATICORB_MORGANA
master's martlock cape	T6_CAPEITEM_FW_MARTLOCK
master's martlock crest	T6_CAPEITEM_FW_MARTLOCK_BP
master's massive metallic hand	T6_ARTEFACT_2H_HAMMER_AVALON
master's mercenary hood	T6_HEAD_LEATHER_SET1
master's mercenary jacket	T6_ARMOR_LEATHER_SET1
master's mercenary shoes	T6_SHOES_LEATHER_SET1
master's messianic curio	T6_ARTEFACT_MAIN_HOLYSTAFF_AVALON
master's miner backpack	T6_BACKPACK_GATHERER_ORE
master's miner cap	T6_HEAD_GATHERER_ORE
master's miner garb	T6_ARMOR_GATHERER_ORE
master's miner workboots	T6_SHOES_GATHERER_ORE
master's mirage crystal	T6_ARTEFACT_2H_DOUBLEBLADEDSTAFF_CRYSTAL
master's mistcaller	T6_OFF_HORN_KEEPER
master's mistpiercer	T6_2H_BOW_AVALON
master's mistwalker hood	T6_HEAD_LEATHER_FEY
master's mistwalker jacket	T6_ARMOR_LEATHER_FEY
master's mistwalker shoes	T6_SHOES_LEATHER_FEY
master's morgana cape	T6_CAPEITEM_MORGANA
master's morgana crest	T6_CAPEITEM_MORGANA_BP
master's morgana halberd head	T6_ARTEFACT_2H_HALBERD_MORGANA
master's morning star	T6_2H_FLAIL
master's muisak	T6_OFF_DEMONSKULL_HELL
master's nature staff	T6_MAIN_NATURESTAFF
master's oathkeepers	T6_2H_DUALMACE_AVALON
master's occult orb	T6_ARTEFACT_2H_ARCANESTAFF_HELL
master's occult staff	T6_2H_ARCANESTAFF_HELL
master's ox	T6_FARM_OX_GROWN
master's ox calf	T6_FARM_OX_BABY
master's permafrost prism	T6_2H_ICECRYSTAL_UNDEAD
master's phantom twinblade	T6_2H_DOUBLEBLADEDSTAFF_CRYSTAL
master's pickaxe	T6_2H_TOOL_PICK
master's pike	T6_2H_SPEAR
master's polehammer	T6_2H_POLEHAMMER
master's possessed catalyst	T6_ARTEFACT_2H_ENIGMATICORB_MORGANA
master's possessed scroll	T6_ARTEFACT_MAIN_HOLYSTAFF_MORGANA
master's preserved animal fur	T6_ARTEFACT_ARMOR_PLATE_KEEPER
master's preserved log	T6_ARTEFACT_2H_NATURESTAFF_KEEPER
master's preserved rocks	T6_ARTEFACT_2H_ROCKSTAFF_KEEPER
master's primal staff	T6_2H_SHAPESHIFTER_SET3
master's prowling staff	T6_2H_SHAPESHIFTER_SET1
master's pulsating crystal	T6_ARTEFACT_2H_KNUCKLES_CRYSTAL
master's pyreheart crystal	T6_ARTEFACT_MAIN_FIRESTAFF_CRYSTAL
master's quarrier backpack	T6_BACKPACK_GATHERER_ROCK
master's quarrier cap	T6_HEAD_GATHERER_ROCK
master's quarrier garb	T6_ARMOR_GATHERER_ROCK
master's quarrier workboots	T6_SHOES_GATHERER_ROCK
master's quarterstaff	T6_2H_QUARTERSTAFF
master's rampant staff	T6_2H_NATURESTAFF_KEEPER
master's ravenstrike cestus	T6_2H_KNUCKLES_MORGANA
master's realmbreaker	T6_2H_AXE_AVALON
master's redemption staff	T6_2H_HOLYSTAFF_UNDEAD
master's reinforced morgana pole	T6_ARTEFACT_2H_COMBATSTAFF_MORGANA
master's relic	T6_RELIC
master's remnants of the old king	T6_ARTEFACT_2H_CLAYMORE_AVALON
master's repair kit	T6_FURNITUREITEM_REPAIRKIT
master's riding horse	T6_MOUNT_HORSE
master's rift crystal	T6_ARTEFACT_2H_GLAIVE_CRYSTAL
master's rift glaive	T6_2H_GLAIVE_CRYSTAL
master's robe of purity	T6_ARMOR_CLOTH_AVALON
master's rootbound staff	T6_2H_SHAPESHIFTER_SET2
master's rotcaller staff	T6_MAIN_CURSEDSTAFF_CRYSTAL
master's rotten crystal	T6_ARTEFACT_MAIN_CURSEDSTAFF_CRYSTAL
master's royal armor	T6_ARMOR_PLATE_ROYAL
master's royal boots	T6_SHOES_PLATE_ROYAL
master's royal cowl	T6_HEAD_CLOTH_ROYAL
master's royal helmet	T6_HEAD_PLATE_ROYAL
master's royal hood	T6_HEAD_LEATHER_ROYAL
master's royal jacket	T6_ARMOR_LEATHER_ROYAL
master's royal robe	T6_ARMOR_CLOTH_ROYAL
master's royal sandals	T6_SHOES_CLOTH_ROYAL
master's royal shoes	T6_SHOES_LEATHER_ROYAL
master's royal sigil	QUESTITEM_TOKEN_ROYAL_T6
master's ruined ancestral vamplate	T6_ARTEFACT_MAIN_SPEAR_LANCE_AVALON
master's rune	T6_RUNE
master's runed horn	T6_ARTEFACT_OFF_HORN_KEEPER
master's runed rock	T6_ARTEFACT_MAIN_ROCKMACE_KEEPER
master's runestone golem remnant	T6_ARTEFACT_2H_SHAPESHIFTER_KEEPER
master's sacred scepter	T6_OFF_TALISMAN_AVALON
master's sanctified belt	T6_ARTEFACT_ARMOR_CLOTH_AVALON
master's sanctified bindings	T6_ARTEFACT_SHOES_CLOTH_AVALON
master's sanctified mask	T6_ARTEFACT_HEAD_CLOTH_AVALON
master's sandals of purity	T6_SHOES_CLOTH_AVALON
master's sarcophagus	T6_OFF_TOWERSHIELD_UNDEAD
master's satchel of insight	T6_BAG_INSIGHT
master's scholar cowl	T6_HEAD_CLOTH_SET1
master's scholar robe	T6_ARMOR_CLOTH_SET1
master's scholar sandals	T6_SHOES_CLOTH_SET1
master's serpent crystal	T6_ARTEFACT_2H_SHAPESHIFTER_CRYSTAL
master's severed celestial keepsake	T6_ARTEFACT_OFF_CENSER_AVALON
master's severed demonic horns	T6_ARTEFACT_2H_KNUCKLES_HELL
master's shadowcaller	T6_MAIN_CURSEDSTAFF_AVALON
master's shattered avalonian memento	T6_ARTEFACT_OFF_TALISMAN_AVALON
master's shield	T6_OFF_SHIELD
master's shoes of tenacity	T6_SHOES_LEATHER_AVALON
master's sickle	T6_2H_TOOL_SICKLE
master's siege banner	T6_SIEGE_BANNER
master's siege hammer	T6_2H_TOOL_SIEGEHAMMER
master's siegebow	T6_2H_CROSSBOWLARGE_MORGANA
master's skinner backpack	T6_BACKPACK_GATHERER_HIDE
master's skinner cap	T6_HEAD_GATHERER_HIDE
master's skinner garb	T6_ARMOR_GATHERER_HIDE
master's skinner workboots	T6_SHOES_GATHERER_HIDE
master's skinning knife	T6_2H_TOOL_KNIFE
master's skystrider bow	T6_2H_BOW_CRYSTAL
master's smuggler cape	T6_CAPEITEM_SMUGGLER
master's smuggler crest	T6_CAPEITEM_SMUGGLER_BP
master's soldier armor	T6_ARMOR_PLATE_SET1
master's soldier boots	T6_SHOES_PLATE_SET1
master's soldier helmet	T6_HEAD_PLATE_SET1
master's soul	T6_SOUL
master's soulscythe	T6_2H_TWINSCYTHE_HELL
master's spear	T6_MAIN_SPEAR
master's specter hood	T6_HEAD_LEATHER_UNDEAD
master's specter jacket	T6_ARMOR_LEATHER_UNDEAD
master's specter shoes	T6_SHOES_LEATHER_UNDEAD
master's spiked gauntlets	T6_2H_KNUCKLES_SET3
master's spirithunter	T6_2H_HARPOON_HELL
master's staff of balance	T6_2H_ROCKSTAFF_KEEPER
master's stalker hood	T6_HEAD_LEATHER_MORGANA
master's stalker jacket	T6_ARMOR_LEATHER_MORGANA
master's stalker shoes	T6_SHOES_LEATHER_MORGANA
master's startouched crystal	T6_ARTEFACT_2H_ARCANESTAFF_CRYSTAL
master's stillgaze staff	T6_2H_SHAPESHIFTER_CRYSTAL
master's stone hammer	T6_2H_TOOL_HAMMER
master's symbol of blight	T6_ARTEFACT_2H_NATURESTAFF_HELL
master's table	T6_FURNITUREITEM_TABLE
master's tame giant stag	T6_FARM_GIANTSTAG_GROWN
master's taproot	T6_OFF_TOTEM_KEEPER
master's thetford cape	T6_CAPEITEM_FW_THETFORD
master's thetford crest	T6_CAPEITEM_FW_THETFORD_BP
master's timelocked crystal	T6_ARTEFACT_OFF_TOME_CRYSTAL
master's timelocked grimoire	T6_OFF_TOME_CRYSTAL
master's timeworn walking staff	T6_ARTEFACT_2H_QUARTERSTAFF_AVALON
master's tombhammer	T6_2H_HAMMER_UNDEAD
master's tome of insight	T6_SKILLBOOK_NONTRADABLE
master's tome of learning	T6_LEARNINGPOINTS_NONTRADABLE
master's tome of spells	T6_OFF_BOOK
master's torch	T6_OFF_TORCH
master's tracking toolkit	T6_2H_TOOL_TRACKING
master's transport ox	T6_MOUNT_OX
master's trinity spear	T6_2H_TRIDENT_UNDEAD
master's truebolt hammer	T6_2H_HAMMER_CRYSTAL
master's twin slayers	T6_2H_DAGGERPAIR_CRYSTAL
master's unbreakable crystal	T6_ARTEFACT_OFF_SHIELD_CRYSTAL
master's unbreakable ward	T6_OFF_SHIELD_CRYSTAL
master's undead cape	T6_CAPEITEM_UNDEAD
master's undead crest	T6_CAPEITEM_UNDEAD_BP
master's unholy scroll	T6_ARTEFACT_2H_INFERNOSTAFF_MORGANA
master's untarnished griffin feathers	T6_ARTEFACT_ARMOR_LEATHER_FEY
master's uprooted perennial sapling	T6_ARTEFACT_MAIN_NATURESTAFF_AVALON
master's ursine guardian remains	T6_ARTEFACT_2H_KNUCKLES_KEEPER
master's ursine maulers	T6_2H_KNUCKLES_KEEPER
master's veilweaver carapace	T6_ARTEFACT_ARMOR_PLATE_FEY
master's veilweaver claws	T6_ARTEFACT_SHOES_PLATE_FEY
master's veilweaver mandibles	T6_ARTEFACT_HEAD_PLATE_FEY
master's wailing bow	T6_2H_BOW_HELL
master's warbow	T6_2H_WARBOW
master's warhorse	T6_MOUNT_ARMORED_HORSE_SKIN_01
master's warped raven plate	T6_ARTEFACT_2H_KNUCKLES_MORGANA
master's weeping repeater	T6_2H_REPEATINGCROSSBOW_UNDEAD
master's werewolf remnant	T6_ARTEFACT_2H_SHAPESHIFTER_MORGANA
master's whispering bow	T6_2H_LONGBOW_UNDEAD
master's wild staff	T6_2H_WILDSTAFF
master's wildfire orb	T6_ARTEFACT_MAIN_FIRESTAFF_KEEPER
master's wildfire staff	T6_MAIN_FIRESTAFF_KEEPER
master's windborne crystal	T6_ARTEFACT_2H_BOW_CRYSTAL
master's witchwork staff	T6_MAIN_ARCANESTAFF_UNDEAD
mechanical boar	SKIN_DIREBOAR_MECHANICAL_AJ
medium hide	T4_HIDE
memorial of the fallen	UNIQUE_FURNITUREITEM_ADC_GRAVE_B
merchant's avatar	UNIQUE_AVATAR_AJ_ECONOMY_01
merchant's avatar ring	UNIQUE_AVATARRING_AJ_ECONOMY_01
meteorite ore	T7_ORE
meteorite ore sample	T7_FURNITUREITEM_TROPHY_ORE
meteorite steel bar	T7_METALBAR
midwater octopus	T5_FISH_SALTWATER_ALL_RARE
midwater octopus salad	T4_MEAL_SALAD_FISH
minor acid potion	T3_POTION_ACID
minor berserk potion	T4_POTION_BERSERK
minor calming potion	T3_POTION_MOB_RESET
minor cleansing potion	T3_POTION_CLEANSE2
minor energy potion	T2_POTION_ENERGY
minor gathering potion	T4_POTION_GATHER
minor gigantify potion	T3_POTION_REVIVE
minor healing potion	T2_POTION_HEAL
minor hellfire potion	T4_POTION_LAVA
minor poison potion	T4_POTION_COOLDOWN
minor resistance potion	T3_POTION_STONESKIN
minor sticky potion	T3_POTION_SLOWFIELD
minor tornado in a bottle	T4_POTION_TORNADO
mistbison	SKIN_OX_MIST
mistprowler	SKIN_COUGAR_RANGER
miststalker	SKIN_COUGAR_MIST
mistwolf	SKIN_DIREWOLF_MIST
mobile banner victory emote charge	T1_KILL_EMOTE_FLAG_MOBILE_CHARGES_NONTRADABLE
modest arena display	UNIQUE_FURNITUREITEM_VANITY_ARENA_BANNER_04
monk's hood	UNIQUE_HEAD_VANITY_PRIEST
monk's robe	UNIQUE_ARMOR_VANITY_PRIEST
monk's sandals	UNIQUE_SHOES_VANITY_PRIEST
monk's walking staff	UNIQUE_OFF_VANITY_PRIEST
moose	T6_MOUNT_GIANTSTAG_MOOSE
moose calf	T6_FARM_GIANTSTAG_MOOSE_BABY
morgana candle stand	UNIQUE_FURNITUREITEM_MORGANA_CANDLESTAND_A
morgana carpet	UNIQUE_FURNITUREITEM_MORGANA_CARPET_A
morgana challenge chest	UNIQUE_LOOTCHEST_ADC_MAY2019
morgana cultist statue	UNIQUE_FURNITUREITEM_MORGANA_STATUE_A
morgana mare	SKIN_ARMORED_HORSE_MORGANA
morgana mare saddle	T5_MOUNTUPGRADE_HORSE_MORGANA
morgana raven	UNIQUE_MOUNT_MORGANA_RAVEN_ADC
morgana stone archway	UNIQUE_FURNITUREITEM_MORGANA_ARCHWAY_A
morgana's favor	QUESTITEM_TOKEN_MORGANA
mountain blindeye	T5_FISH_FRESHWATER_MOUNTAIN_RARE
mountain blindeye pie	T5_MEAL_PIE_FISH
mountainheart	T1_FACTION_MOUNTAIN_TOKEN_1
mule skin: jack o' donkey	UNIQUE_UNLOCK_SKIN_DONKEY_HALLOWEEN
mule skin: recruiter's donkey	UNIQUE_UNLOCK_SKIN_DONKEY_UNIQUE_TELLAFRIEND
murkwater clam	T5_FISH_FRESHWATER_SWAMP_RARE
murkwater clam soup	T3_MEAL_SOUP_FISH
mutton sandwich	T6_MEAL_SANDWICH
mutton stew	T6_MEAL_STEW
mystic owlet	T5_FARM_OWL_FW_BRECILIEN_BABY
nature stone sigil	PLAYERISLAND_FURNITUREITEM_STONE_NATURE_EMBLEM_GROUND_B
navigator's boots	UNIQUE_SHOES_VANITY_PIRATE
navigator's coat	UNIQUE_ARMOR_VANITY_PIRATE
navigator's cockatoo cage	UNIQUE_OFF_VANITY_PIRATE_COCKATOO
navigator's green parrot cage	UNIQUE_OFF_VANITY_PIRATE_GREEN
navigator's hat	UNIQUE_HEAD_VANITY_PIRATE
navigator's parrot cage	UNIQUE_OFF_VANITY_PIRATE
navigator's red parrot cage	UNIQUE_OFF_VANITY_PIRATE_RED
neat cloth	T3_CLOTH
nebulous memento	UNIQUE_FURNITUREITEM_KILLTROPHY_MISTS_LARGE
necromantic elixir	T5_MOUNTUPGRADE_HORSE_CURSE
nightshade unicorn	SKIN_HORSE_UNICORN
ninth anniversary avatar	UNIQUE_AVATAR_ANNIVERSARY_2026
ninth anniversary ring	UNIQUE_AVATARRING_ANNIVERSARY_2026
ninth-year stallion	SKIN_HORSE_ANNIVERSARY_2026
noble community chest	UNIQUE_LOOTCHEST_AOCP
noble community token	UNIQUE_TOKEN_AOCP
noble knight's armor	UNIQUE_ARMOR_VANITY_KNIGHT_AOCP
noble knight's cape	UNIQUE_CAPE_VANITY_KNIGHT_AOCP
noble knight's helmet	UNIQUE_HEAD_VANITY_KNIGHT_AOCP
noble knight's shoes	UNIQUE_SHOES_VANITY_KNIGHT_AOCP
noblewoman's dress	UNIQUE_ARMOR_VANITY_DRESS_BLACK
noblewoman's jewelry	UNIQUE_HEAD_VANITY_DRESS_BLACK
noblewoman's shoes	UNIQUE_SHOES_VANITY_DRESS_BLACK
novice blacksmith contract	T2_LABOURER_CONTRACT_WARRIOR
novice blacksmith's journal (empty)	T2_JOURNAL_WARRIOR_EMPTY
novice blacksmith's journal (full)	T2_JOURNAL_WARRIOR_FULL
novice blacksmith's journal (partially full)	T2_JOURNAL_WARRIOR
novice cropper contract	T2_LABOURER_CONTRACT_FIBER
novice cropper's journal (empty)	T2_JOURNAL_FIBER_EMPTY
novice cropper's journal (full)	T2_JOURNAL_FIBER_FULL
novice cropper's journal (partially full)	T2_JOURNAL_FIBER
novice cropper's trophy journal (empty)	T2_JOURNAL_TROPHY_FIBER_EMPTY
novice cropper's trophy journal (full)	T2_JOURNAL_TROPHY_FIBER_FULL
novice cropper's trophy journal (partially full)	T2_JOURNAL_TROPHY_FIBER
novice fisherman contract	T2_LABOURER_CONTRACT_FISHERMAN
novice fisherman's journal (empty)	T2_JOURNAL_FISHING_EMPTY
novice fisherman's journal (full)	T2_JOURNAL_FISHING_FULL
novice fisherman's journal (partially full)	T2_JOURNAL_FISHING
novice fisherman's trophy journal (empty)	T2_JOURNAL_TROPHY_FISHING_EMPTY
novice fisherman's trophy journal (full)	T2_JOURNAL_TROPHY_FISHING_FULL
novice fisherman's trophy journal (partially full)	T2_JOURNAL_TROPHY_FISHING
novice fletcher contract	T2_LABOURER_CONTRACT_HUNTER
novice fletcher's journal (empty)	T2_JOURNAL_HUNTER_EMPTY
novice fletcher's journal (full)	T2_JOURNAL_HUNTER_FULL
novice fletcher's journal (partially full)	T2_JOURNAL_HUNTER
novice gamekeeper contract	T2_LABOURER_CONTRACT_HIDE
novice gamekeeper's journal (empty)	T2_JOURNAL_HIDE_EMPTY
novice gamekeeper's journal (full)	T2_JOURNAL_HIDE_FULL
novice gamekeeper's journal (partially full)	T2_JOURNAL_HIDE
novice gamekeeper's trophy journal (empty)	T2_JOURNAL_TROPHY_HIDE_EMPTY
novice gamekeeper's trophy journal (full)	T2_JOURNAL_TROPHY_HIDE_FULL
novice gamekeeper's trophy journal (partially full)	T2_JOURNAL_TROPHY_HIDE
novice imbuer contract	T2_LABOURER_CONTRACT_MAGE
novice imbuer's journal (empty)	T2_JOURNAL_MAGE_EMPTY
novice imbuer's journal (full)	T2_JOURNAL_MAGE_FULL
novice imbuer's journal (partially full)	T2_JOURNAL_MAGE
novice lumberjack contract	T2_LABOURER_CONTRACT_WOOD
novice lumberjack's journal (empty)	T2_JOURNAL_WOOD_EMPTY
novice lumberjack's journal (full)	T2_JOURNAL_WOOD_FULL
novice lumberjack's journal (partially full)	T2_JOURNAL_WOOD
novice lumberjack's trophy journal (empty)	T2_JOURNAL_TROPHY_WOOD_EMPTY
novice lumberjack's trophy journal (full)	T2_JOURNAL_TROPHY_WOOD_FULL
novice lumberjack's trophy journal (partially full)	T2_JOURNAL_TROPHY_WOOD
novice mercenary contract	T2_LABOURER_CONTRACT_MERCENARY
novice mercenary's journal (empty)	T2_JOURNAL_MERCENARY_EMPTY
novice mercenary's journal (full)	T2_JOURNAL_MERCENARY_FULL
novice mercenary's journal (partially full)	T2_JOURNAL_MERCENARY
novice mercenary's trophy	T2_FURNITUREITEM_TROPHY_MERCENARY
novice mercenary's trophy journal (empty)	T2_JOURNAL_TROPHY_MERCENARY_EMPTY
novice mercenary's trophy journal (full)	T2_JOURNAL_TROPHY_MERCENARY_FULL
novice mercenary's trophy journal (partially full)	T2_JOURNAL_TROPHY_MERCENARY
novice prospector contract	T2_LABOURER_CONTRACT_ORE
novice prospector's journal (empty)	T2_JOURNAL_ORE_EMPTY
novice prospector's journal (full)	T2_JOURNAL_ORE_FULL
novice prospector's journal (partially full)	T2_JOURNAL_ORE
novice prospector's trophy journal (empty)	T2_JOURNAL_TROPHY_ORE_EMPTY
novice prospector's trophy journal (full)	T2_JOURNAL_TROPHY_ORE_FULL
novice prospector's trophy journal (partially full)	T2_JOURNAL_TROPHY_ORE
novice stonecutter contract	T2_LABOURER_CONTRACT_STONE
novice stonecutter's journal (empty)	T2_JOURNAL_STONE_EMPTY
novice stonecutter's journal (full)	T2_JOURNAL_STONE_FULL
novice stonecutter's journal (partially full)	T2_JOURNAL_STONE
novice stonecutter's trophy journal (empty)	T2_JOURNAL_TROPHY_STONE_EMPTY
novice stonecutter's trophy journal (full)	T2_JOURNAL_TROPHY_STONE_FULL
novice stonecutter's trophy journal (partially full)	T2_JOURNAL_TROPHY_STONE
novice tinker contract	T2_LABOURER_CONTRACT_TOOLMAKER
novice tinker's journal (empty)	T2_JOURNAL_TOOLMAKER_EMPTY
novice tinker's journal (full)	T2_JOURNAL_TOOLMAKER_FULL
novice tinker's journal (partially full)	T2_JOURNAL_TOOLMAKER
novice's axe	T2_2H_TOOL_AXE
novice's bag	T2_BAG
novice's bag of silver	T2_SILVERBAG_NONTRADABLE
novice's bed	T2_FURNITUREITEM_BED
novice's bow	T2_2H_BOW
novice's broadsword	T2_MAIN_SWORD
novice's cape	T2_CAPE
novice's chest	T2_FURNITUREITEM_CHEST
novice's fire staff	T2_MAIN_FIRESTAFF
novice's generalist trophy journal (empty)	T2_JOURNAL_TROPHY_GENERAL_EMPTY
novice's generalist trophy journal (full)	T2_JOURNAL_TROPHY_GENERAL_FULL
novice's generalist trophy journal (partially full)	T2_JOURNAL_TROPHY_GENERAL
novice's mercenary hood	T2_HEAD_LEATHER_SET1
novice's mercenary jacket	T2_ARMOR_LEATHER_SET1
novice's mercenary shoes	T2_SHOES_LEATHER_SET1
novice's mule	T2_MOUNT_MULE
novice's pickaxe	T2_2H_TOOL_PICK
novice's scholar cowl	T2_HEAD_CLOTH_SET1
novice's scholar robe	T2_ARMOR_CLOTH_SET1
novice's scholar sandals	T2_SHOES_CLOTH_SET1
novice's shield	T2_OFF_SHIELD
novice's sickle	T2_2H_TOOL_SICKLE
novice's siege hammer	T2_2H_TOOL_SIEGEHAMMER
novice's skinning knife	T2_2H_TOOL_KNIFE
novice's soldier armor	T2_ARMOR_PLATE_SET1
novice's soldier boots	T2_SHOES_PLATE_SET1
novice's soldier helmet	T2_HEAD_PLATE_SET1
novice's stone hammer	T2_2H_TOOL_HAMMER
novice's table	T2_FURNITUREITEM_TABLE
novice's tome of insight	T2_SKILLBOOK_NONTRADABLE
novice's tome of learning	T2_LEARNINGPOINTS_NONTRADABLE
novice's tome of spells	T2_OFF_BOOK
occult cougar	SKIN_COUGAR_OCCULT
occult octavo	T7_FURNITUREITEM_TROPHY_GENERAL
ogronios banner	UNIQUE_CAPE_TELLAFRIEND_BANNER_02
ol' betsy	SKIN_OX_BETSY_TELLAFRIEND
opulent cloth	T7_CLOTH
ornamental scepter	TREASURE_CEREMONIAL_RARITY1
ornate cloth	T5_CLOTH
ornate lantern	PLAYERISLAND_FURNITUREITEM_NOBLE_STREET_LANTERN_A
outlands map carpet	UNIQUE_FURNITUREITEM_OLD_OUTLAND_CARPET
overgrown victory emote charge	T1_KILL_EMOTE_OVERGROWN_CHARGES_NONTRADABLE
paladin's armor	UNIQUE_ARMOR_VANITY_PALADIN
paladin's boots	UNIQUE_SHOES_VANITY_PALADIN
paladin's cape	UNIQUE_CAPE_VANITY_PALADIN
paladin's helmet	UNIQUE_HEAD_VANITY_PALADIN
paladin's heraldic armor	UNIQUE_ARMOR_VANITY_PALADIN_GUILD_COLORED
paladin's heraldic cape	UNIQUE_CAPE_VANITY_PALADIN_GUILD_COLORED
paladin's heraldic warhorse	SKIN_ARMORED_HORSE_PALADIN_GUILD_COLORED
paladin's warhorse	SKIN_ARMORED_HORSE_PALADIN
panda	SKIN_DIREBEAR_PANDA_TELLAFRIEND
paragon's armor	UNIQUE_ARMOR_VANITY_WARRIOR_KING
paragon's boots	UNIQUE_SHOES_VANITY_WARRIOR_KING
paragon's crown	UNIQUE_HEAD_VANITY_WARRIOR_KING
paragon's sword and cape	UNIQUE_CAPE_VANITY_WARRIOR_KING
pegasus	SKIN_HORSE_PEGASUS_LIGHT
perch trophy	T3_FURNITUREITEM_TROPHY_FISH
pest lizard	T7_MOUNT_MONITORLIZARD_ADC
phylactery of souls	UNIQUE_VANITY_2H_PHYLACTERY_SOULKEEPER
pig	T7_FARM_PIG_GROWN
piglet	T7_FARM_PIG_BABY
pike trophy	T4_FURNITUREITEM_TROPHY_FISH
pile of tomes	UNIQUE_LOOTCHEST_SKILLBOOKS_TELLAFRIEND
pine bonsai	T4_FURNITUREITEM_TROPHY_WOOD
pine logs	T4_WOOD
pine planks	T4_PLANKS
poison potion	T6_POTION_COOLDOWN
pork omelette	T7_MEAL_OMELETTE
pork pie	T7_MEAL_PIE
potato salad	T6_MEAL_SALAD
potato schnapps	T6_ALCOHOL
potato seeds	T6_FARM_POTATO_SEED
potatoes	T6_POTATO
premium victory pouch (arena)	T3_LOOTBAG_ARENA_WIN_PREMIUM_0
premium victory pouch (bronze i)	T3_LOOTBAG_ARENA_WIN_PREMIUM_BRONZE1
premium victory pouch (bronze ii)	T3_LOOTBAG_ARENA_WIN_PREMIUM_BRONZE2
premium victory pouch (bronze iii)	T3_LOOTBAG_ARENA_WIN_PREMIUM_BRONZE3
premium victory pouch (bronze iv)	T3_LOOTBAG_ARENA_WIN_PREMIUM_BRONZE4
premium victory pouch (crystal)	T3_LOOTBAG_ARENA_WIN_PREMIUM_CRYSTAL
premium victory pouch (gold i)	T3_LOOTBAG_ARENA_WIN_PREMIUM_GOLD1
premium victory pouch (gold ii)	T3_LOOTBAG_ARENA_WIN_PREMIUM_GOLD2
premium victory pouch (gold iii)	T3_LOOTBAG_ARENA_WIN_PREMIUM_GOLD3
premium victory pouch (gold iv)	T3_LOOTBAG_ARENA_WIN_PREMIUM_GOLD4
premium victory pouch (iron i)	T3_LOOTBAG_ARENA_WIN_PREMIUM_IRON1
premium victory pouch (iron ii)	T3_LOOTBAG_ARENA_WIN_PREMIUM_IRON2
premium victory pouch (iron iii)	T3_LOOTBAG_ARENA_WIN_PREMIUM_IRON3
premium victory pouch (iron iv)	T3_LOOTBAG_ARENA_WIN_PREMIUM_IRON4
premium victory pouch (silver i)	T3_LOOTBAG_ARENA_WIN_PREMIUM_SILVER1
premium victory pouch (silver ii)	T3_LOOTBAG_ARENA_WIN_PREMIUM_SILVER2
premium victory pouch (silver iii)	T3_LOOTBAG_ARENA_WIN_PREMIUM_SILVER3
premium victory pouch (silver iv)	T3_LOOTBAG_ARENA_WIN_PREMIUM_SILVER4
present box	UNIQUE_FURNITUREITEM_XMAS_PRESENT
priest's boots	UNIQUE_SHOES_VANITY_PRIEST_HOLY
priest's cape	UNIQUE_CAPE_VANITY_PRIEST_HOLY
priest's hood	UNIQUE_HEAD_VANITY_PRIEST_HOLY
priest's robe	UNIQUE_ARMOR_VANITY_PRIEST_HOLY
pumpkin	T8_PUMPKIN
pumpkin moonshine	T8_ALCOHOL
pumpkin pip	QUESTITEM_TOKEN_EVENT_HALLOWEEN_2017
pumpkin seeds	T8_FARM_PUMPKIN_SEED
pure arcane extract	T1_ALCHEMY_EXTRACT_LEVEL3
puremist snapper	T7_FISH_FRESHWATER_AVALON_RARE
purple rich noble's doublet	UNIQUE_ARMOR_VANITY_RICH_NOBLE_PURPLE
purple rich noble's footwear	UNIQUE_SHOES_VANITY_RICH_NOBLE_PURPLE
purple rich noble's hat	UNIQUE_HEAD_VANITY_RICH_NOBLE_PURPLE
pve avatar	UNIQUE_AVATAR_AJ_PVE_01
pve avatar ring	UNIQUE_AVATARRING_AJ_PVE_01
pvp avatar	UNIQUE_AVATAR_AJ_PVP_01
pvp avatar ring	UNIQUE_AVATARRING_AJ_PVP_01
pyramid hedge	PLAYERISLAND_FURNITUREITEM_NOBLE_HEDGE_PYRAMID_A
pyromancer's aspect	UNIQUE_HEAD_VANITY_FIREMAGE
pyromancer's boots	UNIQUE_SHOES_VANITY_FIREMAGE
pyromancer's cape	UNIQUE_CAPE_VANITY_FIREMAGE
pyromancer's robe	UNIQUE_ARMOR_VANITY_FIREMAGE
ragged cape	UNIQUE_CAPE_VANITY_SKELETON
ragged undead cape	UNIQUE_CAPE_VANITY_SKELETON_UNDEAD
ranger's armor	UNIQUE_ARMOR_VANITY_RANGER
ranger's boots	UNIQUE_SHOES_VANITY_RANGER
ranger's cape	UNIQUE_CAPE_VANITY_RANGER
ranger's hood	UNIQUE_HEAD_VANITY_RANGER_HOOD
ranger's mask	UNIQUE_HEAD_VANITY_RANGER_MASK
rare animal remains	T1_ALCHEMY_COMMON
rare community chest	UNIQUE_LOOTCHEST_COMMUNITY_RARE
rare community treasure	UNIQUE_LOOTCHEST_COMMUNITY_EXCLUSIVE_RARE
raven standard (disciples of morgana)	UNIQUE_FURNITUREITEM_MORGANA_STANDARD_A
raven standard shrine (disciples of morgana)	UNIQUE_FURNITUREITEM_MORGANA_SACRIFICE_ALTAR_A
raw beef	T8_MEAT
raw chicken	T3_MEAT
raw goat	T4_MEAT
raw goose	T5_MEAT
raw mutton	T6_MEAT
raw pork	T7_MEAT
razor-sharp axe	UNIQUE_VANITY_2H_MULTITOOL_OVERCHARGED_AJ
reaver's armor	UNIQUE_ARMOR_VANITY_MARAUDER
reaver's armored horse	SKIN_ARMORED_HORSE_MARAUDER
reaver's boots	UNIQUE_SHOES_VANITY_MARAUDER
reaver's cape	UNIQUE_CAPE_VANITY_MARAUDER
reaver's helmet	UNIQUE_HEAD_VANITY_MARAUDER
recruiter's ale mug	UNIQUE_VANITY_MAIN_BEERMUG_02_TELLAFRIEND
recruiter's banner	UNIQUE_CAPE_TELLAFRIEND_BANNER
recruiter's beer mug	UNIQUE_VANITY_MAIN_BEERMUG_TELLAFRIEND
recruiter's bighorn ram	SKIN_OX_TRANSPORT_RAM_TELLAFRIEND
recruiter's cape	UNIQUE_CAPE_TELLAFRIEND
recruiter's cape - rottweiler	UNIQUE_CAPE_BLOODHOUND_TELLAFRIEND
recruiter's cape - toad	UNIQUE_CAPE_TOAD_TELLAFRIEND
recruiter's deer statue	UNIQUE_FURNITUREITEM_TELLAFRIEND_DEER_STATUE
recruiter's dire fox	SKIN_DIREWOLF_DIREFOX_TELLAFRIEND
recruiter's donkey	SKIN_DONKEY_UNIQUE_TELLAFRIEND
recruiter's fox crop	UNIQUE_VANITY_MAIN_FOXCROP_TELLAFRIEND
recruiter's fur cape	UNIQUE_CAPE_RAM_TELLAFRIEND
recruiter's giant frog	UNIQUE_MOUNT_GIANTTOAD_02_TELLAFRIEND
recruiter's giant stag	SKIN_GIANTSTAG_TELLAFRIEND
recruiter's grey wolf	SKIN_DIREWOLF_GREY_TELLAFRIEND
recruiter's grey wolf cape	UNIQUE_CAPE_WOLF_GREY_TELLAFRIEND
recruiter's guild banner	UNIQUE_FURNITUREITEM_TELLAFRIEND_BANNER_A
recruiter's horse	SKIN_HORSE_TELLAFRIEND
recruiter's hunter horn	UNIQUE_VANITY_MAIN_HORN_TELLAFRIEND
recruiter's hunter statue	UNIQUE_FURNITUREITEM_TELLAFRIEND_HUNTER_STATUE
recruiter's husky sled	SKIN_DIREWOLF_HUSKYSLEIGH_TELLAFRIEND
recruiter's impala	SKIN_GIANTSTAG_IMPALA_TELLAFRIEND
recruiter's jaguar	SKIN_COUGAR_JAGUAR_TELLAFRIEND
recruiter's moabird	UNIQUE_MOUNT_MOABIRD_TELLAFRIEND
recruiter's pig	SKIN_DIREBOAR_PIG_TELLAFRIEND
recruiter's pile of tomes	UNIQUE_LOOTCHEST_FIRSTREFERRAL
recruiter's pony	SKIN_HORSE_PONY_TELLAFRIEND
recruiter's portal cannon	UNIQUE_VANITY_2H_PORTALGUN_TELLAFRIEND
recruiter's ram	UNIQUE_MOUNT_RAM_TELLAFRIEND
recruiter's rottweiler	SKIN_DIREWOLF_BLOODHOUND_TELLAFRIEND
recruiter's saddled bat	UNIQUE_MOUNT_BAT_TELLAFRIEND
recruiter's saint bernard	SKIN_DIREWOLF_BERNARD_TELLAFRIEND
recruiter's sand salamander	SKIN_LIZARD_SAND_SALAMANDER_TELLAFRIEND
recruiter's sarcophagus chest	UNIQUE_FURNITUREITEM_TELLAFRIEND_CHEST_SARCOPHAGUS
recruiter's tiger	SKIN_COUGAR_TIGER_TELLAFRIEND
recruiter's tiger cape	UNIQUE_CAPE_TIGER_TELLAFRIEND
recruiter's toad	UNIQUE_MOUNT_GIANTTOAD_TELLAFRIEND
recruiter's trumpet	UNIQUE_VANITY_MAIN_TRUMPET_TELLAFRIEND
recruiter's white tiger	SKIN_COUGAR_TIGER_WHITE_TELLAFRIEND
recruiter's yak	SKIN_OX_YAK_TELLAFRIEND
red tulip dress	UNIQUE_ARMOR_VANITY_DRESS_RED
red tulip hat	UNIQUE_HEAD_VANITY_DRESS_RED
red tulip shoes	UNIQUE_SHOES_VANITY_DRESS_RED
redspring eel	T5_FISH_FRESHWATER_FOREST_RARE
redspring eel stew	T6_MEAL_STEW_FISH
refined arcane extract	T1_ALCHEMY_EXTRACT_LEVEL2
regal carpet	UNIQUE_FURNITUREITEM_KNIGHT_CARPET_A
reinforced leather	T7_LEATHER
resilient hide	T8_HIDE
resistance potion	T5_POTION_STONESKIN
ribcage	UNIQUE_ARMOR_VANITY_SKELETON
rich noble's doublet	UNIQUE_ARMOR_VANITY_RICH_NOBLE
rich noble's footwear	UNIQUE_SHOES_VANITY_RICH_NOBLE
rich noble's hat	UNIQUE_HEAD_VANITY_RICH_NOBLE
riding horse skin: amethyst unicorn	UNIQUE_UNLOCK_SKIN_HORSE_UNICORN_AMETHYST
riding horse skin: bonehorse	UNIQUE_UNLOCK_SKIN_HORSE_UNDEAD
riding horse skin: brown mare	UNIQUE_UNLOCK_SKIN_HORSE_BROWN_NON_TRADABLE
riding horse skin: chimera	UNIQUE_UNLOCK_SKIN_HORSE_QUESTING_BEAST
riding horse skin: eighth-year stallion	UNIQUE_UNLOCK_SKIN_HORSE_ANNIVERSARY_2025
riding horse skin: fifth-year stallion	UNIQUE_UNLOCK_SKIN_HORSE_ANNIVERSARY_2022
riding horse skin: green chimera	UNIQUE_UNLOCK_SKIN_HORSE_QUESTING_BEAST_GREEN
riding horse skin: horse macabre	UNIQUE_UNLOCK_SKIN_HORSE_UNDEAD_HALLOWEEN
riding horse skin: horsferatu	UNIQUE_UNLOCK_SKIN_HORSE_VAMPIRE_TELLAFRIEND
riding horse skin: jester horse	UNIQUE_UNLOCK_SKIN_HORSE_JESTER_TELLAFRIEND
riding horse skin: jousting horse	UNIQUE_UNLOCK_SKIN_HORSE_GUILDBANNER
riding horse skin: keeper horse	UNIQUE_UNLOCK_SKIN_HORSE_KEEPER_NON_TRADABLE
riding horse skin: legendary adventurer	UNIQUE_UNLOCK_SKIN_HORSE_STARTERPACK
riding horse skin: legendary explorer	UNIQUE_UNLOCK_SKIN_HORSE_FOUNDER_LEGENDARY
riding horse skin: nightshade unicorn	UNIQUE_UNLOCK_SKIN_HORSE_UNICORN_NON_TRADABLE
riding horse skin: ninth-year stallion	UNIQUE_UNLOCK_SKIN_HORSE_ANNIVERSARY_2026
riding horse skin: pegasus	UNIQUE_UNLOCK_SKIN_HORSE_PEGASUS_LIGHT
riding horse skin: recruiter	UNIQUE_UNLOCK_SKIN_HORSE_TELLAFRIEND
riding horse skin: recruiter's pony	UNIQUE_UNLOCK_SKIN_HORSE_PONY_TELLAFRIEND
riding horse skin: sailor's horse	UNIQUE_UNLOCK_SKIN_HORSE_FOUNDER_ASIA_SILVER
riding horse skin: sea captain's horse	UNIQUE_UNLOCK_SKIN_HORSE_FOUNDER_ASIA_CRYSTAL
riding horse skin: seafarer's horse	UNIQUE_UNLOCK_SKIN_HORSE_FOUNDER_ASIA_GOLD
riding horse skin: seventh-year stallion	UNIQUE_UNLOCK_SKIN_HORSE_ANNIVERSARY_2024
riding horse skin: shadow pegasus	UNIQUE_UNLOCK_SKIN_HORSE_PEGASUS_DARK
riding horse skin: sixth-year stallion	UNIQUE_UNLOCK_SKIN_HORSE_ANNIVERSARY_2023
riding horse skin: unicorn	UNIQUE_UNLOCK_SKIN_HORSE_UNICORN_WHITE_TELLAFRIEND
riding horse skin: warden's legendary steed	UNIQUE_UNLOCK_HORSE_VANITY_KICKSTART_2024_UPGRADE
riding horse skin: warden's steed	UNIQUE_UNLOCK_HORSE_VANITY_KICKSTART_2024
ritual candles	TREASURE_RITUAL_RARITY1
riuros cape	UNIQUE_CAPE_TELLAFRIEND_02
river sturgeon	T8_FISH_FRESHWATER_ALL_COMMON
roast chicken	T3_MEAL_ROAST
roast goose	T5_MEAL_ROAST
roast pork	T7_MEAL_ROAST
roasted clearhaze snapper	T5_MEAL_ROAST_FISH
roasted puremist snapper	T7_MEAL_ROAST_FISH
roasted whitefog snapper	T3_MEAL_ROAST_FISH
robust hide	T6_HIDE
rockheart	T1_FACTION_HIGHLAND_TOKEN_1
rogue adventurer's armor	UNIQUE_ARMOR_VANITY_ROGUE
rogue adventurer's armored horse	SKIN_ARMORED_HORSE_ROGUE
rogue adventurer's boots	UNIQUE_SHOES_VANITY_ROGUE
rogue adventurer's cape	UNIQUE_CAPE_VANITY_ROGUE
rogue adventurer's heraldic armor	UNIQUE_ARMOR_VANITY_ROGUE_GUILD_COLORED
rogue adventurer's heraldic armored horse	SKIN_ARMORED_HORSE_ROGUE_GUILD_COLORED
rogue adventurer's heraldic cape	UNIQUE_CAPE_VANITY_ROGUE_GUILD_COLORED
rogue adventurer's hood	UNIQUE_HEAD_VANITY_ROGUE
rogue adventurer's poison bottle	UNIQUE_VANITY_MAIN_POISONBOTTLE_ROGUE
rosalia's diary	T8_OFF_BOOK
rotten allhallows treat	UNIQUE_ROTTEN_CANDY
rotten chocolate egg	UNIQUE_ROTTEN_CHOCOLATE_EGG
rough logs	T1_WOOD
rough stone	T1_ROCK
round table	UNIQUE_FURNITUREITEM_KNIGHT_ROUNDTABLE_A
royal blue fireworks	T3_VANITY_CONSUMABLE_FIREWORKS_BLUE
royal green fireworks	T3_VANITY_CONSUMABLE_FIREWORKS_GREEN
royal horse token	QUESTITEM_TOKEN_ROYAL_HORSE
royal ox	SKIN_OX_BISON_ROYAL
royal red fireworks	T3_VANITY_CONSUMABLE_FIREWORKS_RED
royal yellow fireworks	T3_VANITY_CONSUMABLE_FIREWORKS_YELLOW
rubberband boots	UNIQUE_SHOES_RUBBERBANDING
rugged dawnfeather	T3_ALCHEMY_RARE_EAGLE
rugged hide	T2_HIDE
rugged imp's horn	T3_ALCHEMY_RARE_IMP
rugged runestone tooth	T3_ALCHEMY_RARE_ELEMENTAL
rugged shadow claws	T3_ALCHEMY_RARE_PANTHER
rugged spirit paws	T3_ALCHEMY_RARE_DIREBEAR
rugged sylvian root	T3_ALCHEMY_RARE_ENT
rugged werewolf fangs	T3_ALCHEMY_RARE_WEREWOLF
runite ore	T6_ORE
runite ore sample	T6_FURNITUREITEM_TROPHY_ORE
runite steel bar	T6_METALBAR
rushwater lurcher	T5_FISH_FRESHWATER_HIGHLANDS_RARE
rushwater lurcher sandwich	T6_MEAL_SANDWICH_FISH
saber tiger rex	SKIN_COUGAR_TOURNAMENT_02
sabertooth rex	SKIN_COUGAR_TOURNAMENT
sacred bone marrow	T8_MOUNTUPGRADE_COUGAR_KEEPER
sacrificial dagger	TREASURE_RITUAL_RARITY3
sad pumpkin head	UNIQUE_HEAD_VANITY_PUMPKIN_02
saddled bighorn ram	T5_MOUNT_RAM_FW_MARTLOCK
saddled direbear	T8_MOUNT_DIREBEAR
saddled direboar	T7_MOUNT_DIREBOAR
saddled greywolf	T5_MOUNT_GREYWOLF_FW_CAERLEON
saddled hellhound	SKIN_DIREWOLF_DEMONICWARRIOR
saddled moabird	T5_MOUNT_MOABIRD_FW_BRIDGEWATCH
saddled mystic owl	T5_MOUNT_OWL_FW_BRECILIEN
saddled swamp dragon	T7_MOUNT_SWAMPDRAGON
saddled swamp salamander	T5_MOUNT_SWAMPDRAGON_FW_THETFORD
saddled terrorbird	T7_MOUNT_TERRORBIRD_ADC
saddled wild boar	T5_MOUNT_DIREBOAR_FW_LYMHURST
saddled winter bear	T5_MOUNT_DIREBEAR_FW_FORTSTERLING
sailor's horse	SKIN_HORSE_FOUNDER_ASIA_SILVER
sandstone	T3_ROCK
sandstone block	T3_STONEBLOCK
sandstone fragment	T3_FURNITUREITEM_TROPHY_ROCK
scarecrow	PLAYERISLAND_FURNITUREITEM_FARM_SCARECROW_A
scary pumpkin lantern	UNIQUE_FURNITUREITEM_ADC_HALLOWEEN_PUMPKIN_LANTERN_A
scholar statue	PLAYERISLAND_FURNITUREITEM_STONE_STATUE_A
scraps of hide	T1_HIDE
scroll of fame	T6_GENERAL_FAMEBUFF
scroll of repair	UNIQUE_REPAIRPOWDER_ADC_GENERAL_01
scroll of the law	UNIQUE_INTERNAL_OFF_SCROLL_GAMEMASTER
sea captain's boots	UNIQUE_SHOES_VANITY_FOUNDER_ASIA_CRYSTAL
sea captain's coat	UNIQUE_ARMOR_VANITY_FOUNDER_ASIA_CRYSTAL
sea captain's hat	UNIQUE_HEAD_VANITY_FOUNDER_ASIA_CRYSTAL
sea captain's horse	SKIN_HORSE_FOUNDER_ASIA_CRYSTAL
sea captain's spyglass	UNIQUE_CAPE_VANITY_FOUNDER_ASIA_CRYSTAL
seafarer's bandana	UNIQUE_HEAD_VANITY_FOUNDER_ASIA_GOLD
seafarer's boots	UNIQUE_SHOES_VANITY_FOUNDER_ASIA_GOLD
seafarer's coat	UNIQUE_ARMOR_VANITY_FOUNDER_ASIA_GOLD
seafarer's harpoon	UNIQUE_CAPE_VANITY_FOUNDER_ASIA_GOLD
seafarer's horse	SKIN_HORSE_FOUNDER_ASIA_GOLD
sealed royal sigil	T4_LOOTBAG_EXPEDITION_ROYAL_SIGIL
seaweed	T1_SEAWEED
seaweed salad	T1_MEAL_SEAWEEDSALAD
seventh anniversary avatar	UNIQUE_AVATAR_ANNIVERSARY_2024
seventh anniversary ring	UNIQUE_AVATARRING_ANNIVERSARY_2024
seventh-year stallion	SKIN_HORSE_ANNIVERSARY_2024
shadow pegasus	SKIN_HORSE_PEGASUS_DARK
shadowcat	SKIN_COUGAR_SHADOWCAT
shadowheart	T1_FACTION_CAERLEON_TOKEN_1
shallowshore squid	T3_FISH_SALTWATER_ALL_RARE
shallowshore squid salad	T2_MEAL_SALAD_FISH
shark	T8_FISH_SALTWATER_ALL_BOSS_SHARK
sharpened axe	UNIQUE_VANITY_2H_MULTITOOL_AJ
sheaf of wheat	T3_WHEAT
sheep	T6_FARM_SHEEP_GROWN
sheep's butter	T6_BUTTER
sheep's milk	T6_MILK
sheepdog	SKIN_DIREWOLF_BOBTAIL
shepherd	SKIN_DIREWOLF_SHEPHERD_TELLAFRIEND
shrouded memento	UNIQUE_FURNITUREITEM_KILLTROPHY_MISTS_SMALL
siege ballista	T6_MOUNT_SIEGE_BALLISTA
silver ancient ent	UNIQUE_MOUNT_ENT_SILVER
silver avatar - season 14	UNIQUE_AVATAR_GVGSEASON_14_SILVER_SINGLE
silver avatar - season 15	UNIQUE_AVATAR_GVGSEASON_15_SILVER_SINGLE
silver avatar - season 16	UNIQUE_AVATAR_GVGSEASON_16_SILVER_SINGLE
silver avatar - season 17	UNIQUE_AVATAR_GVGSEASON_17_SILVER_SINGLE
silver avatar - season 18	UNIQUE_AVATAR_GVGSEASON_18_SILVER_SINGLE
silver avatar - season 19	UNIQUE_AVATAR_GVGSEASON_19_SILVER_SINGLE
silver avatar - season 20	UNIQUE_AVATAR_GVGSEASON_20_SILVER_SINGLE
silver avatar - season 21	UNIQUE_AVATAR_GVGSEASON_21_SILVER_SINGLE
silver avatar - season 22	UNIQUE_AVATAR_GVGSEASON_22_SILVER_SINGLE
silver avatar - season 23	UNIQUE_AVATAR_GVGSEASON_23_SILVER_SINGLE
silver avatar - season 24	UNIQUE_AVATAR_GVGSEASON_24_SILVER_SINGLE
silver avatar - season 25	UNIQUE_AVATAR_GVGSEASON_25_SILVER_SINGLE
silver avatar - season 26	UNIQUE_AVATAR_GVGSEASON_26_SILVER_SINGLE
silver avatar - season 27	UNIQUE_AVATAR_GVGSEASON_27_SILVER_SINGLE
silver avatar - season 28	UNIQUE_AVATAR_GVGSEASON_28_SILVER_SINGLE
silver avatar - season 29	UNIQUE_AVATAR_GVGSEASON_29_SILVER_SINGLE
silver battle eagle	UNIQUE_MOUNT_ARMORED_EAGLE_SILVER
silver battle mount chest	UNIQUE_LOOTCHEST_BATTLEMOUNT_SILVER
silver battle rhino	UNIQUE_MOUNT_RHINO_SEASON_SILVER
silver behemoth	UNIQUE_MOUNT_BEHEMOTH_SILVER
silver campaign chest: bridgewatch	UNIQUE_LOOTCHEST_FACTIONCAMPAIGN_REWARD_STEPPE_03
silver campaign chest: caerleon	UNIQUE_LOOTCHEST_FACTIONCAMPAIGN_REWARD_CAERLEON_03
silver campaign chest: fort sterling	UNIQUE_LOOTCHEST_FACTIONCAMPAIGN_REWARD_MOUNTAIN_03
silver campaign chest: lymhurst	UNIQUE_LOOTCHEST_FACTIONCAMPAIGN_REWARD_FOREST_03
silver campaign chest: martlock	UNIQUE_LOOTCHEST_FACTIONCAMPAIGN_REWARD_HIGHLAND_03
silver campaign chest: thetford	UNIQUE_LOOTCHEST_FACTIONCAMPAIGN_REWARD_SWAMP_03
silver candelabrum	TREASURE_SILVERWARE_RARITY3
silver colossus beetle	UNIQUE_MOUNT_BEETLE_SILVER
silver cup	TREASURE_SILVERWARE_RARITY1
silver founder's certificate	UNIQUE_FURNITUREITEM_ASIA_FOUNDER_CERTIFICATE_SILVER
silver gathering statue	UNIQUE_FURNITUREITEM_BETAREWARD_GATHERING_SILVER
silver goliath horseeater	UNIQUE_MOUNT_BATTLESPIDER_SILVER
silver juggernaut	UNIQUE_MOUNT_JUGGERNAUT_SILVER
silver mirror	TREASURE_SILVERWARE_RARITY2
silver monster slayer statue	UNIQUE_FURNITUREITEM_BETAREWARD_PVE_SILVER
silver phalanx beetle	UNIQUE_MOUNT_TANKBEETLE_SILVER
silver roving bastion	UNIQUE_MOUNT_BASTION_SILVER
silver tower chariot	UNIQUE_MOUNT_TOWER_CHARIOT_SILVER
silver trader statue	UNIQUE_FURNITUREITEM_BETAREWARD_SILVER_SILVER
simple brazier (disciples of morgana)	UNIQUE_FURNITUREITEM_MORGANA_FIREBOWL_B
simple cloth	T2_CLOTH
simple fish bait	T1_FISHINGBAIT
simple lantern	PLAYERISLAND_FURNITUREITEM_WOOD_LANTERN_A
simple stone toy	TREASURE_DECORATIVE_RARITY1
sinister helmet	UNIQUE_HEAD_VANITY_SHADOW_HELMET_ORANGE_AJ
siphoned energy	UNIQUE_GVGTOKEN_GENERIC
sixth anniversary avatar	UNIQUE_AVATAR_ANNIVERSARY_2023
sixth anniversary ring	UNIQUE_AVATARRING_ANNIVERSARY_2023
sixth-year stallion	SKIN_HORSE_ANNIVERSARY_2023
skull of $craftedby	UNIQUE_FURNITUREITEM_VICTORY_TROPHY
skyflower	T5_FIBER
slate	T6_ROCK
slate block	T6_STONEBLOCK
slate fragment	T6_FURNITUREITEM_TROPHY_ROCK
sleeping cap	UNIQUE_HEAD_VANITY_NIGHTGOWN
sleeping cap with bell	UNIQUE_HEAD_VANITY_NIGHTGOWN_BELL
small arcane stone sigil	PLAYERISLAND_FURNITUREITEM_STONE_MAGIC_EMBLEM_GROUND_A
small decorated pine tree	UNIQUE_FURNITUREITEM_XMAS_FILL_CITY_TREE_B
small fruit tree	PLAYERISLAND_FURNITUREITEM_VEGETATION_TREE_DOMESTIC_A
small hedge	PLAYERISLAND_FURNITUREITEM_NOBLE_HEDGE_SMALL_A
small nature stone sigil	PLAYERISLAND_FURNITUREITEM_STONE_NATURE_EMBLEM_GROUND_A
small sword sculpture	PLAYERISLAND_FURNITUREITEM_STONE_STATUE_SWORD_A
small valorous stone sigil	PLAYERISLAND_FURNITUREITEM_STONE_VALOR_EMBLEM_GROUND_A
smuggler's boots	UNIQUE_SHOES_VANITY_SMUGGLER
smuggler's cloak	UNIQUE_CAPE_VANITY_SMUGGLER
smuggler's coat	UNIQUE_ARMOR_VANITY_SMUGGLER
smuggler's coin	QUESTITEM_TOKEN_SMUGGLER
smuggler's hat	UNIQUE_HEAD_VANITY_SMUGGLER
snack-o'-lantern	UNIQUE_OFF_VANITY_PUMPKIN_HAPPY
snow bunny stalker hat	UNIQUE_HEAD_VANITY_EASTER_WHITE
snow fox	SKIN_DIREWOLF_SNOWFOX_TELLAFRIEND
snow husky	T7_MOUNT_HUSKY_ADC
snow leopard	SKIN_COUGAR_SNOWLEOPARD_TELLAFRIEND
snow leopard cape	UNIQUE_CAPE_VANITY_SNOWLEOPARD
snowball	UNIQUE_CONSUMABLE_EVENT_WINTER_2017
soft skyflower trophy	T5_FURNITUREITEM_TROPHY_FIBER
soulspinner	T8_MOUNT_SPIDER_HELL
soulspinner baby	T8_FARM_SPIDER_HELL_BABY
special fish bait	T5_FISHINGBAIT
special fish sauce	T1_FISHSAUCE_LEVEL3
specter wolf	SKIN_DIREWOLF_SPECTER
spectral bat	UNIQUE_MOUNT_BAT_PERSONAL
spectral direboar	UNIQUE_MOUNT_UNDEAD_DIREBOAR_ADC
spectral mask	T8_MOUNTUPGRADE_HORSE_CURSE
sphere hedge	PLAYERISLAND_FURNITUREITEM_NOBLE_HEDGE_SPHERE_A
spoiled anniversary cake	UNIQUE_ROTTEN_CAKE
spotted trout	T5_FISH_FRESHWATER_ALL_COMMON
spotted wolffish	T5_FISH_SALTWATER_ALL_COMMON
spring cottontail	T8_MOUNT_RABBIT_EASTER
spring tree	PLAYERISLAND_FURNITUREITEM_VEGETATION_TREE_DECO_C
staff of hermes	UNIQUE_OFF_VANITY_CHARITY_MARCH2020
stag skin: alpaca	SKIN_GIANTSTAG_ALPACA
stag skin: brown alpaca	UNIQUE_UNLOCK_SKIN_GIANTSTAG_ALPACA_BROWN
stag skin: divine stag	UNIQUE_UNLOCK_SKIN_GIANTSTAG_DIVINE
stag skin: festive reindeer	UNIQUE_UNLOCK_SKIN_GIANTSTAG_REINDEER_TELLAFRIEND
stag skin: foglands doe	UNIQUE_UNLOCK_SKIN_GIANTSTAG_MIST_DEER_TELLAFRIEND
stag skin: frost moose	UNIQUE_UNLOCK_SKIN_GIANTSTAG_ICE_MOOSE_TELLAFRIEND
stag skin: master's giant stag	UNIQUE_UNLOCK_SKIN_GIANTSTAG_WHITE
stag skin: recruiter's giant stag	UNIQUE_UNLOCK_SKIN_GIANTSTAG_TELLAFRIEND
stag skin: recruiter's impala	UNIQUE_UNLOCK_SKIN_GIANTSTAG_IMPALA_TELLAFRIEND
stag skin: summer fawn	UNIQUE_UNLOCK_SKIN_GIANTSTAG_FAWN_TELLAFRIEND
stag skin: yule stag	UNIQUE_UNLOCK_SKIN_GIANTSTAG_XMAS
stag/moose skin: astral stag	UNIQUE_UNLOCK_SKIN_GIANTSTAG_SPIRITBEAST_AJ
steel bar	T4_METALBAR
steelplate cougar	SKIN_COUGAR_ARMORED_GREY
steelscale swordfish	T8_FISH_SALTWATER_ALL_COMMON
sticky potion	T5_POTION_SLOWFIELD
stiff leather	T2_LEATHER
stone idol	TREASURE_DECORATIVE_RARITY3
stone mask	TREASURE_DECORATIVE_RARITY2
stone throne	UNIQUE_FURNITUREITEM_KNIGHT_THRONE_A
stone well	PLAYERISLAND_FURNITUREITEM_STONE_WELL_A
stonestream lurcher	T3_FISH_FRESHWATER_HIGHLANDS_RARE
stonestream lurcher sandwich	T4_MEAL_SANDWICH_FISH
striped carp	T2_FISH_FRESHWATER_ALL_COMMON
striped mackerel	T2_FISH_SALTWATER_ALL_COMMON
strongfin salmon	T6_FISH_SALTWATER_ALL_COMMON
stuffed bear head	T5_FURNITUREITEM_TROPHY_HIDE
stuffed boar head	T4_FURNITUREITEM_TROPHY_HIDE
stuffed direbear head	T8_FURNITUREITEM_TROPHY_HIDE
stuffed direboar head	T7_FURNITUREITEM_TROPHY_HIDE
stuffed direwolf head	T6_FURNITUREITEM_TROPHY_HIDE
stuffed fox head	T2_FURNITUREITEM_TROPHY_HIDE
stuffed wolf head	T3_FURNITUREITEM_TROPHY_HIDE
summer fawn	SKIN_GIANTSTAG_FAWN_TELLAFRIEND
summer tree	PLAYERISLAND_FURNITUREITEM_VEGETATION_TREE_DECO_B
sunflax	T7_FIBER
surprise egg	UNIQUE_CONSUMABLE_EVENT_EASTER_2020_EGG
swamp dragon pup	T7_FARM_SWAMPDRAGON_BABY
swamp dragon skin: emerald basilisk	UNIQUE_UNLOCK_SKIN_LIZARD_DRAKE_AJ
swamp dragon skin: recruiter's sand salamander	UNIQUE_UNLOCK_SKIN_LIZARD_SAND_SALAMANDER_TELLAFRIEND
swampstrider's armor	UNIQUE_ARMOR_VANITY_PRIEST_DARK_SWAMP
swampstrider's boots	UNIQUE_SHOES_VANITY_PRIEST_DARK_SWAMP
swampstrider's cape	UNIQUE_CAPE_VANITY_PRIEST_DARK_SWAMP
swampstrider's lizard	SKIN_LIZARD_PRIEST_DARK_SWAMP
swampstrider's mask	UNIQUE_HEAD_VANITY_PRIEST_DARK_SWAMP
swiftclaw cub	T5_FARM_COUGAR_BABY
swiftclaw skin: amethyst cougar	UNIQUE_UNLOCK_SKIN_COUGAR_AMETHYST
swiftclaw skin: arena champion	UNIQUE_UNLOCK_SKIN_COUGAR_ARENA_COPY
swiftclaw skin: embalmed tiger	UNIQUE_UNLOCK_SKIN_COUGAR_MUMMY_TELLAFRIEND
swiftclaw skin: lynx	UNIQUE_UNLOCK_SKIN_COUGAR_LYNX_TELLAFRIEND
swiftclaw skin: occult cougar	UNIQUE_UNLOCK_SKIN_COUGAR_OCCULT
swiftclaw skin: recruiter's jaguar	UNIQUE_UNLOCK_SKIN_COUGAR_JAGUAR_TELLAFRIEND
swiftclaw skin: recruiter's tiger	UNIQUE_UNLOCK_SKIN_COUGAR_TIGER_TELLAFRIEND
swiftclaw skin: recruiter's white tiger	UNIQUE_UNLOCK_SKIN_COUGAR_TIGER_WHITE_TELLAFRIEND
swiftclaw skin: saber tiger rex	UNIQUE_UNLOCK_SKIN_COUGAR_TOURNAMENT_02
swiftclaw skin: sabertooth rex	UNIQUE_UNLOCK_SKIN_COUGAR_TOURNAMENT
swiftclaw skin: snow leopard	UNIQUE_UNLOCK_SKIN_COUGAR_SNOWLEOPARD_TELLAFRIEND
swiftclaw skin: steelplate cougar	UNIQUE_UNLOCK_SKIN_COUGAR_ARMORED_GREY
swiftclaw skin: voyager's cat	UNIQUE_UNLOCK_SKIN_COUGAR_TRAVELING_CAT_AJ
sword and shield sculpture	PLAYERISLAND_FURNITUREITEM_STONE_STATUE_WARRIOR_A
sword sculpture	PLAYERISLAND_FURNITUREITEM_STONE_STATUE_SWORD_B
sword victory emote charge	T1_KILL_EMOTE_SWORD_CHARGES_NONTRADABLE
swordfish trophy	T8_FURNITUREITEM_TROPHY_FISH
tall hedge	PLAYERISLAND_FURNITUREITEM_NOBLE_HEDGE_RECTANGLE_A
tame bighorn ram	T5_FARM_RAM_FW_MARTLOCK_GROWN
tame direbear	T8_FARM_DIREBEAR_GROWN
tame direboar	T7_FARM_DIREBOAR_GROWN
tame direwolf	T6_FARM_DIREWOLF_GROWN
tame elite bighorn ram	T8_FARM_RAM_FW_MARTLOCK_GROWN
tame elite greywolf	T8_FARM_GREYWOLF_FW_CAERLEON_GROWN
tame elite mystic owl	T8_FARM_OWL_FW_BRECILIEN_GROWN
tame elite swamp salamander	T8_FARM_SWAMPDRAGON_FW_THETFORD_GROWN
tame elite terrorbird	T8_FARM_MOABIRD_FW_BRIDGEWATCH_GROWN
tame elite wild boar	T8_FARM_DIREBOAR_FW_LYMHURST_GROWN
tame elite winter bear	T8_FARM_DIREBEAR_FW_FORTSTERLING_GROWN
tame ghostwolf	T8_FARM_DIREWOLF_GROWN
tame greywolf	T5_FARM_GREYWOLF_FW_CAERLEON_GROWN
tame hellspinner	T5_FARM_SPIDER_HELL_GROWN
tame mammoth	T8_FARM_MAMMOTH_GROWN
tame moabird	T5_FARM_MOABIRD_FW_BRIDGEWATCH_GROWN
tame moose	T6_FARM_GIANTSTAG_MOOSE_GROWN
tame mystic owl	T5_FARM_OWL_FW_BRECILIEN_GROWN
tame soulspinner	T8_FARM_SPIDER_HELL_GROWN
tame spring cottontail	T8_FARM_RABBIT_EASTER_GROWN
tame swamp dragon	T7_FARM_SWAMPDRAGON_GROWN
tame swamp salamander	T5_FARM_SWAMPDRAGON_FW_THETFORD_GROWN
tame swiftclaw	T5_FARM_COUGAR_GROWN
tame wild boar	T5_FARM_DIREBOAR_FW_LYMHURST_GROWN
tame winter bear	T5_FARM_DIREBEAR_FW_FORTSTERLING_GROWN
the eggsecutioner	UNIQUE_VANITY_2H_CHICKENGUN_EASTER
the hand of khor	T8_2H_AXE
thetford warbanner	UNIQUE_UNLOCK_VANITY_2H_FW_THETFORD_BANNER
thick hide	T7_HIDE
thick leather	T3_LEATHER
thin booklet	TREASURE_KNOWLEDGE_RARITY2
thin hide	T3_HIDE
three days of premium	T3_PREMIUMITEM_3_NONTRADABLE
thunderfall lurcher	T7_FISH_FRESHWATER_HIGHLANDS_RARE
thunderfall lurcher sandwich	T8_MEAL_SANDWICH_FISH
tin ore	T3_ORE
tin ore sample	T3_FURNITUREITEM_TROPHY_ORE
titan's armor	UNIQUE_ARMOR_VANITY_TITAN
titan's boots	UNIQUE_SHOES_VANITY_TITAN
titan's cape	UNIQUE_CAPE_VANITY_TITAN
titan's helmet	UNIQUE_HEAD_VANITY_TITAN
titan's warhorse	SKIN_ARMORED_HORSE_TITAN
titanium ore	T5_ORE
titanium ore sample	T5_FURNITUREITEM_TROPHY_ORE
titanium steel bar	T5_METALBAR
tomb of the unknown	UNIQUE_FURNITUREITEM_ADC_GRAVE_A
tombstone victory emote charge	T1_KILL_EMOTE_TOMBSTONE_CHARGES_NONTRADABLE
tome of knowledge	T5_FURNITUREITEM_TROPHY_GENERAL
tornado in a bottle	T6_POTION_TORNADO
tracker's armor	UNIQUE_ARMOR_VANITY_TRACKER
tracker's boots	UNIQUE_SHOES_VANITY_TRACKER
tracker's hood	UNIQUE_HEAD_VANITY_TRACKER
tracker's horse	SKIN_HORSE_TRACKER
tracker's spear	UNIQUE_CAPE_VANITY_TRACKER
transport ox skin: auction house ox	UNIQUE_UNLOCK_SKIN_OX_BISON_AH_NON_TRADABLE
transport ox skin: black market ox	UNIQUE_UNLOCK_SKIN_OX_BLACKMARKET_NON_TRADABLE
transport ox skin: bountiful harvest ox	UNIQUE_UNLOCK_SKIN_OX_FARMER_AJ
transport ox skin: farmer's ox	UNIQUE_UNLOCK_SKIN_OX_FARMER_TELLAFRIEND
transport ox skin: heretic cart	UNIQUE_UNLOCK_SKIN_OX_CART_HERETIC
transport ox skin: legendary adventurer's cart	UNIQUE_UNLOCK_SKIN_OX_CART_STARTERPACK
transport ox skin: legendary explorer	UNIQUE_UNLOCK_SKIN_OX_FOUNDER_LEGENDARY
transport ox skin: luxury cart	UNIQUE_UNLOCK_SKIN_OX_CART_LUXUS_TELLAFRIEND
transport ox skin: ol' betsy	UNIQUE_UNLOCK_SKIN_OX_BETSY_TELLAFRIEND
transport ox skin: recruiter's bighorn ram	UNIQUE_UNLOCK_SKIN_OX_TRANSPORT_RAM_TELLAFRIEND
transport ox skin: recruiter's yak	UNIQUE_UNLOCK_SKIN_OX_YAK_TELLAFRIEND
transport ox skin: royal ox	UNIQUE_UNLOCK_SKIN_OX_BISON_ROYAL_NON_TRADABLE
transport ox skin: yuletide yak	UNIQUE_UNLOCK_SKIN_OX_XMAS_YAK_TELLAFRIEND
trash	T1_TRASH
travertine	T4_ROCK
travertine block	T4_STONEBLOCK
travertine fragment	T4_FURNITUREITEM_TROPHY_ROCK
tree stump with pumpkins	PLAYERISLAND_FURNITUREITEM_FARM_DECO_D
treeheart	T1_FACTION_FOREST_TOKEN_1
trophy shark	T8_FURNITUREITEM_TROPHY_FISHING_BOSS
troubadour's lute	UNIQUE_VANITY_2H_LUTE_MAGNIFICENT_AJ
trout trophy	T5_FURNITUREITEM_TROPHY_FISH
turnip salad	T4_MEAL_SALAD
turnip seeds	T4_FARM_TURNIP_SEED
turnips	T4_TURNIP
uncle frost's hat	UNIQUE_HEAD_XMAS
undead challenge chest	UNIQUE_LOOTCHEST_ADC_JUL2019
undead direwolf	SKIN_DIREWOLF_UNDEAD
undead knucklebone	QUESTITEM_TOKEN_UNDEAD
undead legs	UNIQUE_SHOES_VANITY_SKELETON_UNDEAD
undead ribcage	UNIQUE_ARMOR_VANITY_SKELETON_UNDEAD
undead skull	UNIQUE_HEAD_VANITY_SKELETON_UNDEAD
unicorn	SKIN_HORSE_UNICORN_WHITE_TELLAFRIEND
upland coldeye	T3_FISH_FRESHWATER_MOUNTAIN_RARE
upland coldeye pie	T3_MEAL_PIE_FISH
valkyrie's armor	UNIQUE_ARMOR_VANITY_VALKYRIE
valkyrie's boots	UNIQUE_SHOES_VANITY_VALKYRIE
valkyrie's cape	UNIQUE_CAPE_VANITY_VALKYRIE
valkyrie's direbear	SKIN_DIREBEAR_VALKYRIE
valkyrie's helmet	UNIQUE_HEAD_VANITY_VALKYRIE
valorous stone sigil	PLAYERISLAND_FURNITUREITEM_STONE_VALOR_EMBLEM_GROUND_B
veiled memento	UNIQUE_FURNITUREITEM_KILLTROPHY_MISTS_MEDIUM
vendetta's wrath	T8_2H_FIRESTAFF
venom basilisk	T7_MOUNT_ARMORED_SWAMPDRAGON_BATTLE
vibrant spring cottontail egg	T8_FARM_RABBIT_EASTER_BABY
victory pouch (arena)	T2_LOOTBAG_ARENA_WIN_BASIC_0
victory pouch (bronze i)	T2_LOOTBAG_ARENA_WIN_BASIC_BRONZE1
victory pouch (bronze ii)	T2_LOOTBAG_ARENA_WIN_BASIC_BRONZE2
victory pouch (bronze iii)	T2_LOOTBAG_ARENA_WIN_BASIC_BRONZE3
victory pouch (bronze iv)	T2_LOOTBAG_ARENA_WIN_BASIC_BRONZE4
victory pouch (crystal)	T2_LOOTBAG_ARENA_WIN_BASIC_CRYSTAL
victory pouch (gold i)	T2_LOOTBAG_ARENA_WIN_BASIC_GOLD1
victory pouch (gold ii)	T2_LOOTBAG_ARENA_WIN_BASIC_GOLD2
victory pouch (gold iii)	T2_LOOTBAG_ARENA_WIN_BASIC_GOLD3
victory pouch (gold iv)	T2_LOOTBAG_ARENA_WIN_BASIC_GOLD4
victory pouch (iron i)	T2_LOOTBAG_ARENA_WIN_BASIC_IRON1
victory pouch (iron ii)	T2_LOOTBAG_ARENA_WIN_BASIC_IRON2
victory pouch (iron iii)	T2_LOOTBAG_ARENA_WIN_BASIC_IRON3
victory pouch (iron iv)	T2_LOOTBAG_ARENA_WIN_BASIC_IRON4
victory pouch (silver i)	T2_LOOTBAG_ARENA_WIN_BASIC_SILVER1
victory pouch (silver ii)	T2_LOOTBAG_ARENA_WIN_BASIC_SILVER2
victory pouch (silver iii)	T2_LOOTBAG_ARENA_WIN_BASIC_SILVER3
victory pouch (silver iv)	T2_LOOTBAG_ARENA_WIN_BASIC_SILVER4
vineheart	T1_FACTION_SWAMP_TOKEN_1
voyager's cat	SKIN_COUGAR_TRAVELING_CAT_AJ
wanderer's lute	UNIQUE_VANITY_2H_LUTE_AJ
war beast	SKIN_DIREWOLF_BARBARIAN
war memento	UNIQUE_FURNITUREITEM_KILLTROPHY_OPENWORLD_LARGE
warden's armor	UNIQUE_ARMOR_VANITY_KICKSTART_2024
warden's axe	UNIQUE_CAPE_VANITY_KICKSTART_2024
warden's backpack	UNIQUE_BACKPACK_VANITY_KICKSTART
warden's boots	UNIQUE_SHOES_VANITY_KICKSTART_2024
warden's helmet	UNIQUE_HEAD_VANITY_KICKSTART_2024
warden's legendary armor	UNIQUE_ARMOR_VANITY_KICKSTART_2024_UPGRADE
warden's legendary axe	UNIQUE_CAPE_VANITY_KICKSTART_2024_UPGRADE
warden's legendary boots	UNIQUE_SHOES_VANITY_KICKSTART_2024_UPGRADE
warden's legendary helmet	UNIQUE_HEAD_VANITY_KICKSTART_2024_UPGRADE
warden's legendary steed	SKIN_HORSE_KICKSTART_2024_UPGRADE
warden's steed	SKIN_HORSE_KICKSTART_2024
wardrobe skin: academic biretta	UNIQUE_UNLOCK_VANITY_HEAD_TUTORIAL_COMPLETED_AJ
wardrobe skin: adventurer's helmet	UNIQUE_UNLOCK_HEAD_STARTERPACK_ELITE
wardrobe skin: adventurer's jacket	UNIQUE_UNLOCK_ARMOR_STARTERPACK_ELITE
wardrobe skin: adventurer's shoes	UNIQUE_UNLOCK_SHOES_STARTERPACK_ELITE
wardrobe skin: angry pumpkin head	UNIQUE_UNLOCK_HEAD_VANITY_PUMPKIN_03
wardrobe skin: arena gladiator armor	UNIQUE_UNLOCK_ARMOR_VANITY_GLADIATOR_ARENA
wardrobe skin: arena gladiator boots	UNIQUE_UNLOCK_SHOES_VANITY_GLADIATOR_ARENA
wardrobe skin: arena gladiator cape	UNIQUE_UNLOCK_CAPE_VANITY_GLADIATOR_ARENA
wardrobe skin: arena gladiator helm	UNIQUE_UNLOCK_HEAD_VANITY_GLADIATOR_ARENA
wardrobe skin: arena veteran's boots	UNIQUE_UNLOCK_SHOES_VANITY_ARENA_SET_01_COPY
wardrobe skin: arena veteran's cape	UNIQUE_UNLOCK_CAPE_VANITY_ARENA_SET_01_COPY
wardrobe skin: arena veteran's circlet	UNIQUE_UNLOCK_HEAD_VANITY_ARENA_SET_01_COPY
wardrobe skin: arena veteran's cloak	UNIQUE_UNLOCK_ARMOR_VANITY_ARENA_SET_01_COPY
wardrobe skin: arena veteran's eyepatch	UNIQUE_UNLOCK_HEAD_VANITY_ARENA_EYEPATCH_COPY
wardrobe skin: bard's hat	UNIQUE_UNLOCK_HEAD_VANITY_BARD_NON_TRADABLE
wardrobe skin: bard's shoes	UNIQUE_UNLOCK_SHOES_VANITY_BARD_NON_TRADABLE
wardrobe skin: bard's suit	UNIQUE_UNLOCK_ARMOR_VANITY_BARD_NON_TRADABLE
wardrobe skin: black sleeping cap	UNIQUE_UNLOCK_HEAD_VANITY_NIGHTGOWN_BLACK_NON_TRADABLE
wardrobe skin: blue bard's hat	UNIQUE_UNLOCK_HEAD_VANITY_BARD_BLUE_NON_TRADABLE
wardrobe skin: blue bard's shoes	UNIQUE_UNLOCK_SHOES_VANITY_BARD_BLUE_NON_TRADABLE
wardrobe skin: blue bard's suit	UNIQUE_UNLOCK_ARMOR_VANITY_BARD_BLUE_NON_TRADABLE
wardrobe skin: blue princess dress	UNIQUE_UNLOCK_ARMOR_VANITY_DRESS_BLUE_NON_TRADABLE
wardrobe skin: blue princess hat	UNIQUE_UNLOCK_HEAD_VANITY_DRESS_BLUE_NON_TRADABLE
wardrobe skin: blue princess shoes	UNIQUE_UNLOCK_SHOES_VANITY_DRESS_BLUE_NON_TRADABLE
wardrobe skin: bridal bouquet	UNIQUE_UNLOCK_OFF_VANITY_WEDDING_DRESS
wardrobe skin: bridal dress	UNIQUE_UNLOCK_ARMOR_VANITY_WEDDING_DRESS
wardrobe skin: bridal shoes	UNIQUE_UNLOCK_SHOES_VANITY_WEDDING_DRESS
wardrobe skin: bridal veil	UNIQUE_UNLOCK_HEAD_VANITY_WEDDING_DRESS
wardrobe skin: bunny stalker basket	UNIQUE_UNLOCK_BACKPACK_VANITY_EASTER
wardrobe skin: bunny stalker hat	UNIQUE_UNLOCK_HEAD_VANITY_EASTER_BROWN
wardrobe skin: bunny stalker overalls	UNIQUE_UNLOCK_ARMOR_VANITY_EASTER
wardrobe skin: bunny stalker shoes	UNIQUE_UNLOCK_SHOES_VANITY_EASTER
wardrobe skin: burp-o'-lantern	UNIQUE_UNLOCK_OFF_VANITY_PUMPKIN_SAD_NON_TRADABLE
wardrobe skin: champion's armor	UNIQUE_UNLOCK_ARMOR_VANITY_WARRIOR_KNIGHT
wardrobe skin: champion's boots	UNIQUE_UNLOCK_SHOES_VANITY_WARRIOR_KNIGHT
wardrobe skin: champion's sword and cape	UNIQUE_UNLOCK_CAPE_VANITY_WARRIOR_KNIGHT
wardrobe skin: champion's visage	UNIQUE_UNLOCK_HEAD_VANITY_WARRIOR_KNIGHT
wardrobe skin: crystal gladiator armor	UNIQUE_UNLOCK_ARMOR_VANITY_GLADIATOR_CRYSTAL
wardrobe skin: crystal gladiator boots	UNIQUE_UNLOCK_SHOES_VANITY_GLADIATOR_CRYSTAL
wardrobe skin: crystal gladiator cape	UNIQUE_UNLOCK_CAPE_VANITY_GLADIATOR_CRYSTAL
wardrobe skin: crystal gladiator helm	UNIQUE_UNLOCK_HEAD_VANITY_GLADIATOR_CRYSTAL
wardrobe skin: cube of fate	UNIQUE_UNLOCK_VANITY_MAIN_DICE_SIXSIDED_AJ
wardrobe skin: decadent robe	UNIQUE_UNLOCK_ARMOR_VANITY_WEALTHY_NOBLE_AJ
wardrobe skin: decorative keeper cloth cape	UNIQUE_UNLOCK_T6_CAPE_CLOTH_KEEPER
wardrobe skin: decorative keeper leather cape	UNIQUE_UNLOCK_T6_CAPE_LEATHER_KEEPER
wardrobe skin: decorative keeper platemail cape	UNIQUE_UNLOCK_T6_CAPE_PLATE_KEEPER
wardrobe skin: decorative morgana cloth cape	UNIQUE_UNLOCK_T6_CAPE_CLOTH_MORGANA
wardrobe skin: decorative morgana leather cape	UNIQUE_UNLOCK_T6_CAPE_LEATHER_MORGANA
wardrobe skin: decorative morgana platemail cape	UNIQUE_UNLOCK_T6_CAPE_PLATE_MORGANA
wardrobe skin: decorative undead cloth cape	UNIQUE_UNLOCK_T6_CAPE_CLOTH_UNDEAD
wardrobe skin: decorative undead leather cape	UNIQUE_UNLOCK_T6_CAPE_LEATHER_UNDEAD
wardrobe skin: decorative undead platemail cape	UNIQUE_UNLOCK_T6_CAPE_PLATE_UNDEAD
wardrobe skin: delightful straw hat	UNIQUE_UNLOCK_HEAD_VANITY_FARMER_COZY_AJ
wardrobe skin: demon skull	UNIQUE_UNLOCK_VANITY_2H_SKULL_DEMON_AJ
wardrobe skin: destiny's circlet	UNIQUE_UNLOCK_HEAD_VANITY_DESTINY_STONES_AJ
wardrobe skin: entertainer's costume	UNIQUE_UNLOCK_ARMOR_VANITY_ENTERTAINER_NON_TRADABLE
wardrobe skin: entertainer's mask	UNIQUE_UNLOCK_HEAD_VANITY_ENTERTAINER_NON_TRADABLE
wardrobe skin: entertainer's shoes	UNIQUE_UNLOCK_SHOES_VANITY_ENTERTAINER_NON_TRADABLE
wardrobe skin: exiled monk's hood	UNIQUE_UNLOCK_HEAD_VANITY_PRIEST_RED_NON_TRADABLE
wardrobe skin: exiled monk's robe	UNIQUE_UNLOCK_ARMOR_VANITY_PRIEST_RED_NON_TRADABLE
wardrobe skin: exiled monk's sandals	UNIQUE_UNLOCK_SHOES_VANITY_PRIEST_RED_NON_TRADABLE
wardrobe skin: exiled monk's walking staff	UNIQUE_UNLOCK_OFF_VANITY_PRIEST_RED_NON_TRADABLE
wardrobe skin: exorbitant robe	UNIQUE_UNLOCK_ARMOR_VANITY_VERY_WEALTHY_NOBLE_AJ
wardrobe skin: explorer's armor	UNIQUE_UNLOCK_ARMOR_FOUNDER_ELITE
wardrobe skin: explorer's boots	UNIQUE_UNLOCK_SHOES_FOUNDER_ELITE
wardrobe skin: explorer's hat	UNIQUE_UNLOCK_HEAD_FOUNDER_ELITE
wardrobe skin: fullfilled destiny's circlet	UNIQUE_UNLOCK_HEAD_VANITY_DESTINY_STONES_ADVANCED_AJ
wardrobe skin: glorious heraldic guidon	UNIQUE_UNLOCK_VANITY_2H_BANNER_GUIDON_GOLDEN_AJ
wardrobe skin: green navigator's boots	UNIQUE_UNLOCK_SHOES_VANITY_PIRATE_GREEN_NON_TRADABLE
wardrobe skin: green navigator's coat	UNIQUE_UNLOCK_ARMOR_VANITY_PIRATE_GREEN_NON_TRADABLE
wardrobe skin: green navigator's hat	UNIQUE_UNLOCK_HEAD_VANITY_PIRATE_GREEN_NON_TRADABLE
wardrobe skin: green princess dress	UNIQUE_UNLOCK_ARMOR_VANITY_DRESS_GREEN_NON_TRADABLE
wardrobe skin: green princess hat	UNIQUE_UNLOCK_HEAD_VANITY_DRESS_GREEN_NON_TRADABLE
wardrobe skin: green princess shoes	UNIQUE_UNLOCK_SHOES_VANITY_DRESS_GREEN_NON_TRADABLE
wardrobe skin: grinning pumpkin head	UNIQUE_UNLOCK_HEAD_VANITY_PUMPKIN_01
wardrobe skin: groom's cape	UNIQUE_UNLOCK_CAPE_VANITY_WEDDING_TUXEDO
wardrobe skin: groom's hat	UNIQUE_UNLOCK_HEAD_VANITY_WEDDING_TUXEDO
wardrobe skin: groom's shoes	UNIQUE_UNLOCK_SHOES_VANITY_WEDDING_TUXEDO
wardrobe skin: groom's suit	UNIQUE_UNLOCK_ARMOR_VANITY_WEDDING_TUXEDO
wardrobe skin: grump-o'-lantern	UNIQUE_UNLOCK_OFF_VANITY_PUMPKIN_ANGRY_NON_TRADABLE
wardrobe skin: harbinger's boots	UNIQUE_UNLOCK_SHOES_VANITY_DARK_SORCERER
wardrobe skin: harbinger's crown	UNIQUE_UNLOCK_HEAD_VANITY_DARK_SORCERER
wardrobe skin: harbinger's robes	UNIQUE_UNLOCK_ARMOR_VANITY_DARK_SORCERER
wardrobe skin: harbinger's staff and cape	UNIQUE_UNLOCK_CAPE_VANITY_DARK_SORCERER
wardrobe skin: heraldic guidon	UNIQUE_UNLOCK_VANITY_2H_BANNER_GUIDON_AJ
wardrobe skin: hyena cape	UNIQUE_UNLOCK_CAPE_VANITY_HYENA_NON_TRADABLE
wardrobe skin: hygienic boots	UNIQUE_UNLOCK_SHOES_VANITY_PLAGUEDOC
wardrobe skin: hygienic coat	UNIQUE_UNLOCK_ARMOR_VANITY_PLAGUEDOC
wardrobe skin: hygienic mask	UNIQUE_UNLOCK_HEAD_VANITY_PLAGUEDOC
wardrobe skin: icosahedron of fate	UNIQUE_UNLOCK_VANITY_MAIN_DICE_TWENTYSIDED_AJ
wardrobe skin: innkeeper's beer mug	UNIQUE_UNLOCK_OFF_VANITY_INNKEEPER_NON_TRADABLE
wardrobe skin: innkeeper's hat	UNIQUE_UNLOCK_HEAD_VANITY_INNKEEPER_NON_TRADABLE
wardrobe skin: innkeeper's shirt	UNIQUE_UNLOCK_ARMOR_VANITY_INNKEEPER_NON_TRADABLE
wardrobe skin: innkeeper's shoes	UNIQUE_UNLOCK_SHOES_VANITY_INNKEEPER_NON_TRADABLE
wardrobe skin: jester costume	UNIQUE_UNLOCK_ARMOR_VANITY_JESTER
wardrobe skin: jester mask	UNIQUE_UNLOCK_HEAD_VANITY_JESTER
wardrobe skin: jester shoes	UNIQUE_UNLOCK_SHOES_VANITY_JESTER
wardrobe skin: large arena banner	UNIQUE_UNLOCK_T8_CAPE_ARENA_BANNER_COPY
wardrobe skin: laughing skull	UNIQUE_UNLOCK_HEAD_VANITY_SKELETON
wardrobe skin: legbones	UNIQUE_UNLOCK_SHOES_VANITY_SKELETON
wardrobe skin: legendary adventurer's armor	UNIQUE_UNLOCK_ARMOR_STARTERPACK_LEGENDARY
wardrobe skin: legendary adventurer's boots	UNIQUE_UNLOCK_SHOES_STARTERPACK_LEGENDARY
wardrobe skin: legendary adventurer's cloak	UNIQUE_UNLOCK_CAPE_STARTERPACK_LEGENDARY
wardrobe skin: legendary adventurer's hat	UNIQUE_UNLOCK_HEAD_STARTERPACK_LEGENDARY
wardrobe skin: legendary explorer's armor	UNIQUE_UNLOCK_ARMOR_FOUNDER_LEGENDARY
wardrobe skin: legendary explorer's boots	UNIQUE_UNLOCK_SHOES_FOUNDER_LEGENDARY
wardrobe skin: legendary explorer's cloak	UNIQUE_UNLOCK_CAPE_FOUNDER_LEGENDARY
wardrobe skin: legendary explorer's hat	UNIQUE_UNLOCK_HEAD_FOUNDER_LEGENDARY
wardrobe skin: lovely straw hat	UNIQUE_UNLOCK_HEAD_VANITY_FARMER_AJ
wardrobe skin: malevolent helmet	UNIQUE_UNLOCK_HEAD_VANITY_SHADOW_HELMET_RED_AJ
wardrobe skin: master of bats cape	UNIQUE_UNLOCK_CAPE_TELLAFRIEND_BATRIDER
wardrobe skin: master of bats helmet	UNIQUE_UNLOCK_HEAD_TELLAFRIEND_BATRIDER
wardrobe skin: medium arena banner	UNIQUE_UNLOCK_T6_CAPE_ARENA_BANNER_COPY
wardrobe skin: monk's hood	UNIQUE_UNLOCK_HEAD_VANITY_PRIEST_NON_TRADABLE
wardrobe skin: monk's robe	UNIQUE_UNLOCK_ARMOR_VANITY_PRIEST_NON_TRADABLE
wardrobe skin: monk's sandals	UNIQUE_UNLOCK_SHOES_VANITY_PRIEST_NON_TRADABLE
wardrobe skin: monk's walking staff	UNIQUE_UNLOCK_OFF_VANITY_PRIEST_NON_TRADABLE
wardrobe skin: navigator's boots	UNIQUE_UNLOCK_SHOES_VANITY_PIRATE_NON_TRADABLE
wardrobe skin: navigator's coat	UNIQUE_UNLOCK_ARMOR_VANITY_PIRATE_NON_TRADABLE
wardrobe skin: navigator's cockatoo cage	UNIQUE_UNLOCK_OFF_VANITY_PIRATE_COCKATOO_NON_TRADABLE
wardrobe skin: navigator's green parrot cage	UNIQUE_UNLOCK_OFF_VANITY_PIRATE_GREEN_NON_TRADABLE
wardrobe skin: navigator's hat	UNIQUE_UNLOCK_HEAD_VANITY_PIRATE_NON_TRADABLE
wardrobe skin: navigator's parrot cage	UNIQUE_UNLOCK_OFF_VANITY_PIRATE_NON_TRADABLE
wardrobe skin: navigator's red parrot cage	UNIQUE_UNLOCK_OFF_VANITY_PIRATE_RED_NON_TRADABLE
wardrobe skin: noble knight's armor	UNIQUE_UNLOCK_ARMOR_VANITY_KNIGHT_AOCP_NON_TRADABLE
wardrobe skin: noble knight's cape	UNIQUE_UNLOCK_CAPE_VANITY_KNIGHT_AOCP_NON_TRADABLE
wardrobe skin: noble knight's helmet	UNIQUE_UNLOCK_HEAD_VANITY_KNIGHT_AOCP_NON_TRADABLE
wardrobe skin: noble knight's shoes	UNIQUE_UNLOCK_SHOES_VANITY_KNIGHT_AOCP_NON_TRADABLE
wardrobe skin: noblewoman's dress	UNIQUE_UNLOCK_ARMOR_VANITY_DRESS_BLACK_NON_TRADABLE
wardrobe skin: noblewoman's jewelry	UNIQUE_UNLOCK_HEAD_VANITY_DRESS_BLACK_NON_TRADABLE
wardrobe skin: noblewoman's shoes	UNIQUE_UNLOCK_SHOES_VANITY_DRESS_BLACK_NON_TRADABLE
wardrobe skin: ogronios banner	UNIQUE_UNLOCK_CAPE_TELLAFRIEND_BANNER_02
wardrobe skin: paragon's armor	UNIQUE_UNLOCK_ARMOR_VANITY_WARRIOR_KING
wardrobe skin: paragon's boots	UNIQUE_UNLOCK_SHOES_VANITY_WARRIOR_KING
wardrobe skin: paragon's crown	UNIQUE_UNLOCK_HEAD_VANITY_WARRIOR_KING
wardrobe skin: paragon's sword and cape	UNIQUE_UNLOCK_CAPE_VANITY_WARRIOR_KING
wardrobe skin: purple rich noble's doublet	UNIQUE_UNLOCK_ARMOR_VANITY_RICH_NOBLE_PURPLE_NON_TRADABLE
wardrobe skin: purple rich noble's footwear	UNIQUE_UNLOCK_SHOES_VANITY_RICH_NOBLE_PURPLE_NON_TRADABLE
wardrobe skin: purple rich noble's hat	UNIQUE_UNLOCK_HEAD_VANITY_RICH_NOBLE_PURPLE_NON_TRADABLE
wardrobe skin: ragged cape	UNIQUE_UNLOCK_CAPE_VANITY_SKELETON
wardrobe skin: ragged undead cape	UNIQUE_UNLOCK_CAPE_VANITY_SKELETON_UNDEAD
wardrobe skin: razor-sharp axe	UNIQUE_UNLOCK_VANITY_2H_MULTITOOL_OVERCHARGED_AJ
wardrobe skin: recruiter's ale mug	UNIQUE_UNLOCK_VANITY_MAIN_BEERMUG_02_TELLAFRIEND
wardrobe skin: recruiter's banner	UNIQUE_UNLOCK_CAPE_TELLAFRIEND_BANNER
wardrobe skin: recruiter's beer mug	UNIQUE_UNLOCK_VANITY_MAIN_BEERMUG_TELLAFRIEND
wardrobe skin: recruiter's cape	UNIQUE_UNLOCK_CAPE_TELLAFRIEND
wardrobe skin: recruiter's cape - rottweiler	UNIQUE_UNLOCK_CAPE_BLOODHOUND_TELLAFRIEND
wardrobe skin: recruiter's cape - toad	UNIQUE_UNLOCK_CAPE_TOAD_TELLAFRIEND
wardrobe skin: recruiter's fox crop	UNIQUE_UNLOCK_VANITY_MAIN_FOXCROP_TELLAFRIEND
wardrobe skin: recruiter's fur cape	UNIQUE_UNLOCK_CAPE_RAM_TELLAFRIEND
wardrobe skin: recruiter's grey wolf cape	UNIQUE_UNLOCK_CAPE_WOLF_GREY_TELLAFRIEND
wardrobe skin: recruiter's hunter horn	UNIQUE_UNLOCK_VANITY_MAIN_HORN_TELLAFRIEND
wardrobe skin: recruiter's portal cannon	UNIQUE_UNLOCK_VANITY_2H_PORTALGUN_TELLAFRIEND
wardrobe skin: recruiter's tiger cape	UNIQUE_UNLOCK_CAPE_TIGER_TELLAFRIEND
wardrobe skin: recruiter's trumpet	UNIQUE_UNLOCK_VANITY_MAIN_TRUMPET_TELLAFRIEND
wardrobe skin: red tulip dress	UNIQUE_UNLOCK_ARMOR_VANITY_DRESS_RED
wardrobe skin: red tulip hat	UNIQUE_UNLOCK_HEAD_VANITY_DRESS_RED
wardrobe skin: red tulip shoes	UNIQUE_UNLOCK_SHOES_VANITY_DRESS_RED
wardrobe skin: ribcage	UNIQUE_UNLOCK_ARMOR_VANITY_SKELETON
wardrobe skin: rich noble's doublet	UNIQUE_UNLOCK_ARMOR_VANITY_RICH_NOBLE
wardrobe skin: rich noble's footwear	UNIQUE_UNLOCK_SHOES_VANITY_RICH_NOBLE
wardrobe skin: rich noble's hat	UNIQUE_UNLOCK_HEAD_VANITY_RICH_NOBLE
wardrobe skin: riuros cape	UNIQUE_UNLOCK_CAPE_TELLAFRIEND_02
wardrobe skin: sad pumpkin head	UNIQUE_UNLOCK_HEAD_VANITY_PUMPKIN_02
wardrobe skin: sea captain's boots	UNIQUE_UNLOCK_SHOES_VANITY_FOUNDER_ASIA_CRYSTAL
wardrobe skin: sea captain's coat	UNIQUE_UNLOCK_ARMOR_VANITY_FOUNDER_ASIA_CRYSTAL
wardrobe skin: sea captain's hat	UNIQUE_UNLOCK_HEAD_VANITY_FOUNDER_ASIA_CRYSTAL
wardrobe skin: sea captain's spyglass	UNIQUE_UNLOCK_CAPE_VANITY_FOUNDER_ASIA_CRYSTAL
wardrobe skin: seafarer's bandana	UNIQUE_UNLOCK_HEAD_VANITY_FOUNDER_ASIA_GOLD
wardrobe skin: seafarer's boots	UNIQUE_UNLOCK_SHOES_VANITY_FOUNDER_ASIA_GOLD
wardrobe skin: seafarer's coat	UNIQUE_UNLOCK_ARMOR_VANITY_FOUNDER_ASIA_GOLD
wardrobe skin: seafarer's harpoon	UNIQUE_UNLOCK_CAPE_VANITY_FOUNDER_ASIA_GOLD
wardrobe skin: sharpened axe	UNIQUE_UNLOCK_VANITY_2H_MULTITOOL_AJ
wardrobe skin: sinister helmet	UNIQUE_UNLOCK_HEAD_VANITY_SHADOW_HELMET_ORANGE_AJ
wardrobe skin: sleeping cap	UNIQUE_UNLOCK_HEAD_VANITY_NIGHTGOWN_NON_TRADABLE
wardrobe skin: sleeping cap with bell	UNIQUE_UNLOCK_HEAD_VANITY_NIGHTGOWN_BELL_NON_TRADABLE
wardrobe skin: small arena banner	UNIQUE_UNLOCK_T4_CAPE_ARENA_BANNER_COPY
wardrobe skin: smuggler's boots	UNIQUE_UNLOCK_SHOES_VANITY_SMUGGLER
wardrobe skin: smuggler's cloak	UNIQUE_UNLOCK_CAPE_VANITY_SMUGGLER
wardrobe skin: smuggler's coat	UNIQUE_UNLOCK_ARMOR_VANITY_SMUGGLER
wardrobe skin: smuggler's hat	UNIQUE_UNLOCK_HEAD_VANITY_SMUGGLER
wardrobe skin: snack-o'-lantern	UNIQUE_UNLOCK_OFF_VANITY_PUMPKIN_HAPPY_NON_TRADABLE
wardrobe skin: snow bunny stalker hat	UNIQUE_UNLOCK_HEAD_VANITY_EASTER_WHITE
wardrobe skin: snow leopard cape	UNIQUE_UNLOCK_CAPE_VANITY_SNOWLEOPARD_NON_TRADABLE
wardrobe skin: staff of hermes	UNIQUE_UNLOCK_OFF_VANITY_CHARITY_MARCH2020
wardrobe skin: the eggsecutioner	UNIQUE_UNLOCK_UNIQUE_VANITY_2H_CHICKENGUN_EASTER
wardrobe skin: troubadour's lute	UNIQUE_UNLOCK_VANITY_2H_LUTE_MAGNIFICENT_AJ
wardrobe skin: uncle frost's hat	UNIQUE_UNLOCK_HEAD_XMAS
wardrobe skin: undead legs	UNIQUE_UNLOCK_SHOES_VANITY_SKELETON_UNDEAD
wardrobe skin: undead ribcage	UNIQUE_UNLOCK_ARMOR_VANITY_SKELETON_UNDEAD
wardrobe skin: undead skull	UNIQUE_UNLOCK_HEAD_VANITY_SKELETON_UNDEAD
wardrobe skin: wanderer's lute	UNIQUE_UNLOCK_VANITY_2H_LUTE_AJ
wardrobe skin: warden's armor	UNIQUE_UNLOCK_ARMOR_VANITY_KICKSTART_2024
wardrobe skin: warden's axe	UNIQUE_UNLOCK_CAPE_VANITY_KICKSTART_2024
wardrobe skin: warden's backpack	UNIQUE_UNLOCK_BACKPACK_VANITY_KICKSTART
wardrobe skin: warden's boots	UNIQUE_UNLOCK_SHOES_VANITY_KICKSTART_2024
wardrobe skin: warden's helmet	UNIQUE_UNLOCK_HEAD_VANITY_KICKSTART_2024
wardrobe skin: warden's legendary armor	UNIQUE_UNLOCK_ARMOR_VANITY_KICKSTART_2024_UPGRADE
wardrobe skin: warden's legendary axe	UNIQUE_UNLOCK_CAPE_VANITY_KICKSTART_2024_UPGRADE
wardrobe skin: warden's legendary boots	UNIQUE_UNLOCK_SHOES_VANITY_KICKSTART_2024_UPGRADE
wardrobe skin: warden's legendary helmet	UNIQUE_UNLOCK_HEAD_VANITY_KICKSTART_2024_UPGRADE
wardrobe skin: warlock's boots	UNIQUE_UNLOCK_SHOES_VANITY_DARK_NOVICE
wardrobe skin: warlock's circlet	UNIQUE_UNLOCK_HEAD_VANITY_DARK_NOVICE
wardrobe skin: warlock's robes	UNIQUE_UNLOCK_ARMOR_VANITY_DARK_NOVICE
wardrobe skin: warlock's staff and cape	UNIQUE_UNLOCK_CAPE_VANITY_DARK_NOVICE
wardrobe skin: wedding ring	UNIQUE_UNLOCK_OFF_VANITY_WEDDING_TUXEDO
wardrobe skin: yule backpack	UNIQUE_UNLOCK_BACKPACK_VANITY_SANTACLAUS
wardrobe skin: yule coat	UNIQUE_UNLOCK_ARMOR_VANITY_SANTACLAUS
wardrobe skin: yule hat	UNIQUE_UNLOCK_HEAD_VANITY_SANTACLAUS
wardrobe skin: yule shoes	UNIQUE_UNLOCK_SHOES_VANITY_SANTACLAUS
warlock's boots	UNIQUE_SHOES_VANITY_DARK_NOVICE
warlock's circlet	UNIQUE_HEAD_VANITY_DARK_NOVICE
warlock's robes	UNIQUE_ARMOR_VANITY_DARK_NOVICE
warlock's staff and cape	UNIQUE_CAPE_VANITY_DARK_NOVICE
warrior statue	PLAYERISLAND_FURNITUREITEM_STONE_STATUE_WARRIOR_B
wedding ring	UNIQUE_OFF_VANITY_WEDDING_TUXEDO
weeping woman statue	UNIQUE_FURNITUREITEM_ADC_GRIM_WEEPINGWOMAN
wheat seeds	T3_FARM_WHEAT_SEED
wheat soup	T3_MEAL_SOUP
wheelbarrow	PLAYERISLAND_FURNITUREITEM_FARM_FOODCONTAINER_MEDIUM
white direboar	SKIN_DIREBOAR_WHITE_TELLAFRIEND
whitefog snapper	T3_FISH_FRESHWATER_AVALON_RARE
whitewood bonsai	T8_FURNITUREITEM_TROPHY_WOOD
whitewood logs	T8_WOOD
whitewood planks	T8_PLANKS
wild boarlet	T5_FARM_DIREBOAR_FW_LYMHURST_BABY
winter bear cub	T5_FARM_DIREBEAR_FW_FORTSTERLING_BABY
wolf rider statue (l)	UNIQUE_FURNITUREITEM_ADC_STATUE_MOUNTED_DIREWOLF_A
wolf rider statue (r)	UNIQUE_FURNITUREITEM_ADC_STATUE_MOUNTED_DIREWOLF_B
wolf rug	UNIQUE_FURNITUREITEM_ADC_RUG_WOLF
wooden entrance	PLAYERISLAND_FURNITUREITEM_WOOD_GATE_A
wooden gate	PLAYERISLAND_FURNITUREITEM_WOOD_GATE_BIG_B
wooden sign	PLAYERISLAND_FURNITUREITEM_WOOD_FLOOR_SIGN_A
wooden watchtower	PLAYERISLAND_FURNITUREITEM_WOOD_FENCE_WATCHTOWER_A
worked leather	T4_LEATHER
yule backpack	UNIQUE_BACKPACK_VANITY_SANTACLAUS
yule coat	UNIQUE_ARMOR_VANITY_SANTACLAUS
yule hat	UNIQUE_HEAD_VANITY_SANTACLAUS
yule ram	UNIQUE_MOUNT_RAM_XMAS
yule shoes	UNIQUE_SHOES_VANITY_SANTACLAUS
yule stag	SKIN_GIANTSTAG_XMAS
yuletide candle	UNIQUE_FURNITUREITEM_XMAS_BRANCH_A
yuletide challenge chest	UNIQUE_LOOTCHEST_ADC_DEC2018
yuletide lantern	UNIQUE_FURNITUREITEM_XMAS_LANTERN
yuletide wreath	UNIQUE_FURNITUREITEM_XMAS_BRANCH_B
yuletide yak	SKIN_OX_XMAS_YAK_TELLAFRIEND
zander trophy	T6_FURNITUREITEM_TROPHY_FISH
zealot's cape	UNIQUE_CAPE_VANITY_ZEALOT
zealot's harness	UNIQUE_ARMOR_VANITY_ZEALOT
zealot's hood	UNIQUE_HEAD_VANITY_ZEALOT
zealot's shoes	UNIQUE_SHOES_VANITY_ZEALOT
